<?xml version="1.0" encoding="UTF-8"?>

<workflow> 
  <start to="dp_2" statusId="s_1"/>  
  <steps> 
    <step id="dp_2" stepNo="step01" stepGroup="" statusId="s_2" desc="新建工单" taskPolicy="ONLY" auto="false" acceptOver="0" dealOver="0" type="DEAL"> 
      <prefuncs> 
        <func id="0">defaultDefInFunction</func> 
      </prefuncs>  
      <actor id="actor" roleID="users" roleName="user" actorType="5" conditionsDesc=""/>  
      <actions> 
        <action id="0" name="提交审批" actionNo="TOADUIT" linkpri="1" assignTree="" remap="0"> 
          <to stepId="dp_3"/> 
        </action> 
      </actions>  
      <metas> 
        <meta id="0" name="CUSTOMACTIONS"/>  
        <meta id="1" name="FLAGASSIGN">0</meta>  
        <meta id="2" name="FLAGCANCEL">0</meta>  
        <meta id="3" name="FLAGCLOSE">0</meta>  
        <meta id="4" name="FLAGCOPY">0</meta>  
        <meta id="5" name="FLAGRECALL">0</meta>  
        <meta id="6" name="FLAGSAVE">0</meta>  
        <meta id="7" name="FLAGTOASSISTAUDITING">0</meta>  
        <meta id="8" name="FLAGTOAUDITING">0</meta>  
        <meta id="9" name="FLAGTRANSFER">0</meta>  
        <meta id="10" name="FLAGTURNUP">0</meta> 
      </metas>  
      <subflows> 
        <condition/> 
      </subflows>  
      <postfuncs> 
        <func id="0">defaultDefOutFunction</func> 
      </postfuncs> 
    </step>  
    <step id="dp_3" stepNo="step02" stepGroup="" statusId="s_3" desc="提交审批" taskPolicy="SHARE" auto="false" acceptOver="0" dealOver="0" type="DEAL"> 
      <prefuncs> 
        <func id="0">defaultDefInFunction</func> 
      </prefuncs>  
      <actor id="actor" roleID="ADUIT" roleName="ADUIT" actorType="5" conditionsDesc=""/>  
      <actions> 
        <action id="0" name="关闭" actionNo="CLOSE" linkpri="1" assignTree="" remap="0"> 
          <to endId="dp_1"/> 
        </action> 
      </actions>  
      <metas> 
        <meta id="0" name="CUSTOMACTIONS"/>  
        <meta id="1" name="FLAGASSIGN">0</meta>  
        <meta id="2" name="FLAGCANCEL">0</meta>  
        <meta id="3" name="FLAGCLOSE">0</meta>  
        <meta id="4" name="FLAGCOPY">0</meta>  
        <meta id="5" name="FLAGRECALL">0</meta>  
        <meta id="6" name="FLAGSAVE">0</meta>  
        <meta id="7" name="FLAGTOASSISTAUDITING">0</meta>  
        <meta id="8" name="FLAGTOAUDITING">0</meta>  
        <meta id="9" name="FLAGTRANSFER">0</meta>  
        <meta id="10" name="FLAGTURNUP">0</meta> 
      </metas>  
      <subflows> 
        <condition/> 
      </subflows>  
      <postfuncs> 
        <func id="0">defaultDefOutFunction</func> 
      </postfuncs> 
    </step> 
  </steps>  
  <splits/>  
  <joins/>  
  <ends> 
    <end id="dp_1" statusId="s_5"/> 
  </ends>  
  <statuses> 
    <status id="s_1" name="草稿"/>  
    <status id="s_2" name="处理中"/>  
    <status id="s_3" name="审批中"/>  
    <status id="s_5" name="已完成"/>  
    <status id="s_4" name="已关闭"/> 
  </statuses> 
</workflow>
