<?xml version="1.0" encoding="UTF-8"?>

<design type="flex"> 
  <processes> 
    <process id="dp_1" type="END" title="" content="" x="1080" y="107" sid="s_5" sname="已完成" imageurl="design/images/end.png" modelkey="null"/>  
    <process id="dp_2" type="STEP" title="新建工单" content="user" x="429" y="334" sid="s_2" sname="处理中" imageurl="design/images/step.png" modelkey="eomsModel"/>  
    <process id="dp_3" type="STEP" title="提交审批" content="ADUIT" x="759" y="284" sid="s_3" sname="审批中" imageurl="design/images/step.png" modelkey="eomsModel"/>  
    <process id="p_BEGIN" type="BEGIN" title="" content="" x="88" y="86" sid="s_1" sname="草稿" imageurl="design/images/start.png" modelkey="null"/> 
  </processes>  
  <links> 
    <link id="l_1" bprocess="p_BEGIN" eprocess="dp_2" type="LINK" bpoint="-1" epoint="-2" name="" actionNo="" linkpri="1" assignTree="" remap="0"/>  
    <link id="l_2" bprocess="dp_2" eprocess="dp_3" type="LINK" bpoint="2" epoint="-2" name="提交审批" actionNo="TOADUIT" linkpri="1" assignTree="" remap="0"/>  
    <link id="l_3" bprocess="dp_3" eprocess="dp_1" type="LINK" bpoint="2" epoint="-1" name="关闭" actionNo="CLOSE" linkpri="1" assignTree="" remap="0"/> 
  </links>  
  <statuses> 
    <status id="s_1" index="0" name="草稿" width="300" desc="草稿"/>  
    <status id="s_2" index="1" name="处理中" width="400" desc="处理中"/>  
    <status id="s_3" index="2" name="审批中" width="300" desc="审批中"/>  
    <status id="s_5" index="3" name="已完成" width="300" desc="已完成"/>  
    <status id="s_4" index="4" name="已关闭" width="300" desc="已关闭"/> 
  </statuses> 
</design>
