<?xml version="1.0" encoding="UTF-8"?>

<fields>
	<field id="54912deb0290235" label="是否需要灾备同步变更" fieldName="is_sync_backup" fieldType="SelectField" baseSchema="CDB_RELEASE" visiable="1" orderNum="75" hasDeploy="1" operate="add" parentID="545ede760530336" needSave="1" length="500" colspan="1" type="collect" typeResource="是:是,否:否"/>
	<field id="546f67ef07F0402" label="方案验证信息" fieldName="caseCheckInfo" fieldType="PanelField" baseSchema="CDB_RELEASE" visiable="1" orderNum="4" hasDeploy="1" operate="add" parentID="545edcff0530328"/>
	<field id="545f0ff90530449" fieldName="dealInforList" fieldType="ViewField" baseSchema="CDB_RELEASE" visiable="1" orderNum="1" hasDeploy="1" operate="add" parentID="545f0fd60530448" pageurl="${ctx}/workflow/sheet/query/BaseInfoViewBpp.jsp?baseschema=${displayCxt.baseSchema}&amp;baseid=${displayCxt.baseID}&amp;tplid=${displayCxt.defCode}" colspan="4" rowspan="30" type="frame"/>
	<field id="546f6b5507F0412" label="关闭人" fieldName="closeUser" fieldType="CharacterField" baseSchema="CDB_RELEASE" visiable="1" orderNum="10" hasDeploy="1" operate="add" parentID="546f687507F0404" needSave="1" length="100" colspan="1" rowspan="1" isClob="0"/>
	<field id="545edcff0530328" label="主页面_容器组" fieldName="sheetMain" fieldType="PanelGroupField" baseSchema="CDB_RELEASE" visiable="1" orderNum="1" hasDeploy="1" operate="add" parentID="545edccf0530327" titleVisible="1" colspan="4" type="panel"/>
	<field id="546f66bb07F0399" label="关联单号" fieldName="connBaseId" fieldType="CharacterField" baseSchema="CDB_RELEASE" visiable="1" orderNum="30" hasDeploy="1" operate="add" parentID="545ede760530336" needSave="1" length="500" colspan="1" rowspan="1" isClob="0"/>
	<field id="545f07940530392" label="发布说明" fieldName="releaseReason" fieldType="CharacterField" baseSchema="CDB_RELEASE" visiable="1" orderNum="350" hasDeploy="1" operate="add" parentID="545ede760530336" needSave="1" length="3999" colspan="4" rowspan="3" isClob="0"/>
	<field id="545f0dc70530439" label="关联工单" fieldName="sheetRelation" fieldType="PanelField" baseSchema="CDB_RELEASE" visiable="1" orderNum="5" hasDeploy="1" operate="add" parentID="545edcb10530326"/>
	<field id="54b289080CA0240" label="同步状态" fieldName="syncStatus" fieldType="HiddenField" baseSchema="CDB_RELEASE" visiable="0" orderNum="1000" hasDeploy="1" operate="add" parentID="546f68bf07F0405" needSave="1" defaultValue="0" length="200" colspan="1" rowspan="1"/>
	<field id="54c74ea503E1310" label="批次信息id" fieldName="batch_info_id" fieldType="HiddenField" baseSchema="CDB_RELEASE" visiable="0" orderNum="90" hasDeploy="1" operate="add" parentID="545ede760530336" needSave="1" length="100" colspan="1" rowspan="1"/>
	<field id="54ace4ee07F0213" fieldName="chgList" fieldType="ViewField" baseSchema="CDB_RELEASE" visiable="1" orderNum="500" hasDeploy="1" operate="add" parentID="545ede760530336" pageurl="${ctx}/business/releaseChgList.action?baseid=${displayCxt.fieldMap['BASEID']}&amp;recordViewFieldName=chgList" colspan="4" rowspan="8" type="include"/>
	<field id="546f687507F0404" label="回顾信息" fieldName="reviewInfo" fieldType="PanelField" baseSchema="CDB_RELEASE" visiable="1" orderNum="5" hasDeploy="1" operate="add" parentID="545edcff0530328"/>
	<field id="546f649207F0398" label="应用系统" fieldName="connBusSystem" fieldType="SelectField" baseSchema="CDB_RELEASE" visiable="1" orderNum="1" hasDeploy="1" operate="add" parentID="545ede760530336" needSave="1" length="100" colspan="1" type="table" typeResource=" bs_t_sm_commontree:fullname:fullname" paras="type='busSystem'"/>
	<field id="54912e5e0290237" label="对终端用户影响说明" fieldName="affect_user_end_desc" fieldType="CharacterField" baseSchema="CDB_RELEASE" visiable="1" orderNum="70" hasDeploy="1" operate="add" parentID="545ede760530336" needSave="1" length="2000" colspan="2" rowspan="1" isClob="0"/>
	<field id="546069e40531212" label="审批时间" fieldName="auditTime" fieldType="HiddenField" baseSchema="CDB_RELEASE" visiable="0" orderNum="11" hasDeploy="1" operate="add" parentID="546f68bf07F0405" needSave="1" length="100" colspan="1" rowspan="1"/>
	<field id="54606a9d0531216" label="实施时间" fieldName="finishTime" fieldType="HiddenField" baseSchema="CDB_RELEASE" visiable="0" orderNum="15" hasDeploy="1" operate="add" parentID="546f68bf07F0405" needSave="1" length="100" colspan="1" rowspan="1"/>
	<field id="545ef65d0530368" label="发布类型" fieldName="releaseType" fieldType="SelectField" baseSchema="CDB_RELEASE" visiable="1" orderNum="5" hasDeploy="1" operate="add" parentID="545ede760530336" needSave="1" defaultValue="重大发布" length="100" colspan="1" type="collect" typeResource="重大发布:重大发布"/>
	<field id="54912a0b0290230" label="发布原因" fieldName="release_reason" fieldType="SelectField" baseSchema="CDB_RELEASE" visiable="1" orderNum="35" hasDeploy="1" operate="add" parentID="545ede760530336" needSave="1" length="2000" colspan="1" type="sysdic" typeResource="release_reason"/>
	<field id="545f0a1e0530402" label="附件" fieldName="releaseAttache" fieldType="AttachmentField" baseSchema="CDB_RELEASE" visiable="1" orderNum="1" hasDeploy="1" operate="add" parentID="545f09e90530401"/>
	<field id="54c9c7e80CA0375" label="关联应用系统ID" fieldName="connBusSystemID" fieldType="HiddenField" baseSchema="CDB_RELEASE" visiable="0" orderNum="10" hasDeploy="1" operate="add" parentID="546f68bf07F0405" needSave="1" length="500" colspan="1" rowspan="1"/>
	<field id="54606af00531217" label="测试验证人" fieldName="testCheckUserID" fieldType="HiddenField" baseSchema="CDB_RELEASE" visiable="0" orderNum="16" hasDeploy="1" operate="add" parentID="546f68bf07F0405" needSave="1" defaultValue="${displayCxt.userInfo.loginName}" length="100" colspan="1" rowspan="1"/>
	<field id="545ef8ef0530381" label="发布状态" fieldName="releaseState" fieldType="SelectField" baseSchema="CDB_RELEASE" visiable="1" orderNum="10" hasDeploy="1" operate="add" parentID="545ede760530336" needSave="1" length="100" colspan="1" type="sysdic" typeResource="Release" paras="发布状态"/>
	<field id="546f673207F0401" label="发布部署方案" fieldName="buildCase" fieldType="CharacterField" baseSchema="CDB_RELEASE" visiable="1" orderNum="450" hasDeploy="1" operate="add" parentID="545ede760530336" needSave="1" length="4000" colspan="4" rowspan="3" isClob="0"/>
	<field id="54607b760532466" label="测试验证时间" fieldName="testCheckTime" fieldType="HiddenField" baseSchema="CDB_RELEASE" visiable="0" orderNum="17" hasDeploy="1" operate="add" parentID="546f68bf07F0405" needSave="1" length="100" colspan="1" rowspan="1"/>
	<field id="54607c600532477" label="回顾时间" fieldName="reviewTime" fieldType="HiddenField" baseSchema="CDB_RELEASE" visiable="0" orderNum="19" hasDeploy="1" operate="add" parentID="546f68bf07F0405" needSave="1" length="100" colspan="1" rowspan="1"/>
	<field id="54aceead07F0897" label="上次变更时间" fieldName="last_chg_time" fieldType="TimeField" baseSchema="CDB_RELEASE" visiable="1" orderNum="85" hasDeploy="1" operate="add" parentID="545ede760530336" needSave="1" length="15" colspan="1" timeFormat="yyyy-MM-dd HH:mm:ss"/>
	<field id="546f681307F0403" label="验证结果" fieldName="checkResult" fieldType="CharacterField" baseSchema="CDB_RELEASE" visiable="1" orderNum="1" hasDeploy="1" operate="add" parentID="546f67ef07F0402" needSave="1" length="4000" colspan="4" rowspan="3" isClob="0"/>
	<field id="545f09e90530401" label="附件列表" fieldName="attacheList" fieldType="PanelField" baseSchema="CDB_RELEASE" visiable="1" orderNum="10" hasDeploy="1" operate="add" parentID="545edcff0530328"/>
	<field id="54c7439b03E0287" label="批次信息" fieldName="batch_info" fieldType="SelectField" baseSchema="CDB_RELEASE" visiable="1" orderNum="88" hasDeploy="1" operate="add" parentID="545ede760530336" needSave="1" length="100" colspan="1" type="table" typeResource="BS_T_SM_BATCHCONF:batch_no||'['||max(reviewtime)||']':batch_no||'['||max(reviewtime)||']'" paras="1=1 and active= '1' group by batch_no,reviewtime order by reviewtime --"/>
	<field id="54912c000290231" label="发布类别" fieldName="release_type" fieldType="SelectField" baseSchema="CDB_RELEASE" visiable="1" orderNum="40" hasDeploy="1" operate="add" parentID="545ede760530336" needSave="1" length="2000" colspan="1" type="sysdic" typeResource="release_type"/>
	<field id="545eddcc0530332" label="请求人单位" fieldName="requestGroup" fieldType="CharacterField" baseSchema="CDB_RELEASE" visiable="1" orderNum="3" hasDeploy="1" operate="add" parentID="545edd420530329" needSave="1" defaultValue="${displayCxt.userInfo.cdbUnitName}" length="100" colspan="1" rowspan="1" isClob="0"/>
	<field id="5493ca8b0290246" label="影响系统id" fieldName="affect_system_id" fieldType="HiddenField" baseSchema="CDB_RELEASE" visiable="0" orderNum="54" hasDeploy="1" operate="add" parentID="545ede760530336" needSave="1" length="2000" colspan="1" rowspan="1"/>
	<field id="545ede390530335" label="请求人手机" fieldName="requestMobile" fieldType="CharacterField" baseSchema="CDB_RELEASE" visiable="1" orderNum="6" hasDeploy="1" operate="add" parentID="545edd420530329" needSave="1" defaultValue="${displayCxt.userInfo.mobile}" length="100" colspan="1" rowspan="1" isClob="0"/>
	<field id="546f66fc07F0400" label="配置相关信息变更说明" fieldName="connChangeDesc" fieldType="CharacterField" baseSchema="CDB_RELEASE" visiable="1" orderNum="400" hasDeploy="1" operate="add" parentID="545ede760530336" needSave="1" length="4000" colspan="4" rowspan="3" isClob="0"/>
	<field id="546f6c6d07F0417" fieldName="dealrecordinfo" fieldType="ViewField" baseSchema="CDB_RELEASE" visiable="1" orderNum="1" hasDeploy="1" operate="add" parentID="546f6c3407F0416" pageurl="${ctx}/wfrecord/showWfRecords.action?baseschema=${displayCxt.baseSchema}&amp;baseid=${displayCxt.baseID}&amp;recordViewFieldName=deal_records" colspan="4" rowspan="5" type="include"/>
	<field id="54912ee30290238" label="实施联系人" fieldName="impl_contact" fieldType="CharacterField" baseSchema="CDB_RELEASE" visiable="1" orderNum="86" hasDeploy="1" operate="add" parentID="545ede760530336" needSave="1" length="500" colspan="1" rowspan="1" isClob="0"/>
	<field id="545f08940530395" label="实施及验证信息" fieldName="executeInfo" fieldType="PanelField" baseSchema="CDB_RELEASE" visiable="1" orderNum="5" hasDeploy="1" operate="add" parentID="545edcff0530328"/>
	<field id="545f08fc0530397" label="实际完成时间" fieldName="realFinishTime" fieldType="TimeField" baseSchema="CDB_RELEASE" visiable="1" orderNum="2" hasDeploy="1" operate="add" parentID="545f08940530395" needSave="1" length="15" colspan="1" timeFormat="yyyy-MM-dd HH:mm:ss"/>
	<field id="547049ea07F0440" label="审批受理时间" fieldName="auditAcceptTime" fieldType="TimeField" baseSchema="CDB_RELEASE" visiable="1" orderNum="12" hasDeploy="1" operate="add" parentID="546f68bf07F0405" needSave="1" length="15" colspan="1" timeFormat="yyyy-MM-dd HH:mm:ss"/>
	<field id="54606a890531215" label="实施人ID" fieldName="finishUserID" fieldType="HiddenField" baseSchema="CDB_RELEASE" visiable="0" orderNum="14" hasDeploy="1" operate="add" parentID="546f68bf07F0405" needSave="1" defaultValue="${displayCxt.userInfo.loginName}" length="100" colspan="1" rowspan="1"/>
	<field id="54912c350290232" label="风险程度" fieldName="risk_level" fieldType="SelectField" baseSchema="CDB_RELEASE" visiable="1" orderNum="45" hasDeploy="1" operate="add" parentID="545ede760530336" needSave="1" length="1000" colspan="1" type="sysdic" typeResource="release_riskLevel"/>
	<field id="546f6c3407F0416" label="处理记录" fieldName="dealRecord" fieldType="PanelField" baseSchema="CDB_RELEASE" visiable="1" orderNum="20" hasDeploy="1" operate="add" parentID="545edcff0530328"/>
	<field id="5460696a0531198" label="方案验证时间" fieldName="caseCheckTime" fieldType="HiddenField" baseSchema="CDB_RELEASE" visiable="0" orderNum="9" hasDeploy="1" operate="add" parentID="546f68bf07F0405" needSave="1" length="100" colspan="1" rowspan="1"/>
	<field id="546f6ac507F0410" label="通知CMDB更新" fieldName="cmdbReload" fieldType="SelectField" baseSchema="CDB_RELEASE" visiable="1" orderNum="1" hasDeploy="1" operate="add" parentID="546f687507F0404" needSave="1" length="20" colspan="1" type="collect" typeResource="是:是,否:否"/>
	<field id="54704a5107F0443" label="需要审批次数" fieldName="allAuditTime" fieldType="CharacterField" baseSchema="CDB_RELEASE" visiable="1" orderNum="21" hasDeploy="1" operate="add" parentID="546f68bf07F0405" needSave="1" length="20" colspan="1" rowspan="1" isClob="0"/>
	<field id="545f0fd60530448" label="流程记录" fieldName="sheetDealInfo" fieldType="PanelField" baseSchema="CDB_RELEASE" visiable="1" orderNum="3" hasDeploy="1" operate="add" parentID="545edcb10530326"/>
	<field id="54912cef0290233" label="对上下游系统影响" fieldName="affect_udstream_system" fieldType="SelectField" baseSchema="CDB_RELEASE" visiable="1" orderNum="50" hasDeploy="1" operate="add" parentID="545ede760530336" needSave="1" length="1000" colspan="1" type="collect" typeResource="是:是,否:否"/>
	<field id="545f08d60530396" label="实际开始时间" fieldName="realStartTime" fieldType="TimeField" baseSchema="CDB_RELEASE" visiable="1" orderNum="1" hasDeploy="1" operate="add" parentID="545f08940530395" needSave="1" length="15" colspan="1" timeFormat="yyyy-MM-dd HH:mm:ss"/>
	<field id="5473f50f07F2497" label="基本结论" fieldName="baseResult" fieldType="CharacterField" baseSchema="CDB_RELEASE" visiable="1" orderNum="5" hasDeploy="1" operate="add" parentID="546f687507F0404" needSave="1" length="100" colspan="1" rowspan="1" isClob="0"/>
	<field id="545eddfd0530333" label="请求人OA号" fieldName="requestOA" fieldType="CharacterField" baseSchema="CDB_RELEASE" visiable="1" orderNum="4" hasDeploy="1" operate="add" parentID="545edd420530329" needSave="1" defaultValue="${displayCxt.userInfo.loginName}" length="100" colspan="1" rowspan="1" isClob="0"/>
	<field id="545f09890530399" label="验证结果" fieldName="releaseResultStatus" fieldType="CharacterField" baseSchema="CDB_RELEASE" visiable="1" orderNum="4" hasDeploy="1" operate="add" parentID="545f08940530395" needSave="1" length="4000" colspan="4" rowspan="3" isClob="0"/>
	<field id="547049bb07F0439" label="方案验证受理时间" fieldName="caseAcceptTime" fieldType="TimeField" baseSchema="CDB_RELEASE" visiable="1" orderNum="9" hasDeploy="1" operate="add" parentID="546f68bf07F0405" needSave="1" length="15" colspan="1" timeFormat="yyyy-MM-dd HH:mm:ss"/>
	<field id="54912e190290236" label="对终端用户的影响" fieldName="affect_user_end" fieldType="SelectField" baseSchema="CDB_RELEASE" visiable="1" orderNum="65" hasDeploy="1" operate="add" parentID="545ede760530336" needSave="1" length="500" colspan="1" type="collect" typeResource="是:是,否:否"/>
	<field id="545ede260530334" label="请求人邮件" fieldName="requestEmail" fieldType="CharacterField" baseSchema="CDB_RELEASE" visiable="1" orderNum="5" hasDeploy="1" operate="add" parentID="545edd420530329" needSave="1" defaultValue="${displayCxt.userInfo.email}" length="100" colspan="1" rowspan="1" isClob="0"/>
	<field id="546f68bf07F0405" label="隐藏域" fieldName="hiddenArea" fieldType="PanelField" baseSchema="CDB_RELEASE" visiable="1" orderNum="100" hasDeploy="1" operate="add" parentID="545edcff0530328"/>
	<field id="545edcb10530326" label="工单主体部分" fieldName="PG_Main" fieldType="PanelGroupField" baseSchema="CDB_RELEASE" visiable="1" orderNum="0" hasDeploy="1" operate="add" parentID="main" titleVisible="1" colspan="8" type="tab"/>
	<field id="54705a8107F2588" label="审批次数" fieldName="auditTimes" fieldType="CharacterField" baseSchema="CDB_RELEASE" visiable="1" orderNum="22" hasDeploy="1" operate="add" parentID="546f68bf07F0405" needSave="1" length="10" colspan="1" rowspan="1" isClob="0"/>
	<field id="54606a020531213" label="评审人ID" fieldName="organizeUserID" fieldType="HiddenField" baseSchema="CDB_RELEASE" visiable="0" orderNum="12" hasDeploy="1" operate="add" parentID="546f68bf07F0405" needSave="1" defaultValue="${displayCxt.userInfo.loginName}" length="100" colspan="1" rowspan="1"/>
	<field id="545f33b40530418" label="修订人" fieldName="reviseUserId" fieldType="HiddenField" baseSchema="CDB_RELEASE" visiable="0" orderNum="6" hasDeploy="1" operate="add" parentID="546f68bf07F0405" needSave="1" defaultValue="${displayCxt.userInfo.loginName}" length="200" colspan="1" rowspan="1"/>
	<field id="54912f0a0290239" label="灾备环境变更时间" fieldName="backup_env_chg_time" fieldType="TimeField" baseSchema="CDB_RELEASE" visiable="1" orderNum="80" hasDeploy="1" operate="add" parentID="545ede760530336" needSave="1" length="15" colspan="1" timeFormat="yyyy-MM-dd HH:mm:ss"/>
	<field id="545ef9790530383" label="计划完成时间" fieldName="planFinishTime" fieldType="TimeField" baseSchema="CDB_RELEASE" visiable="1" orderNum="25" hasDeploy="1" operate="add" parentID="545ede760530336" needSave="1" length="15" colspan="1" timeFormat="yyyy-MM-dd HH:mm:ss"/>
	<field id="545ef95a0530382" label="计划开始时间" fieldName="planStartTime" fieldType="TimeField" baseSchema="CDB_RELEASE" visiable="1" orderNum="20" hasDeploy="1" operate="add" parentID="545ede760530336" needSave="1" length="15" colspan="1" timeFormat="yyyy-MM-dd HH:mm:ss"/>
	<field id="545edd420530329" label="申请人信息" fieldName="requestInfo" fieldType="PanelField" baseSchema="CDB_RELEASE" visiable="1" orderNum="1" hasDeploy="1" operate="add" parentID="545edcff0530328"/>
	<field id="545f0f6f0530447" fieldName="sheetRelations" fieldType="ViewField" baseSchema="CDB_RELEASE" visiable="1" orderNum="2" hasDeploy="1" operate="add" parentID="545f0dc70530439" pageurl="${ctx}/relatesheet/list.action?baseSchema=${displayCxt.fieldMap['BASESCHEMA']}&amp;baseId=${displayCxt.fieldMap['BASEID']}&amp;baseSn=${displayCxt.fieldMap['BASESN']}&amp;relateSchema=PBCCRC_CHANGE,PBCCRC_PROBLEM&amp;taskId=${displayCxt.taskID}&amp;status=${displayCxt.fieldMap['BASESTATUS']}&amp;flagActive=${displayCxt.currentTask.flagActive}&amp;RelateData=1" colspan="4" rowspan="20" type="frame"/>
	<field id="5460890a0530464" label="标题" fieldName="baseSummary" fieldType="CharacterField" baseSchema="CDB_RELEASE" visiable="1" orderNum="0" hasDeploy="1" operate="add" parentID="545edccf0530327" needSave="1" length="2000" colspan="4" rowspan="1" isClob="0"/>
	<field id="545f095a0530398" label="实施记录" fieldName="exeRollback" fieldType="CharacterField" baseSchema="CDB_RELEASE" visiable="1" orderNum="3" hasDeploy="1" operate="add" parentID="545f08940530395" needSave="1" length="3999" colspan="4" rowspan="3" isClob="0"/>
	<field id="545edccf0530327" label="工单信息" fieldName="sheetMainInfo" fieldType="PanelField" baseSchema="CDB_RELEASE" visiable="1" orderNum="1" hasDeploy="1" operate="add" parentID="545edcb10530326"/>
	<field id="545edda30530331" label="请求人部门" fieldName="requestDept" fieldType="CharacterField" baseSchema="CDB_RELEASE" visiable="1" orderNum="2" hasDeploy="1" operate="add" parentID="545edd420530329" needSave="1" defaultValue="${displayCxt.userInfo.depName}" length="100" colspan="1" rowspan="1" isClob="0"/>
	<field id="546069cc0531211" label="审批人ID" fieldName="auditUserID" fieldType="HiddenField" baseSchema="CDB_RELEASE" visiable="0" orderNum="10" hasDeploy="1" operate="add" parentID="546f68bf07F0405" needSave="1" defaultValue="${displayCxt.userInfo.loginName}" length="100" colspan="1" rowspan="1"/>
	<field id="5470b51007F0702" label="验证受理时间" fieldName="testAcceptTime" fieldType="TimeField" baseSchema="CDB_RELEASE" visiable="0" orderNum="17" hasDeploy="1" operate="add" parentID="545f08940530395" needSave="1" length="15" colspan="1" timeFormat="yyyy-MM-dd HH:mm:ss"/>
	<field id="5484fe100290242" label="方案编写受理时间" fieldName="editAcceptTime" fieldType="HiddenField" baseSchema="CDB_RELEASE" visiable="0" orderNum="0" hasDeploy="1" operate="add" parentID="545ede760530336" needSave="1" length="20" colspan="1" rowspan="1"/>
	<field id="54acea9607F0792" label="期望上线日期" fieldName="expectationTime" fieldType="TimeField" baseSchema="CDB_RELEASE" visiable="1" orderNum="27" hasDeploy="1" operate="add" parentID="545ede760530336" needSave="1" length="15" colspan="1" timeFormat="yyyy-MM-dd HH:mm:ss"/>
	<field id="545ede760530336" label="基本信息" fieldName="baseInfo" fieldType="PanelField" baseSchema="CDB_RELEASE" visiable="1" orderNum="2" hasDeploy="1" operate="add" parentID="545edcff0530328"/>
	<field id="54607c3d0532476" label="回顾人ID" fieldName="reviewUserId" fieldType="HiddenField" baseSchema="CDB_RELEASE" visiable="0" orderNum="18" hasDeploy="1" operate="add" parentID="546f68bf07F0405" needSave="1" defaultValue="${displayCxt.userInfo.loginName}" length="100" colspan="1" rowspan="1"/>
	<field id="546069400531197" label="方案验证人ID" fieldName="caseCheckUserID" fieldType="HiddenField" baseSchema="CDB_RELEASE" visiable="0" orderNum="8" hasDeploy="1" operate="add" parentID="546f68bf07F0405" needSave="1" defaultValue="${displayCxt.userInfo.loginName}" length="100" colspan="1" rowspan="1"/>
	<field id="546f6b8507F0413" label="关闭时间" fieldName="closeTime" fieldType="TimeField" baseSchema="CDB_RELEASE" visiable="0" orderNum="20" hasDeploy="1" operate="add" parentID="546f687507F0404" needSave="1" length="15" colspan="1" timeFormat="yyyy-MM-dd HH:mm:ss"/>
	<field id="54704a2c07F0442" label="实施受理时间" fieldName="realAcceptTime" fieldType="TimeField" baseSchema="CDB_RELEASE" visiable="1" orderNum="15" hasDeploy="1" operate="add" parentID="545f08940530395" needSave="1" length="15" colspan="1" timeFormat="yyyy-MM-dd HH:mm:ss"/>
	<field id="546077790531747" label="修订时间" fieldName="reviseTime" fieldType="HiddenField" baseSchema="CDB_RELEASE" visiable="0" orderNum="7" hasDeploy="1" operate="add" parentID="546f68bf07F0405" needSave="1" length="200" colspan="1" rowspan="1"/>
	<field id="54704a0807F0441" label="评审受理时间" fieldName="organizeAcceptTime" fieldType="TimeField" baseSchema="CDB_RELEASE" visiable="1" orderNum="13" hasDeploy="1" operate="add" parentID="546f68bf07F0405" needSave="1" length="15" colspan="1" timeFormat="yyyy-MM-dd HH:mm:ss"/>
	<field id="54606a1e0531214" label="评审时间" fieldName="organizeTime" fieldType="HiddenField" baseSchema="CDB_RELEASE" visiable="0" orderNum="13" hasDeploy="1" operate="add" parentID="546f68bf07F0405" needSave="1" length="100" colspan="1" rowspan="1"/>
	<field id="546f6baa07F0414" label="关闭人登陆名" fieldName="closeUserID" fieldType="CharacterField" baseSchema="CDB_RELEASE" visiable="0" orderNum="25" hasDeploy="1" operate="add" parentID="546f687507F0404" needSave="1" length="100" colspan="1" rowspan="1" isClob="0"/>
	<field id="545edd7f0530330" label="请求人" fieldName="requestUser" fieldType="CharacterField" baseSchema="CDB_RELEASE" visiable="1" orderNum="1" hasDeploy="1" operate="add" parentID="545edd420530329" needSave="1" defaultValue="${displayCxt.userInfo.fullName}" length="100" colspan="1" rowspan="1" isClob="0"/>
	<field id="54912d5f0290234" label="影响系统" fieldName="affect_system" fieldType="CharacterField" baseSchema="CDB_RELEASE" visiable="1" orderNum="55" hasDeploy="1" operate="add" parentID="545ede760530336" needSave="1" length="2000" colspan="1" rowspan="1" isClob="0"/>
	<field id="547053df07F1657" label="审批意见" fieldName="step_sug" fieldType="SelectField" baseSchema="CDB_RELEASE" visiable="1" orderNum="35" hasDeploy="1" operate="add" parentID="action" needSave="1" length="50" colspan="1" type="collect" typeResource="修订方案:修订方案,否决:否决"/>
	<field id="548696c50291230" label="其它参会人" fieldName="other_canhui_person" fieldType="CharacterField" baseSchema="CDB_RELEASE" visiable="1" orderNum="33" hasDeploy="1" operate="add" parentID="action" needSave="1" length="2000" colspan="1" rowspan="1" isClob="0"/>
	<field id="546f6e9707F0424" label="审批人" fieldName="auditAgainUser" fieldType="AssignTreeField" baseSchema="CDB_RELEASE" visiable="1" orderNum="30" hasDeploy="1" operate="add" parentID="action" singleSelect="1" rowspan="1" colspan="1" action="RENEXT" next="1"/>
	<field id="546f6d8e07F0421" label="处理组ID" fieldName="dealGroup" fieldType="CharacterField" baseSchema="CDB_RELEASE" visiable="1" orderNum="10" hasDeploy="1" operate="add" parentID="action" needSave="1" length="100" colspan="1" rowspan="1" isClob="0"/>
	<field id="546f6f1807F0427" label="基本结论" fieldName="step_baseresult" fieldType="SelectField" baseSchema="CDB_RELEASE" visiable="1" orderNum="45" hasDeploy="1" operate="add" parentID="action" needSave="1" defaultValue="取消" length="100" colspan="1" type="collect" typeResource="成功:成功,部分成功:部分成功,失败:失败,取消:取消"/>
	<field id="546f6e4e07F0422" label="处理人" fieldName="view_dealUser" fieldType="SelectField" baseSchema="CDB_RELEASE" visiable="1" orderNum="15" hasDeploy="1" operate="add" parentID="action" needSave="1" length="500" colspan="1" type="collect" typeResource=" "/>
	<field id="546f6d0907F0418" label="是否升级" fieldName="auditAgain" fieldType="CollectField" baseSchema="CDB_RELEASE" visiable="1" orderNum="1" hasDeploy="1" operate="add" parentID="action" needSave="1" length="10" colspan="1" type="collect" rowspan="1" typeResource="是:是" showType="checkbox"/>
	<field id="546f6d6607F0420" label="处理组" fieldName="view_dealGroup" fieldType="CharacterField" baseSchema="CDB_RELEASE" visiable="1" orderNum="5" hasDeploy="1" operate="add" parentID="action" needSave="1" length="4000" colspan="1" rowspan="1" isClob="0"/>
	<field id="545f3e080531332" label="审批意见" fieldName="AuditDesc" fieldType="CharacterField" baseSchema="CDB_RELEASE" visiable="1" orderNum="2" hasDeploy="1" operate="add" parentID="action" needSave="1" length="3000" colspan="4" rowspan="3" isClob="0"/>
	<field id="546f6eeb07F0426" label="通知CMDB更新" fieldName="step_cmdbupload" fieldType="SelectField" baseSchema="CDB_RELEASE" visiable="1" orderNum="40" hasDeploy="1" operate="add" parentID="action" needSave="1" length="100" colspan="1" type="collect" typeResource="是:是,否:否"/>
	<field id="546f6e7307F0423" label="处理人ID" fieldName="dealUser" fieldType="CharacterField" baseSchema="CDB_RELEASE" visiable="1" orderNum="25" hasDeploy="1" operate="add" parentID="action" needSave="1" length="100" colspan="1" rowspan="1" isClob="0"/>
	<field id="546f718807F0455" label="通知" fieldName="notify" fieldType="CollectField" baseSchema="CDB_RELEASE" visiable="1" orderNum="55" hasDeploy="1" operate="add" parentID="action" needSave="1" length="100" colspan="4" type="collect" rowspan="1" typeResource="短信:短信,邮件:邮件" showType="checkbox"/>
	<field id="54868e300291073" label="评审会参会人id" fieldName="audit_huican_person_id" fieldType="HiddenField" baseSchema="CDB_RELEASE" visiable="0" orderNum="0" hasDeploy="1" operate="add" parentID="action" needSave="1" length="2000" colspan="1" rowspan="1"/>
	<field id="54865f750290432" label="评审时间" fieldName="review_time" fieldType="TimeField" baseSchema="CDB_RELEASE" visiable="1" orderNum="30" hasDeploy="1" operate="add" parentID="action" needSave="1" length="15" colspan="1" timeFormat="yyyy-MM-dd HH:mm:ss"/>
	<field id="548662390290653" label="评审会参会人" fieldName="audit_huican_person" fieldType="CharacterField" baseSchema="CDB_RELEASE" visiable="1" orderNum="32" hasDeploy="1" operate="add" parentID="action" needSave="1" length="2000" colspan="1" rowspan="1" isClob="0"/>
	<field id="546f6d3507F0419" label="审批意见" fieldName="auditSug" fieldType="LabelField" baseSchema="CDB_RELEASE" visiable="1" orderNum="2" hasDeploy="1" operate="add" parentID="action" colspan="4" rowspan="3"/>
	<field id="546f6f3807F0428" label="处理意见" fieldName="dealDesc" fieldType="CharacterField" baseSchema="CDB_RELEASE" visiable="1" orderNum="50" hasDeploy="1" operate="add" parentID="action" needSave="1" length="4000" colspan="4" rowspan="3" isClob="0"/>
</fields>
