<?xml version="1.0" encoding="UTF-8"?>

<steps>
	<step id="545c770407F0295" stepNo="step_6" baseSchema="CDB_RELEASE" description="实施" roleName="实施" roleID="excute" roleProcessRoleType="5" actionType="DEAL" taskPolicy="ONLY" acceptOver="0" dealOver="0" hasDeploy="1" operate="add" hasSubFlow="0">
		<fieldrels>
			<fieldrel id="54607b3a0532457" stepNo="step_6" baseSchema="CDB_RELEASE" fieldID="545f09890530399" visiable="1" required="0" fieldType="CharacterField"/>
			<fieldrel id="54607b3a0532453" stepNo="step_6" baseSchema="CDB_RELEASE" fieldID="545f08940530395" visiable="1" required="0" fieldType="PanelField"/>
			<fieldrel id="54607d5f0532686" stepNo="step_6" baseSchema="CDB_RELEASE" fieldID="54606a890531215" visiable="1" required="0" fieldType="HiddenField"/>
			<fieldrel id="54607b3a0532454" stepNo="step_6" baseSchema="CDB_RELEASE" fieldID="545f08d60530396" visiable="1" required="1" fieldType="TimeField"/>
			<fieldrel id="54607d5f0532687" stepNo="step_6" baseSchema="CDB_RELEASE" fieldID="54606a9d0531216" visiable="0" required="0" fieldType="HiddenField"/>
			<fieldrel id="54607b3a0532456" stepNo="step_6" baseSchema="CDB_RELEASE" fieldID="545f095a0530398" visiable="1" required="1" fieldType="CharacterField"/>
			<fieldrel id="5470b44e07F0533" stepNo="step_6" baseSchema="CDB_RELEASE" fieldID="54704a2c07F0442" visiable="0" required="0" fieldType="TimeField"/>
			<fieldrel id="54607b3a0532455" stepNo="step_6" baseSchema="CDB_RELEASE" fieldID="545f08fc0530397" visiable="1" required="1" fieldType="TimeField"/>
		</fieldrels>
		<actions>
			<action id="545f25150530894" stepNo="step_6" baseSchema="CDB_RELEASE" label="实施完成" actionName="finished" actionType="NEXT" isFree="0" hasNext="1" description="实施完成" isClose="1" hasDeploy="1" operate="add">
				<fieldrels>
					<fieldrel id="546f727707F0482" stepNo="step_6" baseSchema="CDB_RELEASE" actionName="finished" fieldID="546f6e7307F0423" visiable="0" required="0" fieldType="CharacterField"/>
					<fieldrel id="546f727707F0479" stepNo="step_6" baseSchema="CDB_RELEASE" actionName="finished" fieldID="546f6d6607F0420" visiable="1" required="1" fieldType="CharacterField"/>
					<fieldrel id="546f727707F0480" stepNo="step_6" baseSchema="CDB_RELEASE" actionName="finished" fieldID="546f6d8e07F0421" visiable="0" required="0" fieldType="CharacterField"/>
					<fieldrel id="546f727707F0484" stepNo="step_6" baseSchema="CDB_RELEASE" actionName="finished" fieldID="546f718807F0455" visiable="1" required="0" fieldType="CollectField"/>
					<fieldrel id="546f727707F0483" stepNo="step_6" baseSchema="CDB_RELEASE" actionName="finished" fieldID="546f6f3807F0428" visiable="1" required="0" fieldType="CharacterField"/>
					<fieldrel id="546f727707F0481" stepNo="step_6" baseSchema="CDB_RELEASE" actionName="finished" fieldID="546f6e4e07F0422" visiable="1" required="0" fieldType="SelectField"/>
				</fieldrels>
			</action>
			<action id="550794c503E0726" stepNo="step_6" baseSchema="CDB_RELEASE" label="实施取消" actionName="implementCancel" actionType="NEXT" isFree="0" hasNext="1" description="实施取消" isClose="1" hasDeploy="0" operate="add">
				<fieldrels>
					<fieldrel id="55079e7003E3192" stepNo="step_6" baseSchema="CDB_RELEASE" actionName="implementCancel" fieldID="546f6f1807F0427" visiable="1" required="1" fieldType="SelectField"/>
					<fieldrel id="550794d003E0727" stepNo="step_6" baseSchema="CDB_RELEASE" actionName="implementCancel" fieldID="546f6f3807F0428" visiable="1" required="1" fieldType="CharacterField"/>
				</fieldrels>
			</action>
		</actions>
	</step>
	<step id="545c76f107F0294" stepNo="step_5" baseSchema="CDB_RELEASE" description="评审" roleName="评审" roleID="organizeAudit" roleProcessRoleType="5" actionType="DEAL" taskPolicy="ONLY" acceptOver="0" dealOver="0" hasDeploy="1" operate="add" hasSubFlow="0">
		<fieldrels>
			<fieldrel id="5473f56e07F2502" stepNo="step_5" baseSchema="CDB_RELEASE" fieldID="546f6b5507F0412" visiable="1" required="0" fieldType="CharacterField"/>
			<fieldrel id="5461f39e0531288" stepNo="step_5" baseSchema="CDB_RELEASE" fieldID="54606a1e0531214" visiable="0" required="0" fieldType="HiddenField"/>
			<fieldrel id="5461f39e0531287" stepNo="step_5" baseSchema="CDB_RELEASE" fieldID="54606a020531213" visiable="0" required="0" fieldType="HiddenField"/>
			<fieldrel id="5473f56e07F2504" stepNo="step_5" baseSchema="CDB_RELEASE" fieldID="546f6baa07F0414" visiable="0" required="0" fieldType="CharacterField"/>
			<fieldrel id="5473f56e07F2499" stepNo="step_5" baseSchema="CDB_RELEASE" fieldID="546f687507F0404" visiable="0" required="0" fieldType="PanelField"/>
			<fieldrel id="5473f56e07F2503" stepNo="step_5" baseSchema="CDB_RELEASE" fieldID="546f6b8507F0413" visiable="0" required="0" fieldType="TimeField"/>
			<fieldrel id="5473f56e07F2500" stepNo="step_5" baseSchema="CDB_RELEASE" fieldID="546f6ac507F0410" visiable="1" required="0" fieldType="SelectField"/>
			<fieldrel id="5470b0bf07F0391" stepNo="step_5" baseSchema="CDB_RELEASE" fieldID="54704a0807F0441" visiable="0" required="0" fieldType="TimeField"/>
			<fieldrel id="5473f56e07F2501" stepNo="step_5" baseSchema="CDB_RELEASE" fieldID="5473f50f07F2497" visiable="1" required="0" fieldType="CharacterField"/>
			<fieldrel id="54d9aa8f03E0482" stepNo="step_5" baseSchema="CDB_RELEASE" fieldID="54c7439b03E0287" visiable="1" required="0" fieldType="SelectField"/>
			<fieldrel id="54d9aa8f03E0483" stepNo="step_5" baseSchema="CDB_RELEASE" fieldID="54c74ea503E1310" visiable="1" required="0" fieldType="HiddenField"/>
		</fieldrels>
		<actions>
			<action id="545f243f0530880" stepNo="step_5" baseSchema="CDB_RELEASE" label="评审通过" actionName="organizeAuditPass" actionType="NEXT" isFree="0" hasNext="1" description="评审通过，提交实施" isClose="1" hasDeploy="1" operate="add">
				<fieldrels>
					<fieldrel id="5470b12707F0509" stepNo="step_5" baseSchema="CDB_RELEASE" actionName="organizeAuditPass" fieldID="546f6e4e07F0422" visiable="1" required="0" fieldType="SelectField"/>
					<fieldrel id="548a416b0290229" stepNo="step_5" baseSchema="CDB_RELEASE" actionName="organizeAuditPass" fieldID="548696c50291230" visiable="1" required="0" fieldType="CharacterField"/>
					<fieldrel id="5470b12707F0507" stepNo="step_5" baseSchema="CDB_RELEASE" actionName="organizeAuditPass" fieldID="546f6d6607F0420" visiable="1" required="1" fieldType="CharacterField"/>
					<fieldrel id="5470b12707F0513" stepNo="step_5" baseSchema="CDB_RELEASE" actionName="organizeAuditPass" fieldID="546f6f1807F0427" visiable="0" required="0" fieldType="SelectField"/>
					<fieldrel id="54865f990290542" stepNo="step_5" baseSchema="CDB_RELEASE" actionName="organizeAuditPass" fieldID="54865f750290432" visiable="1" required="1" fieldType="TimeField"/>
					<fieldrel id="548a416b0290227" stepNo="step_5" baseSchema="CDB_RELEASE" actionName="organizeAuditPass" fieldID="54868e300291073" visiable="1" required="1" fieldType="HiddenField"/>
					<fieldrel id="5470b12707F0510" stepNo="step_5" baseSchema="CDB_RELEASE" actionName="organizeAuditPass" fieldID="546f6e7307F0423" visiable="0" required="0" fieldType="CharacterField"/>
					<fieldrel id="5470b17107F0515" stepNo="step_5" baseSchema="CDB_RELEASE" actionName="organizeAuditPass" fieldID="546f6f3807F0428" visiable="1" required="0" fieldType="CharacterField"/>
					<fieldrel id="548a416b0290228" stepNo="step_5" baseSchema="CDB_RELEASE" actionName="organizeAuditPass" fieldID="548662390290653" visiable="1" required="1" fieldType="CharacterField"/>
					<fieldrel id="5470b12707F0508" stepNo="step_5" baseSchema="CDB_RELEASE" actionName="organizeAuditPass" fieldID="546f6d8e07F0421" visiable="0" required="0" fieldType="CharacterField"/>
					<fieldrel id="5470b12707F0512" stepNo="step_5" baseSchema="CDB_RELEASE" actionName="organizeAuditPass" fieldID="546f6eeb07F0426" visiable="0" required="0" fieldType="SelectField"/>
					<fieldrel id="5470b12707F0514" stepNo="step_5" baseSchema="CDB_RELEASE" actionName="organizeAuditPass" fieldID="546f718807F0455" visiable="1" required="0" fieldType="CollectField"/>
				</fieldrels>
			</action>
			<action id="54f80c7a03E3500" stepNo="step_5" baseSchema="CDB_RELEASE" label="保存" actionName="save1" actionType="SAVE" isFree="0" hasNext="0" description="保存" isClose="0" hasDeploy="1" operate="add">
				<fieldrels/>
			</action>
			<action id="545f246b0530881" stepNo="step_5" baseSchema="CDB_RELEASE" label="评审不通过" actionName="organizeAuditUnpass" actionType="NEXT" isFree="0" hasNext="1" description="评审不通过" isClose="1" hasDeploy="1" operate="add">
				<fieldrels>
					<fieldrel id="5473e50f07F1562" stepNo="step_5" baseSchema="CDB_RELEASE" actionName="organizeAuditUnpass" fieldID="546f6f1807F0427" visiable="0" required="0" fieldType="SelectField"/>
					<fieldrel id="5473e48707F1403" stepNo="step_5" baseSchema="CDB_RELEASE" actionName="organizeAuditUnpass" fieldID="546f6f3807F0428" visiable="1" required="1" fieldType="CharacterField"/>
					<fieldrel id="5473e50f07F1561" stepNo="step_5" baseSchema="CDB_RELEASE" actionName="organizeAuditUnpass" fieldID="546f6eeb07F0426" visiable="0" required="0" fieldType="SelectField"/>
				</fieldrels>
			</action>
		</actions>
	</step>
	<step id="545c76c807F0292" stepNo="step_3" baseSchema="CDB_RELEASE" description="方案验证" roleName="方案验证" roleID="step_3" roleProcessRoleType="5" actionType="DEAL" taskPolicy="ONLY" acceptOver="0" dealOver="0" hasDeploy="1" operate="add" hasSubFlow="0">
		<fieldrels>
			<fieldrel id="54607d1a0532675" stepNo="step_3" baseSchema="CDB_RELEASE" fieldID="545f09e90530401" visiable="1" required="0" fieldType="PanelField"/>
			<fieldrel id="54607d1a0532679" stepNo="step_3" baseSchema="CDB_RELEASE" fieldID="545f0fd60530448" visiable="1" required="0" fieldType="PanelField"/>
			<fieldrel id="54607d0f0532673" stepNo="step_3" baseSchema="CDB_RELEASE" fieldID="546069400531197" visiable="1" required="0" fieldType="HiddenField"/>
			<fieldrel id="54607d1a0532676" stepNo="step_3" baseSchema="CDB_RELEASE" fieldID="545f0a1e0530402" visiable="1" required="0" fieldType="AttachmentField"/>
			<fieldrel id="547041ff07F0663" stepNo="step_3" baseSchema="CDB_RELEASE" fieldID="546f687507F0404" visiable="0" required="0" fieldType="PanelField"/>
			<fieldrel id="546f704f07F0451" stepNo="step_3" baseSchema="CDB_RELEASE" fieldID="546f681307F0403" visiable="1" required="1" fieldType="CharacterField"/>
			<fieldrel id="54704a8107F0444" stepNo="step_3" baseSchema="CDB_RELEASE" fieldID="547049bb07F0439" visiable="0" required="0" fieldType="TimeField"/>
			<fieldrel id="54607d0f0532674" stepNo="step_3" baseSchema="CDB_RELEASE" fieldID="5460696a0531198" visiable="0" required="0" fieldType="HiddenField"/>
			<fieldrel id="547041ff07F0664" stepNo="step_3" baseSchema="CDB_RELEASE" fieldID="546f67ef07F0402" visiable="1" required="0" fieldType="PanelField"/>
			<fieldrel id="5470422707F0769" stepNo="step_3" baseSchema="CDB_RELEASE" fieldID="545f08940530395" visiable="0" required="0" fieldType="PanelField"/>
		</fieldrels>
		<actions>
			<action id="545f23d20530879" stepNo="step_3" baseSchema="CDB_RELEASE" label="验证不通过" actionName="check2back" actionType="NEXT" isFree="0" hasNext="1" description="验证不通过，退回方案编写人" isClose="1" hasDeploy="1" operate="add">
				<fieldrels>
					<fieldrel id="546f721107F0468" stepNo="step_3" baseSchema="CDB_RELEASE" actionName="check2back" fieldID="546f6f3807F0428" visiable="1" required="1" fieldType="CharacterField"/>
					<fieldrel id="546f721107F0469" stepNo="step_3" baseSchema="CDB_RELEASE" actionName="check2back" fieldID="546f718807F0455" visiable="1" required="0" fieldType="CollectField"/>
				</fieldrels>
			</action>
			<action id="545f21580530876" stepNo="step_3" baseSchema="CDB_RELEASE" label="验证通过" actionName="check2audit" actionType="NEXT" isFree="0" hasNext="1" description="方案验证通过，提交审批" isClose="1" hasDeploy="1" operate="add">
				<fieldrels>
					<fieldrel id="546f71fa07F0466" stepNo="step_3" baseSchema="CDB_RELEASE" actionName="check2audit" fieldID="546f6f3807F0428" visiable="1" required="0" fieldType="CharacterField"/>
					<fieldrel id="546f71fa07F0467" stepNo="step_3" baseSchema="CDB_RELEASE" actionName="check2audit" fieldID="546f718807F0455" visiable="1" required="0" fieldType="CollectField"/>
					<fieldrel id="546f71fa07F0464" stepNo="step_3" baseSchema="CDB_RELEASE" actionName="check2audit" fieldID="546f6e4e07F0422" visiable="1" required="0" fieldType="SelectField"/>
					<fieldrel id="546f71fa07F0465" stepNo="step_3" baseSchema="CDB_RELEASE" actionName="check2audit" fieldID="546f6e7307F0423" visiable="0" required="0" fieldType="CharacterField"/>
					<fieldrel id="546f71fa07F0462" stepNo="step_3" baseSchema="CDB_RELEASE" actionName="check2audit" fieldID="546f6d6607F0420" visiable="1" required="1" fieldType="CharacterField"/>
					<fieldrel id="546f71fa07F0463" stepNo="step_3" baseSchema="CDB_RELEASE" actionName="check2audit" fieldID="546f6d8e07F0421" visiable="0" required="0" fieldType="CharacterField"/>
				</fieldrels>
			</action>
		</actions>
	</step>
	<step id="545c76b207F0291" stepNo="step_2" baseSchema="CDB_RELEASE" description="方案编写" roleName="编写" roleID="edit" roleProcessRoleType="1" actionType="DEAL" taskPolicy="ONLY" acceptOver="0" dealOver="0" hasDeploy="1" operate="add" hasSubFlow="0">
		<fieldrels>
			<fieldrel id="5470570507F2022" stepNo="step_2" baseSchema="CDB_RELEASE" fieldID="54704a5107F0443" visiable="1" required="0" fieldType="CharacterField"/>
			<fieldrel id="545f387a0530855" stepNo="step_2" baseSchema="CDB_RELEASE" fieldID="545f0a1e0530402" visiable="1" required="0" fieldType="AttachmentField"/>
			<fieldrel id="5481bd230290803" stepNo="step_2" baseSchema="CDB_RELEASE" fieldID="546f673207F0401" visiable="1" required="1" fieldType="CharacterField"/>
			<fieldrel id="547039c507F0476" stepNo="step_2" baseSchema="CDB_RELEASE" fieldID="546f687507F0404" visiable="0" required="0" fieldType="PanelField"/>
			<fieldrel id="5470392707F0221" stepNo="step_2" baseSchema="CDB_RELEASE" fieldID="545ede760530336" visiable="1" required="1" fieldType="PanelField"/>
			<fieldrel id="547039ac07F0475" stepNo="step_2" baseSchema="CDB_RELEASE" fieldID="545f08940530395" visiable="0" required="0" fieldType="PanelField"/>
			<fieldrel id="545f387a0530854" stepNo="step_2" baseSchema="CDB_RELEASE" fieldID="545f09e90530401" visiable="1" required="0" fieldType="PanelField"/>
			<fieldrel id="545f387a0530851" stepNo="step_2" baseSchema="CDB_RELEASE" fieldID="545f0f6f0530447" visiable="1" required="0" fieldType="ViewField"/>
			<fieldrel id="54607cfe0532671" stepNo="step_2" baseSchema="CDB_RELEASE" fieldID="545f33b40530418" visiable="1" required="0" fieldType="HiddenField"/>
			<fieldrel id="5470392707F0231" stepNo="step_2" baseSchema="CDB_RELEASE" fieldID="546f67ef07F0402" visiable="0" required="0" fieldType="PanelField"/>
			<fieldrel id="5470395f07F0369" stepNo="step_2" baseSchema="CDB_RELEASE" fieldID="545edccf0530327" visiable="1" required="1" fieldType="PanelField"/>
			<fieldrel id="5470392707F0214" stepNo="step_2" baseSchema="CDB_RELEASE" fieldID="545edd420530329" visiable="1" required="1" fieldType="PanelField"/>
			<fieldrel id="545f387a0530850" stepNo="step_2" baseSchema="CDB_RELEASE" fieldID="545f0dc70530439" visiable="1" required="0" fieldType="PanelField"/>
			<fieldrel id="545f387a0530852" stepNo="step_2" baseSchema="CDB_RELEASE" fieldID="545f0fd60530448" visiable="1" required="0" fieldType="PanelField"/>
			<fieldrel id="54607cfe0532672" stepNo="step_2" baseSchema="CDB_RELEASE" fieldID="546077790531747" visiable="1" required="0" fieldType="HiddenField"/>
			<fieldrel id="545f387a0530853" stepNo="step_2" baseSchema="CDB_RELEASE" fieldID="545f0ff90530449" visiable="1" required="0" fieldType="ViewField"/>
			<fieldrel id="54b3357503E1011" stepNo="step_2" baseSchema="CDB_RELEASE" fieldID="54aceead07F0897" visiable="1" required="0" fieldType="TimeField"/>
			<fieldrel id="5484fe210290348" stepNo="step_2" baseSchema="CDB_RELEASE" fieldID="5484fe100290242" visiable="1" required="0" fieldType="HiddenField"/>
		</fieldrels>
		<actions>
			<action id="545f209e0530874" stepNo="step_2" baseSchema="CDB_RELEASE" label="提交验证" actionName="caseCheck" actionType="NEXT" isFree="0" hasNext="1" description="提交验证人进行方案验证" isClose="1" hasDeploy="1" operate="add">
				<fieldrels>
					<fieldrel id="546f71cf07F0459" stepNo="step_2" baseSchema="CDB_RELEASE" actionName="caseCheck" fieldID="546f6e7307F0423" visiable="0" required="0" fieldType="CharacterField"/>
					<fieldrel id="546f71cf07F0461" stepNo="step_2" baseSchema="CDB_RELEASE" actionName="caseCheck" fieldID="546f718807F0455" visiable="1" required="0" fieldType="CollectField"/>
					<fieldrel id="546f71cf07F0458" stepNo="step_2" baseSchema="CDB_RELEASE" actionName="caseCheck" fieldID="546f6e4e07F0422" visiable="1" required="0" fieldType="SelectField"/>
					<fieldrel id="546f71cf07F0456" stepNo="step_2" baseSchema="CDB_RELEASE" actionName="caseCheck" fieldID="546f6d6607F0420" visiable="1" required="1" fieldType="CharacterField"/>
					<fieldrel id="546f71cf07F0460" stepNo="step_2" baseSchema="CDB_RELEASE" actionName="caseCheck" fieldID="546f6f3807F0428" visiable="1" required="0" fieldType="CharacterField"/>
					<fieldrel id="546f71cf07F0457" stepNo="step_2" baseSchema="CDB_RELEASE" actionName="caseCheck" fieldID="546f6d8e07F0421" visiable="0" required="0" fieldType="CharacterField"/>
				</fieldrels>
			</action>
			<action id="5481bdcf0290914" stepNo="step_2" baseSchema="CDB_RELEASE" label="退回" actionName="ToBack" actionType="NEXT" isFree="0" hasNext="1" description="退回" isClose="1" hasDeploy="1" operate="add">
				<fieldrels>
					<fieldrel id="5481be170291079" stepNo="step_2" baseSchema="CDB_RELEASE" actionName="ToBack" fieldID="546f6f3807F0428" visiable="1" required="1" fieldType="CharacterField"/>
					<fieldrel id="5484ffb80290592" stepNo="step_2" baseSchema="CDB_RELEASE" actionName="ToBack" fieldID="546f718807F0455" visiable="1" required="0" fieldType="CollectField"/>
				</fieldrels>
			</action>
			<action id="5473cdc107F0248" stepNo="step_2" baseSchema="CDB_RELEASE" label="保存" actionName="SAVE" actionType="SAVE" isFree="0" hasNext="0" description="仅保存当前表单" isClose="0" hasDeploy="1" operate="add">
				<fieldrels/>
			</action>
		</actions>
	</step>
	<step id="545c76dc07F0293" stepNo="step_4" baseSchema="CDB_RELEASE" description="审批" roleName="审批" roleID="audit" roleProcessRoleType="5" actionType="DEAL" taskPolicy="ONLY" acceptOver="0" dealOver="0" hasDeploy="1" operate="add" hasSubFlow="0">
		<fieldrels>
			<fieldrel id="547054be07F1774" stepNo="step_4" baseSchema="CDB_RELEASE" fieldID="546f6baa07F0414" visiable="1" required="0" fieldType="CharacterField"/>
			<fieldrel id="5473f52507F2498" stepNo="step_4" baseSchema="CDB_RELEASE" fieldID="5473f50f07F2497" visiable="1" required="0" fieldType="CharacterField"/>
			<fieldrel id="547054be07F1768" stepNo="step_4" baseSchema="CDB_RELEASE" fieldID="54607c3d0532476" visiable="1" required="0" fieldType="HiddenField"/>
			<fieldrel id="54607d330532683" stepNo="step_4" baseSchema="CDB_RELEASE" fieldID="546069e40531212" visiable="0" required="0" fieldType="HiddenField"/>
			<fieldrel id="547054be07F1773" stepNo="step_4" baseSchema="CDB_RELEASE" fieldID="546f6b8507F0413" visiable="1" required="0" fieldType="TimeField"/>
			<fieldrel id="54704c5307F0871" stepNo="step_4" baseSchema="CDB_RELEASE" fieldID="545f08940530395" visiable="0" required="0" fieldType="PanelField"/>
			<fieldrel id="547054be07F1770" stepNo="step_4" baseSchema="CDB_RELEASE" fieldID="546f6ac507F0410" visiable="1" required="0" fieldType="SelectField"/>
			<fieldrel id="5470529f07F1310" stepNo="step_4" baseSchema="CDB_RELEASE" fieldID="54704a5107F0443" visiable="0" required="0" fieldType="CharacterField"/>
			<fieldrel id="54607d330532682" stepNo="step_4" baseSchema="CDB_RELEASE" fieldID="546069cc0531211" visiable="0" required="0" fieldType="HiddenField"/>
			<fieldrel id="54704c2207F0755" stepNo="step_4" baseSchema="CDB_RELEASE" fieldID="547049ea07F0440" visiable="0" required="0" fieldType="TimeField"/>
			<fieldrel id="547054be07F1769" stepNo="step_4" baseSchema="CDB_RELEASE" fieldID="54607c600532477" visiable="1" required="0" fieldType="HiddenField"/>
			<fieldrel id="547054be07F1772" stepNo="step_4" baseSchema="CDB_RELEASE" fieldID="546f6b5507F0412" visiable="1" required="0" fieldType="CharacterField"/>
			<fieldrel id="54704c5307F0870" stepNo="step_4" baseSchema="CDB_RELEASE" fieldID="546f687507F0404" visiable="0" required="0" fieldType="PanelField"/>
			<fieldrel id="54705a9607F2589" stepNo="step_4" baseSchema="CDB_RELEASE" fieldID="54705a8107F2588" visiable="0" required="0" fieldType="CharacterField"/>
		</fieldrels>
		<actions>
			<action id="545f23290530878" stepNo="step_4" baseSchema="CDB_RELEASE" label="审批不通过" actionName="auditUnPass" actionType="NEXT" isFree="0" hasNext="1" description="审批不通过" isClose="1" hasDeploy="1" operate="add">
				<fieldrels>
					<fieldrel id="5470531307F1445" stepNo="step_4" baseSchema="CDB_RELEASE" actionName="auditUnPass" fieldID="546f6f1807F0427" visiable="0" required="0" fieldType="SelectField"/>
					<fieldrel id="5470540507F1658" stepNo="step_4" baseSchema="CDB_RELEASE" actionName="auditUnPass" fieldID="547053df07F1657" visiable="1" required="1" fieldType="SelectField"/>
					<fieldrel id="5470531307F1444" stepNo="step_4" baseSchema="CDB_RELEASE" actionName="auditUnPass" fieldID="546f6eeb07F0426" visiable="0" required="0" fieldType="SelectField"/>
					<fieldrel id="546f726207F0478" stepNo="step_4" baseSchema="CDB_RELEASE" actionName="auditUnPass" fieldID="546f6f3807F0428" visiable="1" required="1" fieldType="CharacterField"/>
				</fieldrels>
			</action>
			<action id="545f22cf0530877" stepNo="step_4" baseSchema="CDB_RELEASE" label="审批通过" actionName="auditPassed" actionType="NEXT" isFree="0" hasNext="1" description="审批通过" isClose="1" hasDeploy="1" operate="add">
				<fieldrels>
					<fieldrel id="546f723c07F0477" stepNo="step_4" baseSchema="CDB_RELEASE" actionName="auditPassed" fieldID="546f718807F0455" visiable="1" required="0" fieldType="CollectField"/>
					<fieldrel id="546f723c07F0472" stepNo="step_4" baseSchema="CDB_RELEASE" actionName="auditPassed" fieldID="546f6e4e07F0422" visiable="1" required="0" fieldType="SelectField"/>
					<fieldrel id="546f723c07F0471" stepNo="step_4" baseSchema="CDB_RELEASE" actionName="auditPassed" fieldID="546f6d8e07F0421" visiable="0" required="0" fieldType="CharacterField"/>
					<fieldrel id="547051a207F1085" stepNo="step_4" baseSchema="CDB_RELEASE" actionName="auditPassed" fieldID="546f6d0907F0418" visiable="0" required="0" fieldType="CollectField"/>
					<fieldrel id="54705a0307F2478" stepNo="step_4" baseSchema="CDB_RELEASE" actionName="auditPassed" fieldID="546f6f3807F0428" visiable="1" required="0" fieldType="CharacterField"/>
					<fieldrel id="546f723c07F0470" stepNo="step_4" baseSchema="CDB_RELEASE" actionName="auditPassed" fieldID="546f6d6607F0420" visiable="1" required="1" fieldType="CharacterField"/>
					<fieldrel id="546f723c07F0474" stepNo="step_4" baseSchema="CDB_RELEASE" actionName="auditPassed" fieldID="546f6e9707F0424" visiable="0" required="0" fieldType="AssignTreeField"/>
					<fieldrel id="546f723c07F0473" stepNo="step_4" baseSchema="CDB_RELEASE" actionName="auditPassed" fieldID="546f6e7307F0423" visiable="0" required="0" fieldType="CharacterField"/>
				</fieldrels>
			</action>
		</actions>
	</step>
	<step id="545c769707F0290" stepNo="step_1" baseSchema="CDB_RELEASE" description="新建" roleName="新建" roleID="createUser" roleProcessRoleType="5" actionType="DEAL" taskPolicy="SHARE" acceptOver="0" dealOver="0" hasDeploy="1" operate="add" hasSubFlow="0">
		<fieldrels>
			<fieldrel id="546f6fe507F0430" stepNo="step_1" baseSchema="CDB_RELEASE" fieldID="545edcb10530326" visiable="1" required="0" fieldType="PanelGroupField"/>
			<fieldrel id="546f75fc07F0924" stepNo="step_1" baseSchema="CDB_RELEASE" fieldID="545f0a1e0530402" visiable="1" required="0" fieldType="AttachmentField"/>
			<fieldrel id="54702f7707F0245" stepNo="step_1" baseSchema="CDB_RELEASE" fieldID="545f0dc70530439" visiable="0" required="0" fieldType="PanelField"/>
			<fieldrel id="54912f7e0290362" stepNo="step_1" baseSchema="CDB_RELEASE" fieldID="54912a0b0290230" visiable="1" required="1" fieldType="SelectField"/>
			<fieldrel id="54c9c81a0CA0376" stepNo="step_1" baseSchema="CDB_RELEASE" fieldID="54c9c7e80CA0375" visiable="1" required="1" fieldType="HiddenField"/>
			<fieldrel id="546f6fe507F0434" stepNo="step_1" baseSchema="CDB_RELEASE" fieldID="546f66bb07F0399" visiable="1" required="1" fieldType="CharacterField"/>
			<fieldrel id="54c743dd03E0406" stepNo="step_1" baseSchema="CDB_RELEASE" fieldID="54c7439b03E0287" visiable="1" required="1" fieldType="SelectField"/>
			<fieldrel id="546f6ffb07F0441" stepNo="step_1" baseSchema="CDB_RELEASE" fieldID="545eddcc0530332" visiable="1" required="1" fieldType="CharacterField"/>
			<fieldrel id="54b3355803E1010" stepNo="step_1" baseSchema="CDB_RELEASE" fieldID="54aceead07F0897" visiable="1" required="0" fieldType="TimeField"/>
			<fieldrel id="546f6ffb07F0443" stepNo="step_1" baseSchema="CDB_RELEASE" fieldID="545ede260530334" visiable="1" required="1" fieldType="CharacterField"/>
			<fieldrel id="546f75fc07F0923" stepNo="step_1" baseSchema="CDB_RELEASE" fieldID="545f09e90530401" visiable="1" required="0" fieldType="PanelField"/>
			<fieldrel id="54912f7e0290366" stepNo="step_1" baseSchema="CDB_RELEASE" fieldID="54912d5f0290234" visiable="1" required="0" fieldType="CharacterField"/>
			<fieldrel id="546f757b07F0715" stepNo="step_1" baseSchema="CDB_RELEASE" fieldID="546f687507F0404" visiable="0" required="0" fieldType="PanelField"/>
			<fieldrel id="546f6fe507F0435" stepNo="step_1" baseSchema="CDB_RELEASE" fieldID="546f66fc07F0400" visiable="1" required="0" fieldType="CharacterField"/>
			<fieldrel id="54912f7e0290365" stepNo="step_1" baseSchema="CDB_RELEASE" fieldID="54912cef0290233" visiable="1" required="1" fieldType="SelectField"/>
			<fieldrel id="546f6ffb07F0440" stepNo="step_1" baseSchema="CDB_RELEASE" fieldID="545edda30530331" visiable="1" required="1" fieldType="CharacterField"/>
			<fieldrel id="546f6ffb07F0439" stepNo="step_1" baseSchema="CDB_RELEASE" fieldID="545edd7f0530330" visiable="1" required="1" fieldType="CharacterField"/>
			<fieldrel id="546f6fe507F0432" stepNo="step_1" baseSchema="CDB_RELEASE" fieldID="545edcff0530328" visiable="1" required="0" fieldType="PanelGroupField"/>
			<fieldrel id="546f6fe507F0433" stepNo="step_1" baseSchema="CDB_RELEASE" fieldID="546f649207F0398" visiable="1" required="1" fieldType="SelectField"/>
			<fieldrel id="546f757b07F0713" stepNo="step_1" baseSchema="CDB_RELEASE" fieldID="545f08940530395" visiable="0" required="0" fieldType="PanelField"/>
			<fieldrel id="546f6ffb07F0442" stepNo="step_1" baseSchema="CDB_RELEASE" fieldID="545eddfd0530333" visiable="1" required="1" fieldType="CharacterField"/>
			<fieldrel id="546f6fe507F0436" stepNo="step_1" baseSchema="CDB_RELEASE" fieldID="546f673207F0401" visiable="1" required="0" fieldType="CharacterField"/>
			<fieldrel id="546f757b07F0712" stepNo="step_1" baseSchema="CDB_RELEASE" fieldID="546f67ef07F0402" visiable="0" required="0" fieldType="PanelField"/>
			<fieldrel id="546f6fe507F0431" stepNo="step_1" baseSchema="CDB_RELEASE" fieldID="545edccf0530327" visiable="1" required="0" fieldType="PanelField"/>
			<fieldrel id="546f6ffb07F0448" stepNo="step_1" baseSchema="CDB_RELEASE" fieldID="545ef95a0530382" visiable="1" required="1" fieldType="TimeField"/>
			<fieldrel id="54912f7e0290370" stepNo="step_1" baseSchema="CDB_RELEASE" fieldID="54912ee30290238" visiable="1" required="1" fieldType="CharacterField"/>
			<fieldrel id="546f6ffb07F0444" stepNo="step_1" baseSchema="CDB_RELEASE" fieldID="545ede390530335" visiable="1" required="1" fieldType="CharacterField"/>
			<fieldrel id="54912f7e0290364" stepNo="step_1" baseSchema="CDB_RELEASE" fieldID="54912c350290232" visiable="1" required="1" fieldType="SelectField"/>
			<fieldrel id="546f6ffb07F0437" stepNo="step_1" baseSchema="CDB_RELEASE" fieldID="5460890a0530464" visiable="1" required="1" fieldType="CharacterField"/>
			<fieldrel id="5493ca9c0290247" stepNo="step_1" baseSchema="CDB_RELEASE" fieldID="5493ca8b0290246" visiable="1" required="0" fieldType="HiddenField"/>
			<fieldrel id="54c74eaf03E1311" stepNo="step_1" baseSchema="CDB_RELEASE" fieldID="54c74ea503E1310" visiable="0" required="0" fieldType="HiddenField"/>
			<fieldrel id="546f757b07F0714" stepNo="step_1" baseSchema="CDB_RELEASE" fieldID="545f095a0530398" visiable="0" required="0" fieldType="CharacterField"/>
			<fieldrel id="54912f7e0290369" stepNo="step_1" baseSchema="CDB_RELEASE" fieldID="54912e5e0290237" visiable="1" required="0" fieldType="CharacterField"/>
			<fieldrel id="54912f7e0290371" stepNo="step_1" baseSchema="CDB_RELEASE" fieldID="54912f0a0290239" visiable="1" required="0" fieldType="TimeField"/>
			<fieldrel id="546f6ffb07F0447" stepNo="step_1" baseSchema="CDB_RELEASE" fieldID="545ef8ef0530381" visiable="1" required="1" fieldType="SelectField"/>
			<fieldrel id="547056eb07F2021" stepNo="step_1" baseSchema="CDB_RELEASE" fieldID="54704a5107F0443" visiable="1" required="0" fieldType="CharacterField"/>
			<fieldrel id="546f6ffb07F0446" stepNo="step_1" baseSchema="CDB_RELEASE" fieldID="545ef65d0530368" visiable="1" required="1" fieldType="SelectField"/>
			<fieldrel id="54b2897e0CA0241" stepNo="step_1" baseSchema="CDB_RELEASE" fieldID="54b289080CA0240" visiable="1" required="0" fieldType="HiddenField"/>
			<fieldrel id="546f6ffb07F0438" stepNo="step_1" baseSchema="CDB_RELEASE" fieldID="545edd420530329" visiable="1" required="0" fieldType="PanelField"/>
			<fieldrel id="54912f7e0290363" stepNo="step_1" baseSchema="CDB_RELEASE" fieldID="54912c000290231" visiable="1" required="1" fieldType="SelectField"/>
			<fieldrel id="54912f7e0290367" stepNo="step_1" baseSchema="CDB_RELEASE" fieldID="54912deb0290235" visiable="1" required="1" fieldType="SelectField"/>
			<fieldrel id="54912f7e0290368" stepNo="step_1" baseSchema="CDB_RELEASE" fieldID="54912e190290236" visiable="1" required="1" fieldType="SelectField"/>
			<fieldrel id="546f6ffb07F0445" stepNo="step_1" baseSchema="CDB_RELEASE" fieldID="545ede760530336" visiable="1" required="0" fieldType="PanelField"/>
			<fieldrel id="546f6ffb07F0450" stepNo="step_1" baseSchema="CDB_RELEASE" fieldID="545f07940530392" visiable="1" required="1" fieldType="CharacterField"/>
			<fieldrel id="546f6ffb07F0449" stepNo="step_1" baseSchema="CDB_RELEASE" fieldID="545ef9790530383" visiable="1" required="1" fieldType="TimeField"/>
			<fieldrel id="546f75e207F0819" stepNo="step_1" baseSchema="CDB_RELEASE" fieldID="546f6c3407F0416" visiable="0" required="0" fieldType="PanelField"/>
		</fieldrels>
		<actions>
			<action id="54856b240290737" stepNo="step_1" baseSchema="CDB_RELEASE" label="作废" actionName="CANCEL" actionType="CANCEL" isFree="0" hasNext="0" description="工单作废" isClose="1" hasDeploy="1" operate="add">
				<fieldrels/>
			</action>
			<action id="548160080290212" stepNo="step_1" baseSchema="CDB_RELEASE" label="提交" actionName="submit" actionType="NEXT" isFree="0" hasNext="1" description="提交" isClose="1" hasDeploy="1" operate="add">
				<fieldrels>
					<fieldrel id="5485006a0290840" stepNo="step_1" baseSchema="CDB_RELEASE" actionName="submit" fieldID="546f718807F0455" visiable="1" required="0" fieldType="CollectField"/>
					<fieldrel id="5481b8550290225" stepNo="step_1" baseSchema="CDB_RELEASE" actionName="submit" fieldID="546f6d8e07F0421" visiable="0" required="0" fieldType="CharacterField"/>
					<fieldrel id="5481b8550290224" stepNo="step_1" baseSchema="CDB_RELEASE" actionName="submit" fieldID="546f6d6607F0420" visiable="1" required="1" fieldType="CharacterField"/>
					<fieldrel id="5481b8550290227" stepNo="step_1" baseSchema="CDB_RELEASE" actionName="submit" fieldID="546f6e7307F0423" visiable="0" required="0" fieldType="CharacterField"/>
					<fieldrel id="5481b8550290228" stepNo="step_1" baseSchema="CDB_RELEASE" actionName="submit" fieldID="546f6f3807F0428" visiable="1" required="0" fieldType="CharacterField"/>
					<fieldrel id="5481b8550290226" stepNo="step_1" baseSchema="CDB_RELEASE" actionName="submit" fieldID="546f6e4e07F0422" visiable="1" required="0" fieldType="SelectField"/>
				</fieldrels>
			</action>
			<action id="545f1fe70530873" stepNo="step_1" baseSchema="CDB_RELEASE" label="保存" actionName="save" actionType="SAVE" isFree="0" hasNext="0" description="保存" isClose="0" hasDeploy="1" operate="add">
				<fieldrels/>
			</action>
		</actions>
	</step>
	<step id="545c771207F0296" stepNo="step_7" baseSchema="CDB_RELEASE" description="验证" roleName="验证" roleID="check" roleProcessRoleType="5" actionType="DEAL" taskPolicy="ONLY" acceptOver="0" dealOver="0" hasDeploy="1" operate="add" hasSubFlow="0">
		<fieldrels>
			<fieldrel id="54607c0d0532475" stepNo="step_7" baseSchema="CDB_RELEASE" fieldID="54607b760532466" visiable="1" required="0" fieldType="HiddenField"/>
			<fieldrel id="5470b5ab07F0910" stepNo="step_7" baseSchema="CDB_RELEASE" fieldID="546f6b5507F0412" visiable="1" required="0" fieldType="CharacterField"/>
			<fieldrel id="5470b54b07F0703" stepNo="step_7" baseSchema="CDB_RELEASE" fieldID="5470b51007F0702" visiable="0" required="0" fieldType="TimeField"/>
			<fieldrel id="5470b5ab07F0911" stepNo="step_7" baseSchema="CDB_RELEASE" fieldID="546f6b8507F0413" visiable="0" required="0" fieldType="TimeField"/>
			<fieldrel id="5470b5ab07F0908" stepNo="step_7" baseSchema="CDB_RELEASE" fieldID="546f6ac507F0410" visiable="1" required="0" fieldType="SelectField"/>
			<fieldrel id="54607c0d0532474" stepNo="step_7" baseSchema="CDB_RELEASE" fieldID="54606af00531217" visiable="1" required="0" fieldType="HiddenField"/>
			<fieldrel id="5478cded0B62409" stepNo="step_7" baseSchema="CDB_RELEASE" fieldID="545f09890530399" visiable="1" required="1" fieldType="CharacterField"/>
			<fieldrel id="5473f5b007F2507" stepNo="step_7" baseSchema="CDB_RELEASE" fieldID="5473f50f07F2497" visiable="1" required="0" fieldType="CharacterField"/>
			<fieldrel id="5470b5ab07F0912" stepNo="step_7" baseSchema="CDB_RELEASE" fieldID="546f6baa07F0414" visiable="0" required="0" fieldType="CharacterField"/>
			<fieldrel id="5470b5ab07F0907" stepNo="step_7" baseSchema="CDB_RELEASE" fieldID="546f687507F0404" visiable="1" required="0" fieldType="PanelField"/>
		</fieldrels>
		<actions>
			<action id="545f25630530896" stepNo="step_7" baseSchema="CDB_RELEASE" label="验证不通过" actionName="testUnPass" actionType="NEXT" isFree="0" hasNext="1" description="验证不通过" isClose="1" hasDeploy="1" operate="add">
				<fieldrels>
					<fieldrel id="546f729407F0486" stepNo="step_7" baseSchema="CDB_RELEASE" actionName="testUnPass" fieldID="546f718807F0455" visiable="1" required="0" fieldType="CollectField"/>
					<fieldrel id="546f729407F0485" stepNo="step_7" baseSchema="CDB_RELEASE" actionName="testUnPass" fieldID="546f6f3807F0428" visiable="1" required="1" fieldType="CharacterField"/>
				</fieldrels>
			</action>
			<action id="545f254c0530895" stepNo="step_7" baseSchema="CDB_RELEASE" label="验证通过" actionName="checked" actionType="NEXT" isFree="0" hasNext="1" description="验证通过" isClose="1" hasDeploy="1" operate="add">
				<fieldrels>
					<fieldrel id="546f712507F0454" stepNo="step_7" baseSchema="CDB_RELEASE" actionName="checked" fieldID="546f6f3807F0428" visiable="1" required="0" fieldType="CharacterField"/>
					<fieldrel id="546f712507F0453" stepNo="step_7" baseSchema="CDB_RELEASE" actionName="checked" fieldID="546f6f1807F0427" visiable="1" required="1" fieldType="SelectField"/>
					<fieldrel id="546f712507F0452" stepNo="step_7" baseSchema="CDB_RELEASE" actionName="checked" fieldID="546f6eeb07F0426" visiable="1" required="1" fieldType="SelectField"/>
				</fieldrels>
			</action>
		</actions>
	</step>
</steps>
