<?xml version="1.0" encoding="UTF-8"?>

<fields>
	<field id="54b5d0a10630280" label="解决方案" fieldName="ProSolutions" fieldType="CharacterField" baseSchema="CBD_PROBLEM" visiable="1" orderNum="3" hasDeploy="1" operate="add" parentID="54b5cd6e0630275" needSave="1" length="4000" colspan="4" rowspan="3" isClob="0"/>
	<field id="54c8876e03D0876" label="处理人" fieldName="Processors" fieldType="HiddenField" baseSchema="CBD_PROBLEM" visiable="0" orderNum="14" hasDeploy="1" operate="add" parentID="54b4dd350630687" needSave="1" length="128" colspan="1" rowspan="1"/>
	<field id="54b5cf6d0630278" label="解决时间" fieldName="ResolutionTime" fieldType="TimeField" baseSchema="CBD_PROBLEM" visiable="1" orderNum="1" hasDeploy="1" operate="add" parentID="54b5cd6e0630275" needSave="1" length="15" colspan="1" timeFormat="yyyy-MM-dd HH:mm:ss"/>
	<field id="54c5b3740631016" label="关联知识" fieldName="kmBase" fieldType="PanelField" baseSchema="CBD_PROBLEM" visiable="1" orderNum="1" hasDeploy="1" operate="add" parentID="54b4d3380630449"/>
	<field id="54b4d88c0630683" label="申报人工位" fieldName="ContactStation" fieldType="CharacterField" baseSchema="CBD_PROBLEM" visiable="1" orderNum="4" hasDeploy="1" operate="add" parentID="54b4d7290630678" needSave="1" length="128" colspan="1" rowspan="1" isClob="0"/>
	<field id="54d1ba5e03D0281" label="处理人团队Id" fieldName="cdbDealTeamId" fieldType="HiddenField" baseSchema="CBD_PROBLEM" visiable="0" orderNum="19" hasDeploy="1" operate="add" parentID="54b4dd350630687" needSave="1" length="128" colspan="1" rowspan="1"/>
	<field id="54b4dd350630687" label="问题基本信息" fieldName="ProBasicMes" fieldType="PanelField" baseSchema="CBD_PROBLEM" visiable="1" orderNum="1" hasDeploy="1" operate="add" parentID="54b4d61b0630677"/>
	<field id="54c4855b0630945" label="建单人" fieldName="CreatorLoginName" fieldType="CharacterField" baseSchema="CBD_PROBLEM" visiable="1" orderNum="8" hasDeploy="1" operate="add" parentID="54b4d7290630678" needSave="1" defaultValue="${displayCxt.userInfo.loginName}" length="128" colspan="1" rowspan="1" isClob="0"/>
	<field id="54b4d8440630682" label="申报人OA号" fieldName="ContactOA" fieldType="CharacterField" baseSchema="CBD_PROBLEM" visiable="1" orderNum="3" hasDeploy="1" operate="add" parentID="54b4d7290630678" needSave="1" defaultValue="${displayCxt.userInfo.oaNumber}" length="128" colspan="1" rowspan="1" isClob="0"/>
	<field id="54b4d9340630686" label="申报人电话" fieldName="ContactTel" fieldType="CharacterField" baseSchema="CBD_PROBLEM" visiable="1" orderNum="7" hasDeploy="1" operate="add" parentID="54b4d7290630678" needSave="1" defaultValue="${displayCxt.userInfo.phone}" length="128" colspan="1" rowspan="1" isClob="0"/>
	<field id="54b4d7ff0630681" label="申报人部门" fieldName="ContactDepartment" fieldType="CharacterField" baseSchema="CBD_PROBLEM" visiable="1" orderNum="2" hasDeploy="1" operate="add" parentID="54b4d7290630678" needSave="1" length="128" colspan="1" rowspan="1" isClob="0"/>
	<field id="54c8453103D0575" label="基本结论" fieldName="closedCode" fieldType="HiddenField" baseSchema="CBD_PROBLEM" visiable="0" orderNum="1" hasDeploy="1" operate="add" parentID="54b4dd350630687" needSave="1" length="128" colspan="1" rowspan="1"/>
	<field id="54ca09000632416" label="分派人ID" fieldName="TurnSendPersonID" fieldType="HiddenField" baseSchema="CBD_PROBLEM" visiable="0" orderNum="17" hasDeploy="1" operate="add" parentID="54b4dd350630687" needSave="1" length="128" colspan="1" rowspan="1"/>
	<field id="54b4d90a0630685" label="申报人手机" fieldName="ContactPhone" fieldType="CharacterField" baseSchema="CBD_PROBLEM" visiable="1" orderNum="6" hasDeploy="1" operate="add" parentID="54b4d7290630678" needSave="1" defaultValue="${displayCxt.userInfo.mobile}" length="128" colspan="1" rowspan="1" isClob="0"/>
	<field id="54c9a9eb03D1029" label="申报人登陆名" fieldName="ContactPersonlogin" fieldType="HiddenField" baseSchema="CBD_PROBLEM" visiable="0" orderNum="0" hasDeploy="1" operate="add" parentID="54b4d7290630678" needSave="1" defaultValue="${displayCxt.userInfo.loginName}" length="128" colspan="1" rowspan="1"/>
	<field id="54be0ca103D0266" label="申报人ID" fieldName="ContactPersonId" fieldType="HiddenField" baseSchema="CBD_PROBLEM" visiable="0" orderNum="0" hasDeploy="1" operate="add" parentID="54b4d7290630678" needSave="1" length="99" colspan="1" rowspan="1"/>
	<field id="54c887bb03D0877" label="处理人名字" fieldName="ProcessorsName" fieldType="HiddenField" baseSchema="CBD_PROBLEM" visiable="0" orderNum="15" hasDeploy="1" operate="add" parentID="54b4dd350630687" needSave="1" length="128" colspan="1" rowspan="1"/>
	<field id="54b5cf240630277" label="预计解决时间" fieldName="ForecastResolutionTime" fieldType="TimeField" baseSchema="CBD_PROBLEM" visiable="1" orderNum="4" hasDeploy="1" operate="add" parentID="54b4e0ea0630691" needSave="1" length="15" colspan="1" timeFormat="yyyy-MM-dd HH:mm:ss"/>
	<field id="54b5cd6e0630275" label="问题处理信息" fieldName="ProHandleMes" fieldType="PanelField" baseSchema="CBD_PROBLEM" visiable="1" orderNum="3" hasDeploy="1" operate="add" parentID="54b4d61b0630677"/>
	<field id="54b60c5603D0284" label="处理过程总结" fieldName="ProProcessDesc" fieldType="CharacterField" baseSchema="CBD_PROBLEM" visiable="1" orderNum="0" hasDeploy="1" operate="add" parentID="54b5d16c0630282" needSave="1" length="4000" colspan="4" rowspan="3" isClob="0"/>
	<field id="54b7698d0630416" label="附件列表" fieldName="AttachmentsList" fieldType="AttachmentField" baseSchema="CBD_PROBLEM" visiable="1" orderNum="0" hasDeploy="1" operate="add" parentID="54b7695b0630415"/>
	<field id="54c87f1003D0383" label="建单人团队名" fieldName="cdbTeamName" fieldType="HiddenField" baseSchema="CBD_PROBLEM" visiable="0" orderNum="12" hasDeploy="1" operate="add" parentID="54b4dd350630687" needSave="1" defaultValue="${displayCxt.userInfo.cdbTeamName}" length="100" colspan="1" rowspan="1"/>
	<field id="54b4d7290630678" label="申报人信息" fieldName="ContactInfo" fieldType="PanelField" baseSchema="CBD_PROBLEM" visiable="1" orderNum="0" hasDeploy="1" operate="add" parentID="54b4d61b0630677"/>
	<field id="54b77a270630552" label="关联工单" fieldName="relationsheet" fieldType="PanelField" baseSchema="CBD_PROBLEM" visiable="1" orderNum="1" hasDeploy="1" operate="add" parentID="54b4d3380630449"/>
	<field id="54b4e0ea0630691" label="问题分派信息" fieldName="ProAssignMes" fieldType="PanelField" baseSchema="CBD_PROBLEM" visiable="1" orderNum="2" hasDeploy="1" operate="add" parentID="54b4d61b0630677"/>
	<field id="54b5ca310630270" label="问题影响度" fieldName="ProEffectDgree" fieldType="SelectField" baseSchema="CBD_PROBLEM" visiable="1" orderNum="0" hasDeploy="1" operate="add" parentID="54b4e0ea0630691" needSave="1" defaultValue="3" length="128" colspan="1" type="sysdic" typeResource="Incident_EffectDgree"/>
	<field id="54b4de830630689" label="关联单号" fieldName="RelateSheet" fieldType="CharacterField" baseSchema="CBD_PROBLEM" visiable="1" orderNum="1" hasDeploy="1" operate="add" parentID="54b4dd350630687" needSave="1" length="128" colspan="1" rowspan="1" isClob="0"/>
	<field id="54c5b3a80631017" fieldName="view_kmBase" fieldType="ViewField" baseSchema="CBD_PROBLEM" visiable="1" orderNum="1" hasDeploy="1" operate="add" parentID="54c5b3740631016" pageurl="${ctx}/extractKnowledge/showKnowledge.action?baseSchema=${displayCxt.baseSchema}&amp;baseId=${displayCxt.baseID}" colspan="4" rowspan="10" type="frame"/>
	<field id="54d1ba3503D0280" label="处理人团队" fieldName="cdbDealTeamName" fieldType="HiddenField" baseSchema="CBD_PROBLEM" visiable="0" orderNum="18" hasDeploy="1" operate="add" parentID="54b4dd350630687" needSave="1" length="128" colspan="1" rowspan="1"/>
	<field id="54b77ad70630555" label="流程记录" fieldName="workflowlogpage" fieldType="ViewField" baseSchema="CBD_PROBLEM" visiable="1" orderNum="1" hasDeploy="1" operate="add" parentID="54b77aae0630554" pageurl="${ctx}/workflow/sheet/query/BaseInfoViewBpp.jsp?baseschema=${displayCxt.baseSchema}&amp;baseid=${displayCxt.baseID}&amp;tplid=${displayCxt.defCode}" colspan="4" rowspan="20" type="include"/>
	<field id="54b4d8bd0630684" label="申报人职位" fieldName="ContactPosition" fieldType="CharacterField" baseSchema="CBD_PROBLEM" visiable="1" orderNum="5" hasDeploy="1" operate="add" parentID="54b4d7290630678" needSave="1" defaultValue="${displayCxt.userInfo.position}" length="128" colspan="1" rowspan="1" isClob="0"/>
	<field id="54b4d3380630449" label="工单主体部分" fieldName="PG_Main" fieldType="PanelGroupField" baseSchema="CBD_PROBLEM" visiable="1" orderNum="0" hasDeploy="1" operate="add" parentID="main" titleVisible="1" colspan="8" type="tab"/>
	<field id="54c73ae203D0752" label="问题来源" fieldName="ProSource" fieldType="SelectField" baseSchema="CBD_PROBLEM" visiable="1" orderNum="0" hasDeploy="1" operate="add" parentID="54b4dd350630687" needSave="1" length="128" colspan="1" type="sysdic" typeResource="problem" paras="问题来源"/>
	<field id="54b4d4f80630655" label="标题" fieldName="BaseSummary" fieldType="CharacterField" baseSchema="CBD_PROBLEM" visiable="1" orderNum="0" hasDeploy="1" operate="add" parentID="54b4d4b60630654" needSave="1" length="255" colspan="4" rowspan="1" isClob="0"/>
	<field id="54b4d61b0630677" label="工单详细信息容器" fieldName="DetailSheetMes" fieldType="PanelGroupField" baseSchema="CBD_PROBLEM" visiable="1" orderNum="1" hasDeploy="1" operate="add" parentID="54b4d4b60630654" titleVisible="1" colspan="4" type="panel"/>
	<field id="54b5ce350630276" label="问题原因分类" fieldName="ProReason" fieldType="SelectField" baseSchema="CBD_PROBLEM" visiable="1" orderNum="0" hasDeploy="1" operate="add" parentID="54b5cd6e0630275" needSave="1" length="128" colspan="1" type="table" typeResource="bs_t_sm_commonTree:fullname:fullname" paras="type='incCauseClass'"/>
	<field id="54b4d4b60630654" label="主表单信息" fieldName="P_Main" fieldType="PanelField" baseSchema="CBD_PROBLEM" visiable="1" orderNum="0" hasDeploy="1" operate="add" parentID="54b4d3380630449"/>
	<field id="54b5d16c0630282" label="问题回顾信息" fieldName="ProReview" fieldType="PanelField" baseSchema="CBD_PROBLEM" visiable="1" orderNum="4" hasDeploy="1" operate="add" parentID="54b4d61b0630677"/>
	<field id="54b77a820630553" label="关联工单" fieldName="relationsheetView" fieldType="ViewField" baseSchema="CBD_PROBLEM" visiable="1" orderNum="0" hasDeploy="1" operate="add" parentID="54b77a270630552" pageurl="${ctx}/relatesheet/list.action?baseSchema=${displayCxt.fieldMap['BASESCHEMA']}&amp;baseId=${displayCxt.fieldMap['BASEID']}&amp;baseSn=${displayCxt.fieldMap['BASESN']}&amp;taskId=${displayCxt.taskID}&amp;status=${displayCxt.fieldMap['BASESTATUS']}&amp;flagActive=${displayCxt.currentTask.flagActive} &amp;cRelateData=1&amp;cRelateByConfig=1" colspan="4" rowspan="20" type="include"/>
	<field id="54b4d7da0630680" label="申报人单位" fieldName="ContactPersonSite" fieldType="CharacterField" baseSchema="CBD_PROBLEM" visiable="1" orderNum="1" hasDeploy="1" operate="add" parentID="54b4d7290630678" needSave="1" length="128" colspan="1" rowspan="1" isClob="0"/>
	<field id="54b5d0fd0630281" label="解决过程" fieldName="SolvingProcess" fieldType="CharacterField" baseSchema="CBD_PROBLEM" visiable="1" orderNum="4" hasDeploy="1" operate="add" parentID="54b5cd6e0630275" needSave="1" length="4000" colspan="4" rowspan="3" isClob="0"/>
	<field id="54b5ca7e0630271" label="问题紧急度" fieldName="ProUrgentDgree" fieldType="SelectField" baseSchema="CBD_PROBLEM" visiable="1" orderNum="1" hasDeploy="1" operate="add" parentID="54b4e0ea0630691" needSave="1" defaultValue="3" length="128" colspan="1" type="sysdic" typeResource="Incident_UrgentDgree"/>
	<field id="54b4d77b0630679" label="申报人" fieldName="ContactPerson" fieldType="CharacterField" baseSchema="CBD_PROBLEM" visiable="1" orderNum="0" hasDeploy="1" operate="add" parentID="54b4d7290630678" needSave="1" defaultValue="${displayCxt.userInfo.fullName}" length="128" colspan="1" rowspan="1" isClob="0"/>
	<field id="54c9d2c60630551" label="处理记录" fieldName="DealRecord" fieldType="PanelField" baseSchema="CBD_PROBLEM" visiable="1" orderNum="6" hasDeploy="1" operate="add" parentID="54b4d61b0630677"/>
	<field id="54b7695b0630415" label="附件列表" fieldName="AttachmentListPanel" fieldType="PanelField" baseSchema="CBD_PROBLEM" visiable="1" orderNum="5" hasDeploy="1" operate="add" parentID="54b4d61b0630677"/>
	<field id="54b77aae0630554" label="流程记录" fieldName="workflowlog" fieldType="PanelField" baseSchema="CBD_PROBLEM" visiable="1" orderNum="3" hasDeploy="1" operate="add" parentID="54b4d3380630449"/>
	<field id="54c5ef7203D0367" label="优先级" fieldName="Priority" fieldType="CharacterField" baseSchema="CBD_PROBLEM" visiable="1" orderNum="2" hasDeploy="1" operate="add" parentID="54b4e0ea0630691" needSave="1" defaultValue="4" length="128" colspan="1" rowspan="1" isClob="0"/>
	<field id="54b4df0a0630690" label="问题描述" fieldName="ProDescription" fieldType="CharacterField" baseSchema="CBD_PROBLEM" visiable="1" orderNum="2" hasDeploy="1" operate="add" parentID="54b4dd350630687" needSave="1" length="4000" colspan="4" rowspan="3" isClob="0"/>
	<field id="54b5cc6d0630274" label="问题现象分类" fieldName="ProPhenoClass" fieldType="SelectField" baseSchema="CBD_PROBLEM" visiable="1" orderNum="3" hasDeploy="1" operate="add" parentID="54b4e0ea0630691" needSave="1" length="128" colspan="1" type="table" typeResource="bs_t_sm_commonTree:fullname:fullname" paras="type='incPhenoClass'"/>
	<field id="54b5cff00630279" label="原因分析" fieldName="ProReasonAnalysis" fieldType="CharacterField" baseSchema="CBD_PROBLEM" visiable="1" orderNum="2" hasDeploy="1" operate="add" parentID="54b5cd6e0630275" needSave="1" length="4000" colspan="4" rowspan="3" isClob="0"/>
	<field id="54b8dd2d03D0452" label="受理时间" fieldName="acceptTime" fieldType="CharacterField" baseSchema="CBD_PROBLEM" visiable="0" orderNum="41" hasDeploy="1" operate="add" parentID="54b4dd350630687" needSave="1" length="100" colspan="1" rowspan="1" isClob="0"/>
	<field id="54c9d4a70630573" label="处理记录" fieldName="deal_records" fieldType="ViewField" baseSchema="CBD_PROBLEM" visiable="1" orderNum="0" hasDeploy="1" operate="add" parentID="54c9d2c60630551" pageurl="${ctx}/wfrecord/showWfRecords.action?baseschema=${displayCxt.baseSchema}&amp;baseid=${displayCxt.baseID}&amp;recordViewFieldName=deal_records" colspan="4" rowspan="4" type="include"/>
	<field id="54ca08e30632415" label="分派人" fieldName="TurnSendPerson" fieldType="HiddenField" baseSchema="CBD_PROBLEM" visiable="0" orderNum="16" hasDeploy="1" operate="add" parentID="54b4dd350630687" needSave="1" length="128" colspan="1" rowspan="1"/>
	<field id="54c87f4f03D0384" label="建单人团队Id" fieldName="cdbTeamId" fieldType="HiddenField" baseSchema="CBD_PROBLEM" visiable="0" orderNum="13" hasDeploy="1" operate="add" parentID="54b4dd350630687" needSave="1" defaultValue="${displayCxt.userInfo.cdbTeamId}" length="100" colspan="1" rowspan="1"/>
	<field id="54c1efee03D0888" label="问题处理组" fieldName="deal_group" fieldType="CharacterField" baseSchema="CBD_PROBLEM" visiable="1" orderNum="0" hasDeploy="1" operate="add" parentID="action" needSave="1" length="128" colspan="1" rowspan="1" isClob="0"/>
	<field id="54c1f0b003D0890" label="问题处理人" fieldName="deal_person" fieldType="CharacterField" baseSchema="CBD_PROBLEM" visiable="1" orderNum="0" hasDeploy="1" operate="add" parentID="action" needSave="1" length="128" colspan="1" rowspan="1" isClob="0"/>
	<field id="54c1f07e03D0889" label="问题处理组" fieldName="view_deal_group" fieldType="CharacterField" baseSchema="CBD_PROBLEM" visiable="1" orderNum="0" hasDeploy="1" operate="add" parentID="action" needSave="1" length="128" colspan="1" rowspan="1" isClob="0"/>
	<field id="54b6195d03D0486" label="处理人" fieldName="ProSolutionPerson" fieldType="AssignTreeField" baseSchema="CBD_PROBLEM" visiable="1" orderNum="0" hasDeploy="1" operate="add" parentID="action" singleSelect="1" rowspan="1" colspan="1" next="1"/>
	<field id="54c9cd390630314" label="通知" fieldName="notify" fieldType="CollectField" baseSchema="CBD_PROBLEM" visiable="1" orderNum="10" hasDeploy="1" operate="add" parentID="action" needSave="1" defaultValue="短信" length="100" colspan="4" type="collect" rowspan="1" typeResource="短信:短信,邮件:邮件" showType="checkbox"/>
	<field id="54c1f0fd03D0891" label="问题处理人" fieldName="view_deal_person" fieldType="SelectField" baseSchema="CBD_PROBLEM" visiable="1" orderNum="0" hasDeploy="1" operate="add" parentID="action" needSave="1" length="128" colspan="1" type="collect" typeResource=" : "/>
	<field id="54bceace0630256" label="抄送" fieldName="Cc" fieldType="AssignTreeField" baseSchema="CBD_PROBLEM" visiable="1" orderNum="2" hasDeploy="1" operate="add" parentID="action" singleSelect="1" rowspan="1" colspan="1" action="MAKECOPY" next="0"/>
	<field id="54c1d44403D0412" label="建单人" fieldName="CreatorFullName" fieldType="AssignTreeField" baseSchema="CBD_PROBLEM" visiable="1" orderNum="1" hasDeploy="1" operate="add" parentID="action" singleSelect="1" rowspan="1" colspan="1" next="1"/>
	<field id="54c7517803D3471" label="基本结论" fieldName="BaseResult" fieldType="SelectField" baseSchema="CBD_PROBLEM" visiable="1" orderNum="1" hasDeploy="1" operate="add" parentID="action" needSave="1" length="128" colspan="1" type="sysdic" typeResource="closedcode"/>
	<field id="54b61c0a03D0505" label="处理意见" fieldName="ProSuggest" fieldType="CharacterField" baseSchema="CBD_PROBLEM" visiable="1" orderNum="3" hasDeploy="1" operate="add" parentID="action" needSave="1" length="4000" colspan="4" rowspan="3" isClob="0"/>
</fields>
