<?xml version="1.0" encoding="UTF-8"?>

<steps>
	<step id="54b71c760630368" stepNo="step02" baseSchema="CBD_PROBLEM" description="分派" roleName="分派角色" roleID="R2" roleProcessRoleType="5" actionType="DEAL" taskPolicy="SHARE" acceptOver="0" dealOver="0" hasDeploy="1" operate="add" hasSubFlow="0">
		<fieldrels>
			<fieldrel id="54d1ba9003D0402" stepNo="step02" baseSchema="CBD_PROBLEM" fieldID="54d1ba3503D0280" visiable="1" required="1" fieldType="HiddenField"/>
			<fieldrel id="54d1ba9003D0403" stepNo="step02" baseSchema="CBD_PROBLEM" fieldID="54d1ba5e03D0281" visiable="1" required="1" fieldType="HiddenField"/>
			<fieldrel id="54bcae7403D1406" stepNo="step02" baseSchema="CBD_PROBLEM" fieldID="54b5ce350630276" visiable="1" required="1" fieldType="SelectField"/>
			<fieldrel id="54bca7e703D0627" stepNo="step02" baseSchema="CBD_PROBLEM" fieldID="54b5ca310630270" visiable="1" required="1" fieldType="SelectField"/>
			<fieldrel id="54bcae7403D1407" stepNo="step02" baseSchema="CBD_PROBLEM" fieldID="54b5cf6d0630278" visiable="1" required="1" fieldType="TimeField"/>
			<fieldrel id="54bca7e703D0628" stepNo="step02" baseSchema="CBD_PROBLEM" fieldID="54b5ca7e0630271" visiable="1" required="1" fieldType="SelectField"/>
			<fieldrel id="54bcae7403D1408" stepNo="step02" baseSchema="CBD_PROBLEM" fieldID="54b5cff00630279" visiable="1" required="1" fieldType="CharacterField"/>
			<fieldrel id="54bcae7403D1409" stepNo="step02" baseSchema="CBD_PROBLEM" fieldID="54b5d0a10630280" visiable="1" required="1" fieldType="CharacterField"/>
			<fieldrel id="54bca7e703D0630" stepNo="step02" baseSchema="CBD_PROBLEM" fieldID="54b5cc6d0630274" visiable="1" required="1" fieldType="SelectField"/>
			<fieldrel id="54bcae7403D1410" stepNo="step02" baseSchema="CBD_PROBLEM" fieldID="54b5d0fd0630281" visiable="1" required="1" fieldType="CharacterField"/>
			<fieldrel id="54bca7e703D0631" stepNo="step02" baseSchema="CBD_PROBLEM" fieldID="54b5cf240630277" visiable="1" required="1" fieldType="TimeField"/>
			<fieldrel id="54c887fb03D0998" stepNo="step02" baseSchema="CBD_PROBLEM" fieldID="54c8876e03D0876" visiable="1" required="1" fieldType="HiddenField"/>
			<fieldrel id="54c887fb03D0999" stepNo="step02" baseSchema="CBD_PROBLEM" fieldID="54c887bb03D0877" visiable="1" required="1" fieldType="HiddenField"/>
			<fieldrel id="54c869be03D0612" stepNo="step02" baseSchema="CBD_PROBLEM" fieldID="54c8453103D0575" visiable="0" required="0" fieldType="HiddenField"/>
			<fieldrel id="54c5f00903D0368" stepNo="step02" baseSchema="CBD_PROBLEM" fieldID="54c5ef7203D0367" visiable="1" required="1" fieldType="CharacterField"/>
		</fieldrels>
		<actions>
			<action id="54b724670630507" stepNo="step02" baseSchema="CBD_PROBLEM" label="退回" actionName="ToBack" actionType="NEXT" isFree="0" hasNext="1" description="退回建单人" isClose="1" hasDeploy="1" operate="add">
				<fieldrels>
					<fieldrel id="54b75e4f0630326" stepNo="step02" baseSchema="CBD_PROBLEM" actionName="ToBack" fieldID="54b61c0a03D0505" visiable="1" required="1" fieldType="CharacterField"/>
				</fieldrels>
			</action>
			<action id="54b725430630508" stepNo="step02" baseSchema="CBD_PROBLEM" label="完成" actionName="ToVerify" actionType="NEXT" isFree="0" hasNext="1" description="完成后到达验证环节" isClose="1" hasDeploy="1" operate="add">
				<fieldrels>
					<fieldrel id="54b75e5a0630328" stepNo="step02" baseSchema="CBD_PROBLEM" actionName="ToVerify" fieldID="54b61c0a03D0505" visiable="1" required="1" fieldType="CharacterField"/>
					<fieldrel id="54c209c303D0368" stepNo="step02" baseSchema="CBD_PROBLEM" actionName="ToVerify" fieldID="54c1d44403D0412" visiable="1" required="1" fieldType="AssignTreeField"/>
					<fieldrel id="54c9ce4f0630451" stepNo="step02" baseSchema="CBD_PROBLEM" actionName="ToVerify" fieldID="54c9cd390630314" visiable="1" required="0" fieldType="CollectField"/>
				</fieldrels>
			</action>
			<action id="54b726e70630511" stepNo="step02" baseSchema="CBD_PROBLEM" label="保存" actionName="SAVE01" actionType="SAVE" isFree="0" hasNext="0" description="保存当前填写的信息" isClose="0" hasDeploy="1" operate="add">
				<fieldrels/>
			</action>
			<action id="54b723fe0630506" stepNo="step02" baseSchema="CBD_PROBLEM" label="取消" actionName="ToFinish" actionType="NEXT" isFree="0" hasNext="1" description="流程流转到关单环节" isClose="1" hasDeploy="1" operate="add">
				<fieldrels>
					<fieldrel id="54b75e460630324" stepNo="step02" baseSchema="CBD_PROBLEM" actionName="ToFinish" fieldID="54b61c0a03D0505" visiable="1" required="1" fieldType="CharacterField"/>
				</fieldrels>
			</action>
			<action id="54b722fb0630505" stepNo="step02" baseSchema="CBD_PROBLEM" label="分派" actionName="TurnSend" actionType="NEXT" isFree="0" hasNext="1" description="分派" isClose="1" hasDeploy="1" operate="add">
				<fieldrels>
					<fieldrel id="54b75e340630322" stepNo="step02" baseSchema="CBD_PROBLEM" actionName="TurnSend" fieldID="54b61c0a03D0505" visiable="1" required="1" fieldType="CharacterField"/>
					<fieldrel id="54d8530f03D1314" stepNo="step02" baseSchema="CBD_PROBLEM" actionName="TurnSend" fieldID="54c9cd390630314" visiable="1" required="0" fieldType="CollectField"/>
					<fieldrel id="54d819df0630340" stepNo="step02" baseSchema="CBD_PROBLEM" actionName="TurnSend" fieldID="54b6195d03D0486" visiable="1" required="1" fieldType="AssignTreeField"/>
				</fieldrels>
			</action>
		</actions>
	</step>
	<step id="54b71f430630384" stepNo="step06" baseSchema="CBD_PROBLEM" description="关单" roleName="建单人" roleID="R6" roleProcessRoleType="5" actionType="DEAL" taskPolicy="SHARE" acceptOver="0" dealOver="0" hasDeploy="1" operate="add" hasSubFlow="0">
		<fieldrels>
			<fieldrel id="54c86a2c03D0615" stepNo="step06" baseSchema="CBD_PROBLEM" fieldID="54c8453103D0575" visiable="0" required="0" fieldType="HiddenField"/>
		</fieldrels>
		<actions>
			<action id="54b729070630519" stepNo="step06" baseSchema="CBD_PROBLEM" label="退回" actionName="ToBack03" actionType="NEXT" isFree="0" hasNext="1" description="退回" isClose="1" hasDeploy="1" operate="add">
				<fieldrels>
					<fieldrel id="54b766a50630395" stepNo="step06" baseSchema="CBD_PROBLEM" actionName="ToBack03" fieldID="54b61c0a03D0505" visiable="1" required="1" fieldType="CharacterField"/>
				</fieldrels>
			</action>
			<action id="54b728e00630518" stepNo="step06" baseSchema="CBD_PROBLEM" label="关单" actionName="Closed" actionType="NEXT" isFree="0" hasNext="1" description="关单" isClose="1" hasDeploy="1" operate="add">
				<fieldrels>
					<fieldrel id="54c751b203D3490" stepNo="step06" baseSchema="CBD_PROBLEM" actionName="Closed" fieldID="54c7517803D3471" visiable="1" required="1" fieldType="SelectField"/>
					<fieldrel id="54b766b70630396" stepNo="step06" baseSchema="CBD_PROBLEM" actionName="Closed" fieldID="54b61c0a03D0505" visiable="1" required="1" fieldType="CharacterField"/>
				</fieldrels>
			</action>
		</actions>
	</step>
	<step id="54b71d070630369" stepNo="step03" baseSchema="CBD_PROBLEM" description="处理" roleName="处理人" roleID="R3" roleProcessRoleType="5" actionType="DEAL" taskPolicy="SHARE" acceptOver="0" dealOver="0" hasDeploy="1" operate="add" hasSubFlow="0">
		<fieldrels>
			<fieldrel id="54c75b6703D3720" stepNo="step03" baseSchema="CBD_PROBLEM" fieldID="54b5d0fd0630281" visiable="1" required="1" fieldType="CharacterField"/>
			<fieldrel id="54c75b6703D3718" stepNo="step03" baseSchema="CBD_PROBLEM" fieldID="54b5cff00630279" visiable="1" required="1" fieldType="CharacterField"/>
			<fieldrel id="54c75b6703D3719" stepNo="step03" baseSchema="CBD_PROBLEM" fieldID="54b5d0a10630280" visiable="1" required="1" fieldType="CharacterField"/>
			<fieldrel id="54bc72c10630370" stepNo="step03" baseSchema="CBD_PROBLEM" fieldID="54b8dd2d03D0452" visiable="0" required="0" fieldType="CharacterField"/>
			<fieldrel id="54c99fda03D0468" stepNo="step03" baseSchema="CBD_PROBLEM" fieldID="54c8876e03D0876" visiable="1" required="1" fieldType="HiddenField"/>
			<fieldrel id="54d1baa103D0404" stepNo="step03" baseSchema="CBD_PROBLEM" fieldID="54d1ba3503D0280" visiable="1" required="1" fieldType="HiddenField"/>
			<fieldrel id="54c99fda03D0469" stepNo="step03" baseSchema="CBD_PROBLEM" fieldID="54c887bb03D0877" visiable="1" required="1" fieldType="HiddenField"/>
			<fieldrel id="54d1baa103D0405" stepNo="step03" baseSchema="CBD_PROBLEM" fieldID="54d1ba5e03D0281" visiable="1" required="1" fieldType="HiddenField"/>
			<fieldrel id="54c869ce03D0613" stepNo="step03" baseSchema="CBD_PROBLEM" fieldID="54c8453103D0575" visiable="0" required="0" fieldType="HiddenField"/>
			<fieldrel id="54c75b6703D3716" stepNo="step03" baseSchema="CBD_PROBLEM" fieldID="54b5ce350630276" visiable="1" required="1" fieldType="SelectField"/>
			<fieldrel id="54c75b6703D3717" stepNo="step03" baseSchema="CBD_PROBLEM" fieldID="54b5cf6d0630278" visiable="1" required="1" fieldType="TimeField"/>
		</fieldrels>
		<actions>
			<action id="54b727090630512" stepNo="step03" baseSchema="CBD_PROBLEM" label="保存" actionName="SAVE02" actionType="SAVE" isFree="0" hasNext="0" description="保存当前填写的信息" isClose="0" hasDeploy="1" operate="add">
				<fieldrels/>
			</action>
			<action id="54b726140630510" stepNo="step03" baseSchema="CBD_PROBLEM" label="退回" actionName="ToBack01" actionType="NEXT" isFree="0" hasNext="1" description="退回" isClose="1" hasDeploy="1" operate="add">
				<fieldrels>
					<fieldrel id="54b75ea50630332" stepNo="step03" baseSchema="CBD_PROBLEM" actionName="ToBack01" fieldID="54b61c0a03D0505" visiable="1" required="1" fieldType="CharacterField"/>
				</fieldrels>
			</action>
			<action id="54b725dc0630509" stepNo="step03" baseSchema="CBD_PROBLEM" label="完成" actionName="ToFinist01" actionType="NEXT" isFree="0" hasNext="1" description="处理完成到达验证环节" isClose="1" hasDeploy="1" operate="add">
				<fieldrels>
					<fieldrel id="54c5aba90630694" stepNo="step03" baseSchema="CBD_PROBLEM" actionName="ToFinist01" fieldID="54c1d44403D0412" visiable="1" required="1" fieldType="AssignTreeField"/>
					<fieldrel id="54b75e960630330" stepNo="step03" baseSchema="CBD_PROBLEM" actionName="ToFinist01" fieldID="54b61c0a03D0505" visiable="1" required="1" fieldType="CharacterField"/>
				</fieldrels>
			</action>
			<action id="54b8d8bb03D2115" stepNo="step03" baseSchema="CBD_PROBLEM" label="受理" actionName="ToAccept" actionType="ACCEPT" isFree="0" hasNext="0" description="受理" isClose="0" hasDeploy="1" operate="add">
				<fieldrels/>
			</action>
		</actions>
	</step>
	<step id="54b71f220630383" stepNo="step05" baseSchema="CBD_PROBLEM" description="回顾" roleName="工单处理人" roleID="R5" roleProcessRoleType="5" actionType="DEAL" taskPolicy="SHARE" acceptOver="0" dealOver="0" hasDeploy="1" operate="add" hasSubFlow="0">
		<fieldrels>
			<fieldrel id="54c74f4903D3445" stepNo="step05" baseSchema="CBD_PROBLEM" fieldID="54b60c5603D0284" visiable="1" required="1" fieldType="CharacterField"/>
			<fieldrel id="54c8463703D0577" stepNo="step05" baseSchema="CBD_PROBLEM" fieldID="54c8453103D0575" visiable="0" required="0" fieldType="HiddenField"/>
		</fieldrels>
		<actions>
			<action id="54b728000630516" stepNo="step05" baseSchema="CBD_PROBLEM" label="完成" actionName="ToFinish02" actionType="NEXT" isFree="0" hasNext="1" description="关单" isClose="1" hasDeploy="1" operate="add">
				<fieldrels>
					<fieldrel id="54b766680630394" stepNo="step05" baseSchema="CBD_PROBLEM" actionName="ToFinish02" fieldID="54b61c0a03D0505" visiable="1" required="1" fieldType="CharacterField"/>
				</fieldrels>
			</action>
			<action id="54b727cd0630515" stepNo="step05" baseSchema="CBD_PROBLEM" label="保存" actionName="SAVE03" actionType="SAVE" isFree="0" hasNext="0" description="保存信息" isClose="0" hasDeploy="1" operate="add">
				<fieldrels/>
			</action>
			<action id="54b728530630517" stepNo="step05" baseSchema="CBD_PROBLEM" label="退回" actionName="ToBack02" actionType="NEXT" isFree="0" hasNext="1" description="退回" isClose="1" hasDeploy="1" operate="add">
				<fieldrels>
					<fieldrel id="54b7665f0630393" stepNo="step05" baseSchema="CBD_PROBLEM" actionName="ToBack02" fieldID="54b61c0a03D0505" visiable="1" required="1" fieldType="CharacterField"/>
				</fieldrels>
			</action>
		</actions>
	</step>
	<step id="54b61ccd03D0506" stepNo="step01" baseSchema="CBD_PROBLEM" description="新建" roleName="建单人" roleID="R1" roleProcessRoleType="5" actionType="DEAL" taskPolicy="SHARE" acceptOver="0" dealOver="0" hasDeploy="1" operate="add" hasSubFlow="0">
		<fieldrels>
			<fieldrel id="54b75da90630267" stepNo="step01" baseSchema="CBD_PROBLEM" fieldID="54b4d9340630686" visiable="1" required="0" fieldType="CharacterField"/>
			<fieldrel id="54c887e303D0996" stepNo="step01" baseSchema="CBD_PROBLEM" fieldID="54c8876e03D0876" visiable="1" required="1" fieldType="HiddenField"/>
			<fieldrel id="54c87fd003D0385" stepNo="step01" baseSchema="CBD_PROBLEM" fieldID="54c87f1003D0383" visiable="1" required="1" fieldType="HiddenField"/>
			<fieldrel id="54c9b9be03D1544" stepNo="step01" baseSchema="CBD_PROBLEM" fieldID="54b7698d0630416" visiable="1" required="1" fieldType="AttachmentField"/>
			<fieldrel id="54b75da90630271" stepNo="step01" baseSchema="CBD_PROBLEM" fieldID="54b4df0a0630690" visiable="1" required="1" fieldType="CharacterField"/>
			<fieldrel id="54c87fd003D0386" stepNo="step01" baseSchema="CBD_PROBLEM" fieldID="54c87f4f03D0384" visiable="1" required="1" fieldType="HiddenField"/>
			<fieldrel id="54b75da90630256" stepNo="step01" baseSchema="CBD_PROBLEM" fieldID="54b4d4b60630654" visiable="1" required="0" fieldType="PanelField"/>
			<fieldrel id="54b75da90630268" stepNo="step01" baseSchema="CBD_PROBLEM" fieldID="54b4dd350630687" visiable="1" required="1" fieldType="PanelField"/>
			<fieldrel id="54b75da90630262" stepNo="step01" baseSchema="CBD_PROBLEM" fieldID="54b4d7ff0630681" visiable="1" required="0" fieldType="CharacterField"/>
			<fieldrel id="54d1ba7d03D0400" stepNo="step01" baseSchema="CBD_PROBLEM" fieldID="54d1ba3503D0280" visiable="1" required="1" fieldType="HiddenField"/>
			<fieldrel id="54c8462503D0576" stepNo="step01" baseSchema="CBD_PROBLEM" fieldID="54c8453103D0575" visiable="0" required="0" fieldType="HiddenField"/>
			<fieldrel id="54c9aa0e03D1147" stepNo="step01" baseSchema="CBD_PROBLEM" fieldID="54c9a9eb03D1029" visiable="1" required="1" fieldType="HiddenField"/>
			<fieldrel id="54d1ba7d03D0401" stepNo="step01" baseSchema="CBD_PROBLEM" fieldID="54d1ba5e03D0281" visiable="1" required="1" fieldType="HiddenField"/>
			<fieldrel id="54b75da90630257" stepNo="step01" baseSchema="CBD_PROBLEM" fieldID="54b4d4f80630655" visiable="1" required="1" fieldType="CharacterField"/>
			<fieldrel id="54b75da90630270" stepNo="step01" baseSchema="CBD_PROBLEM" fieldID="54b4de830630689" visiable="1" required="0" fieldType="CharacterField"/>
			<fieldrel id="54b75da90630272" stepNo="step01" baseSchema="CBD_PROBLEM" fieldID="54b4e0ea0630691" visiable="1" required="0" fieldType="PanelField"/>
			<fieldrel id="54b75da90630258" stepNo="step01" baseSchema="CBD_PROBLEM" fieldID="54b4d61b0630677" visiable="1" required="0" fieldType="PanelGroupField"/>
			<fieldrel id="54c887e303D0997" stepNo="step01" baseSchema="CBD_PROBLEM" fieldID="54c887bb03D0877" visiable="1" required="1" fieldType="HiddenField"/>
			<fieldrel id="54b75da90630264" stepNo="step01" baseSchema="CBD_PROBLEM" fieldID="54b4d88c0630683" visiable="1" required="0" fieldType="CharacterField"/>
			<fieldrel id="54ca09230632534" stepNo="step01" baseSchema="CBD_PROBLEM" fieldID="54ca08e30632415" visiable="1" required="1" fieldType="HiddenField"/>
			<fieldrel id="54b75da90630259" stepNo="step01" baseSchema="CBD_PROBLEM" fieldID="54b4d7290630678" visiable="1" required="0" fieldType="PanelField"/>
			<fieldrel id="54b75da90630278" stepNo="step01" baseSchema="CBD_PROBLEM" fieldID="54b5cd6e0630275" visiable="1" required="0" fieldType="PanelField"/>
			<fieldrel id="54b75da90630265" stepNo="step01" baseSchema="CBD_PROBLEM" fieldID="54b4d8bd0630684" visiable="1" required="0" fieldType="CharacterField"/>
			<fieldrel id="54b75da90630284" stepNo="step01" baseSchema="CBD_PROBLEM" fieldID="54b5d16c0630282" visiable="1" required="0" fieldType="PanelField"/>
			<fieldrel id="54b75da90630260" stepNo="step01" baseSchema="CBD_PROBLEM" fieldID="54b4d77b0630679" visiable="1" required="1" fieldType="CharacterField"/>
			<fieldrel id="54b75da90630266" stepNo="step01" baseSchema="CBD_PROBLEM" fieldID="54b4d90a0630685" visiable="1" required="0" fieldType="CharacterField"/>
			<fieldrel id="54c485810630946" stepNo="step01" baseSchema="CBD_PROBLEM" fieldID="54c4855b0630945" visiable="1" required="1" fieldType="CharacterField"/>
			<fieldrel id="54b75da90630261" stepNo="step01" baseSchema="CBD_PROBLEM" fieldID="54b4d7da0630680" visiable="1" required="0" fieldType="CharacterField"/>
			<fieldrel id="54b75da90630255" stepNo="step01" baseSchema="CBD_PROBLEM" fieldID="54b4d3380630449" visiable="1" required="0" fieldType="PanelGroupField"/>
			<fieldrel id="54ca09230632535" stepNo="step01" baseSchema="CBD_PROBLEM" fieldID="54ca09000632416" visiable="1" required="1" fieldType="HiddenField"/>
			<fieldrel id="54b75da90630263" stepNo="step01" baseSchema="CBD_PROBLEM" fieldID="54b4d8440630682" visiable="1" required="0" fieldType="CharacterField"/>
			<fieldrel id="54c7406403D1650" stepNo="step01" baseSchema="CBD_PROBLEM" fieldID="54c73ae203D0752" visiable="1" required="1" fieldType="SelectField"/>
			<fieldrel id="54c9b9be03D1543" stepNo="step01" baseSchema="CBD_PROBLEM" fieldID="54b7695b0630415" visiable="1" required="1" fieldType="PanelField"/>
		</fieldrels>
		<actions>
			<action id="54b7209b0630502" stepNo="step01" baseSchema="CBD_PROBLEM" label="保存" actionName="SAVE" actionType="SAVE" isFree="0" hasNext="0" description="保存当前填写的信息" isClose="0" hasDeploy="1" operate="add">
				<fieldrels/>
			</action>
			<action id="54b7210c0630504" stepNo="step01" baseSchema="CBD_PROBLEM" label="作废" actionName="CANCEL" actionType="CANCEL" isFree="0" hasNext="1" description="工单作废" isClose="1" hasDeploy="1" operate="add">
				<fieldrels>
					<fieldrel id="54b75e030630287" stepNo="step01" baseSchema="CBD_PROBLEM" actionName="CANCEL" fieldID="54b61c0a03D0505" visiable="1" required="1" fieldType="CharacterField"/>
				</fieldrels>
			</action>
			<action id="54b720e00630503" stepNo="step01" baseSchema="CBD_PROBLEM" label="提交问题" actionName="toSubmit" actionType="NEXT" isFree="0" hasNext="1" description="提交问题" isClose="1" hasDeploy="1" operate="add">
				<fieldrels>
					<fieldrel id="54b75e120630289" stepNo="step01" baseSchema="CBD_PROBLEM" actionName="toSubmit" fieldID="54b61c0a03D0505" visiable="1" required="1" fieldType="CharacterField"/>
					<fieldrel id="54d851b103D1173" stepNo="step01" baseSchema="CBD_PROBLEM" actionName="toSubmit" fieldID="54c9cd390630314" visiable="1" required="0" fieldType="CollectField"/>
					<fieldrel id="54d819af0630339" stepNo="step01" baseSchema="CBD_PROBLEM" actionName="toSubmit" fieldID="54b6195d03D0486" visiable="1" required="1" fieldType="AssignTreeField"/>
				</fieldrels>
			</action>
		</actions>
	</step>
	<step id="54b71faa0630385" stepNo="step04" baseSchema="CBD_PROBLEM" description="验证" roleName="建单人" roleID="R4" roleProcessRoleType="5" actionType="DEAL" taskPolicy="SHARE" acceptOver="0" dealOver="0" hasDeploy="1" operate="add" hasSubFlow="0">
		<fieldrels>
			<fieldrel id="54ca0d370632973" stepNo="step04" baseSchema="CBD_PROBLEM" fieldID="54c8876e03D0876" visiable="0" required="0" fieldType="HiddenField"/>
			<fieldrel id="54ca0d370632974" stepNo="step04" baseSchema="CBD_PROBLEM" fieldID="54c887bb03D0877" visiable="0" required="0" fieldType="HiddenField"/>
			<fieldrel id="54ca0d370632975" stepNo="step04" baseSchema="CBD_PROBLEM" fieldID="54ca08e30632415" visiable="0" required="0" fieldType="HiddenField"/>
			<fieldrel id="54ca0d370632976" stepNo="step04" baseSchema="CBD_PROBLEM" fieldID="54ca09000632416" visiable="0" required="0" fieldType="HiddenField"/>
			<fieldrel id="54d1bab803D0406" stepNo="step04" baseSchema="CBD_PROBLEM" fieldID="54d1ba3503D0280" visiable="1" required="1" fieldType="HiddenField"/>
			<fieldrel id="54c869ed03D0614" stepNo="step04" baseSchema="CBD_PROBLEM" fieldID="54c8453103D0575" visiable="0" required="0" fieldType="HiddenField"/>
			<fieldrel id="54d1bab803D0407" stepNo="step04" baseSchema="CBD_PROBLEM" fieldID="54d1ba5e03D0281" visiable="1" required="1" fieldType="HiddenField"/>
		</fieldrels>
		<actions>
			<action id="54b727690630513" stepNo="step04" baseSchema="CBD_PROBLEM" label="通过" actionName="ToPass" actionType="NEXT" isFree="0" hasNext="1" description="验证通过" isClose="1" hasDeploy="1" operate="add">
				<fieldrels>
					<fieldrel id="54b8738b03D0402" stepNo="step04" baseSchema="CBD_PROBLEM" actionName="ToPass" fieldID="54b6195d03D0486" visiable="1" required="1" fieldType="AssignTreeField"/>
					<fieldrel id="54b75ec00630333" stepNo="step04" baseSchema="CBD_PROBLEM" actionName="ToPass" fieldID="54b61c0a03D0505" visiable="1" required="1" fieldType="CharacterField"/>
				</fieldrels>
			</action>
			<action id="54b7278f0630514" stepNo="step04" baseSchema="CBD_PROBLEM" label="不通过" actionName="NoPass" actionType="NEXT" isFree="0" hasNext="1" description="验证不通过" isClose="1" hasDeploy="1" operate="add">
				<fieldrels>
					<fieldrel id="54b766280630391" stepNo="step04" baseSchema="CBD_PROBLEM" actionName="NoPass" fieldID="54b61c0a03D0505" visiable="1" required="0" fieldType="CharacterField"/>
				</fieldrels>
			</action>
		</actions>
	</step>
</steps>
