
insert into BS_T_SM_MENUTREE (PID, NODENAME, NODETYPE, PARENTID, NODEURL, STATUS, NODEMARK, OPENWAY, APPLYSYSNAME, MENUICON, NODEPATH, CLASSNAME, ORDERNUM, CREATER, CREATETIME, LASTMODIFIER, LASTMODIFYTIME, REMARK)
values ('ef4381434941185c0149411b24520001', '服务请求配置', 1, '297e39d129818eb601298196bb9c0001', 'serverQuest/serverQuestManger.jsp', 1, 'serverQuestManger', '1', null, null, '当前位置：服务请求配置', null, 100, '297e39d1298150e8012981703b700002', 1414136538, '297e39d1298150e8012981703b700002', 1414136538, null);
insert into BS_T_SM_MENUTREE (PID, NODENAME, NODETYPE, PARENTID, NODEURL, STATUS, NODEMARK, OPENWAY, APPLYSYSNAME, MENUICON, NODEPATH, CLASSNAME, ORDERNUM, CREATER, CREATETIME, LASTMODIFIER, LASTMODIFYTIME, REMARK)
values ('40289afc4993cef0014993d0aa290001', '变更工单评审配置表', 1, '297e39d129818eb601298196bb9c0001', 'business/changeIsAuditConfig.action', 0, 'chgAuditConfig', '1', null, null, '当前位置：变更工单评审配置表', null, 101, '297e39d1298150e8012981703b700002', 1415524166, '297e39d1298150e8012981703b700002', 1415857136, null);
insert into BS_T_SM_MENUTREE (PID, NODENAME, NODETYPE, PARENTID, NODEURL, STATUS, NODEMARK, OPENWAY, APPLYSYSNAME, MENUICON, NODEPATH, CLASSNAME, ORDERNUM, CREATER, CREATETIME, LASTMODIFIER, LASTMODIFYTIME, REMARK)
values ('40289afc499464db01499465c6980001', '变更发布分类配置', 1, '297e39d129818eb601298196bb9c0001', 'commonTree/commonTree.action?type=changeType'||'&'||''||'&'||'pageURL=cdbBusiness/busSystemTree'||'&'||''||'&'||'level=', 1, 'changeDealUserConfig', '1', null, null, '当前位置：变更发布分类配置', null, 102, '297e39d1298150e8012981703b700002', 1415533938, '297e39d1298150e8012981703b700002', 1416290597, null);
insert into BS_T_SM_MENUTREE (PID, NODENAME, NODETYPE, PARENTID, NODEURL, STATUS, NODEMARK, OPENWAY, APPLYSYSNAME, MENUICON, NODEPATH, CLASSNAME, ORDERNUM, CREATER, CREATETIME, LASTMODIFIER, LASTMODIFYTIME, REMARK)
values ('8aa2a1cd49a7efd80149a7f219710001', '发布处理人配置', 1, '297e39d129818eb601298196bb9c0001', 'business/changeDealUserConfig.action?userMap.baseSchema=CDB_RELEASE'||'&'||''||'&'||'userMap.changeType=1', 1, 'releaseconfig', '1', null, null, '当前位置：发布处理人配置', null, 103, '297e39d1298150e8012981703b700002', 1415861901, '297e39d1298150e8012981703b700002', 1415861901, null);
insert into BS_T_SM_MENUTREE (PID, NODENAME, NODETYPE, PARENTID, NODEURL, STATUS, NODEMARK, OPENWAY, APPLYSYSNAME, MENUICON, NODEPATH, CLASSNAME, ORDERNUM, CREATER, CREATETIME, LASTMODIFIER, LASTMODIFYTIME, REMARK)
values ('40289ae449b6a13c0149b6fe70cb0001', '业务系统配置', 1, '297e39d129818eb601298196bb9c0001', 'commonTree/commonTree.action?type=busSystem'||'&'||''||'&'||'pageURL=cdbBusiness/busSystemTree'||'&'||''||'&'||'level=', 1, 'busSystem', '1', null, null, '当前位置：业务系统配置', null, 111, '297e39d1298150e8012981703b700002', 1416114368, 'f7a37befa67540b0ab60449e72303afe', 1416280501, null);
insert into BS_T_SM_MENUTREE (PID, NODENAME, NODETYPE, PARENTID, NODEURL, STATUS, NODEMARK, OPENWAY, APPLYSYSNAME, MENUICON, NODEPATH, CLASSNAME, ORDERNUM, CREATER, CREATETIME, LASTMODIFIER, LASTMODIFYTIME, REMARK)
values ('297e8b9149c0b4f80149c0e494550007', '变更对象配置', 1, '297e39d129818eb601298196bb9c0001', 'commonTree/commonTree.action?type=chgObject'||'&'||''||'&'||'pageURL=cdbBusiness/busSystemTree'||'&'||''||'&'||'level=1', 1, 'chgObject', '1', null, null, '当前位置：变更对象配置', null, 110, 'f7a37befa67540b0ab60449e72303afe', 1416280446, '297e39d1298150e8012981703b700002', 1416290005, null);
insert into BS_T_SM_MENUTREE (PID, NODENAME, NODETYPE, PARENTID, NODEURL, STATUS, NODEMARK, OPENWAY, APPLYSYSNAME, MENUICON, NODEPATH, CLASSNAME, ORDERNUM, CREATER, CREATETIME, LASTMODIFIER, LASTMODIFYTIME, REMARK)
values ('297e8b9149c0b4f80149c0e858f00009', '变更类型配置', 1, '297e39d129818eb601298196bb9c0001', 'commonTree/commonTree.action?type=chgType'||'&'||''||'&'||'pageURL='||'&'||''||'&'||'level=', 1, 'chgType', '1', null, null, '当前位置：变更类型配置', null, 111, 'f7a37befa67540b0ab60449e72303afe', 1416280692, 'f7a37befa67540b0ab60449e72303afe', 1416280718, null);
insert into BS_T_SM_MENUTREE (PID, NODENAME, NODETYPE, PARENTID, NODEURL, STATUS, NODEMARK, OPENWAY, APPLYSYSNAME, MENUICON, NODEPATH, CLASSNAME, ORDERNUM, CREATER, CREATETIME, LASTMODIFIER, LASTMODIFYTIME, REMARK)
values ('297e8b9149c0b4f80149c0eafc48000b', '变更综合属性配置', 1, '297e39d129818eb601298196bb9c0001', 'business/changeDealUserConfig.action?userMap.baseSchema=CDB_CHANGE', 1, 'CHGDEALUSER', '1', null, null, '当前位置：变更综合属性配置', null, 112, 'f7a37befa67540b0ab60449e72303afe', 1416280865, '297e39d1298150e8012981703b700002', 1416289765, null);
commit;

create table BS_T_SM_COMMONTREE
(
  ID           VARCHAR2(255) not null primary key,
  NAME         VARCHAR2(100) not null,
  FULLNAME     VARCHAR2(1000) not null,
  PID          VARCHAR2(255) default 0 not null,
  TLEVEL       NUMBER not null,
  ORDERBY      NUMBER,
  TYPE         VARCHAR2(100) not null,
  PROPFIELD_01 VARCHAR2(1000),
  PROPFIELD_02 VARCHAR2(1000),
  PROPFIELD_03 VARCHAR2(1000),
  PROPFIELD_04 VARCHAR2(1000),
  PROPFIELD_05 VARCHAR2(1000),
  PROPFIELD_06 VARCHAR2(1000),
  PROPFIELD_07 VARCHAR2(1000),
  PROPFIELD_08 VARCHAR2(1000),
  PROPFIELD_09 VARCHAR2(1000),
  PROPFIELD_10 VARCHAR2(1000),
  PROPFIELD_11 VARCHAR2(1000),
  PROPFIELD_12 VARCHAR2(1000),
  PROPFIELD_13 VARCHAR2(1000),
  PROPFIELD_14 VARCHAR2(1000),
  PROPFIELD_15 VARCHAR2(1000),
  PROPFIELD_16 VARCHAR2(2000),
  PROPFIELD_17 VARCHAR2(2000),
  PROPFIELD_18 VARCHAR2(2000),
  PROPFIELD_19 VARCHAR2(2000),
  PROPFIELD_20 VARCHAR2(2000),
  PROPFIELD_21 VARCHAR2(2000),
  PROPFIELD_22 VARCHAR2(2000),
  PROPFIELD_23 VARCHAR2(2000),
  PROPFIELD_24 VARCHAR2(2000),
  PROPFIELD_25 VARCHAR2(2000),
  PROPFIELD_26 VARCHAR2(2000),
  PROPFIELD_27 VARCHAR2(2000),
  PROPFIELD_28 VARCHAR2(2000),
  PROPFIELD_29 VARCHAR2(2000),
  PROPFIELD_30 VARCHAR2(2000)
);
comment on column BS_T_SM_COMMONTREE.ID
  is '关键字';
comment on column BS_T_SM_COMMONTREE.NAME
  is '树节点名称';
comment on column BS_T_SM_COMMONTREE.FULLNAME
  is '树节点全称';
comment on column BS_T_SM_COMMONTREE.PID
  is '父节点ID 第一级为0';
comment on column BS_T_SM_COMMONTREE.TLEVEL
  is '几级节点';
comment on column BS_T_SM_COMMONTREE.TYPE
  is '对象分类';
comment on column BS_T_SM_COMMONTREE.PROPFIELD_01
  is '字段属性1';
comment on column BS_T_SM_COMMONTREE.PROPFIELD_02
  is '字段属性2';


insert into BS_T_SM_COMMONTREE (ID, NAME, FULLNAME, PID, TLEVEL, ORDERBY, TYPE, PROPFIELD_01, PROPFIELD_02, PROPFIELD_03, PROPFIELD_04, PROPFIELD_05, PROPFIELD_06, PROPFIELD_07, PROPFIELD_08, PROPFIELD_09, PROPFIELD_10, PROPFIELD_11, PROPFIELD_12, PROPFIELD_13, PROPFIELD_14, PROPFIELD_15, PROPFIELD_16, PROPFIELD_17, PROPFIELD_18, PROPFIELD_19, PROPFIELD_20, PROPFIELD_21, PROPFIELD_22, PROPFIELD_23, PROPFIELD_24, PROPFIELD_25, PROPFIELD_26, PROPFIELD_27, PROPFIELD_28, PROPFIELD_29, PROPFIELD_30)
values ('0001', '服务类', '服务类', '0', 1, 1, 'changeType', null, null, null, null, null, null, null, null, null, null, null, null, null, null, null, null, null, null, null, null, null, null, null, null, null, null, null, null, null, null);
insert into BS_T_SM_COMMONTREE (ID, NAME, FULLNAME, PID, TLEVEL, ORDERBY, TYPE, PROPFIELD_01, PROPFIELD_02, PROPFIELD_03, PROPFIELD_04, PROPFIELD_05, PROPFIELD_06, PROPFIELD_07, PROPFIELD_08, PROPFIELD_09, PROPFIELD_10, PROPFIELD_11, PROPFIELD_12, PROPFIELD_13, PROPFIELD_14, PROPFIELD_15, PROPFIELD_16, PROPFIELD_17, PROPFIELD_18, PROPFIELD_19, PROPFIELD_20, PROPFIELD_21, PROPFIELD_22, PROPFIELD_23, PROPFIELD_24, PROPFIELD_25, PROPFIELD_26, PROPFIELD_27, PROPFIELD_28, PROPFIELD_29, PROPFIELD_30)
values ('0001111', '服务类', '服务类.服务类', '0001', 2, 1, 'changeType', null, null, null, null, null, null, null, null, null, null, null, null, null, null, null, null, null, null, null, null, null, null, null, null, null, null, null, null, null, null);
insert into BS_T_SM_COMMONTREE (ID, NAME, FULLNAME, PID, TLEVEL, ORDERBY, TYPE, PROPFIELD_01, PROPFIELD_02, PROPFIELD_03, PROPFIELD_04, PROPFIELD_05, PROPFIELD_06, PROPFIELD_07, PROPFIELD_08, PROPFIELD_09, PROPFIELD_10, PROPFIELD_11, PROPFIELD_12, PROPFIELD_13, PROPFIELD_14, PROPFIELD_15, PROPFIELD_16, PROPFIELD_17, PROPFIELD_18, PROPFIELD_19, PROPFIELD_20, PROPFIELD_21, PROPFIELD_22, PROPFIELD_23, PROPFIELD_24, PROPFIELD_25, PROPFIELD_26, PROPFIELD_27, PROPFIELD_28, PROPFIELD_29, PROPFIELD_30)
values ('afa60a37-a7c6-43d5-88a2-937babaf797c', '外汇黑名单检索系统运维', '业务生产类.业务生产类.外汇黑名单检索系统运维', '4a557e63-eeb4-4102-afab-eeea656ba062', 3, 1, 'busSystem', 'G#:47ad88a022144fe3845cbec94f895e87', '国家开发银行', null, null, null, null, null, null, null, null, null, null, null, null, null, null, null, null, null, null, null, null, null, null, null, null, null, null, null, null);
insert into BS_T_SM_COMMONTREE (ID, NAME, FULLNAME, PID, TLEVEL, ORDERBY, TYPE, PROPFIELD_01, PROPFIELD_02, PROPFIELD_03, PROPFIELD_04, PROPFIELD_05, PROPFIELD_06, PROPFIELD_07, PROPFIELD_08, PROPFIELD_09, PROPFIELD_10, PROPFIELD_11, PROPFIELD_12, PROPFIELD_13, PROPFIELD_14, PROPFIELD_15, PROPFIELD_16, PROPFIELD_17, PROPFIELD_18, PROPFIELD_19, PROPFIELD_20, PROPFIELD_21, PROPFIELD_22, PROPFIELD_23, PROPFIELD_24, PROPFIELD_25, PROPFIELD_26, PROPFIELD_27, PROPFIELD_28, PROPFIELD_29, PROPFIELD_30)
values ('7b91ebbd-dec6-4eae-840b-1640c44099a2', '外事管理系统运维', '业务生产类.业务生产类.外事管理系统运维', '4a557e63-eeb4-4102-afab-eeea656ba062', 3, 2, 'busSystem', 'U#:Demo', '系统管理员', null, null, null, null, null, null, null, null, null, null, null, null, null, null, null, null, null, null, null, null, null, null, null, null, null, null, null, null);
insert into BS_T_SM_COMMONTREE (ID, NAME, FULLNAME, PID, TLEVEL, ORDERBY, TYPE, PROPFIELD_01, PROPFIELD_02, PROPFIELD_03, PROPFIELD_04, PROPFIELD_05, PROPFIELD_06, PROPFIELD_07, PROPFIELD_08, PROPFIELD_09, PROPFIELD_10, PROPFIELD_11, PROPFIELD_12, PROPFIELD_13, PROPFIELD_14, PROPFIELD_15, PROPFIELD_16, PROPFIELD_17, PROPFIELD_18, PROPFIELD_19, PROPFIELD_20, PROPFIELD_21, PROPFIELD_22, PROPFIELD_23, PROPFIELD_24, PROPFIELD_25, PROPFIELD_26, PROPFIELD_27, PROPFIELD_28, PROPFIELD_29, PROPFIELD_30)
values ('afb93cf8-d08a-4358-9a19-e05912670267', '香港分行国际计算和贸易融资系统运维', '业务生产类.业务生产类.香港分行国际计算和贸易融资系统运维', '4a557e63-eeb4-4102-afab-eeea656ba062', 3, 3, 'busSystem', 'G#:b6258acf8fb04e57bfb032438a6ab339', '服务二处', null, null, null, null, null, null, null, null, null, null, null, null, null, null, null, null, null, null, null, null, null, null, null, null, null, null, null, null);
insert into BS_T_SM_COMMONTREE (ID, NAME, FULLNAME, PID, TLEVEL, ORDERBY, TYPE, PROPFIELD_01, PROPFIELD_02, PROPFIELD_03, PROPFIELD_04, PROPFIELD_05, PROPFIELD_06, PROPFIELD_07, PROPFIELD_08, PROPFIELD_09, PROPFIELD_10, PROPFIELD_11, PROPFIELD_12, PROPFIELD_13, PROPFIELD_14, PROPFIELD_15, PROPFIELD_16, PROPFIELD_17, PROPFIELD_18, PROPFIELD_19, PROPFIELD_20, PROPFIELD_21, PROPFIELD_22, PROPFIELD_23, PROPFIELD_24, PROPFIELD_25, PROPFIELD_26, PROPFIELD_27, PROPFIELD_28, PROPFIELD_29, PROPFIELD_30)
values ('58d38cdf-c91a-4abb-9246-94f5634f7c5c', '业务生产类', '业务生产类', '0', 1, 1, 'busSystem', null, null, null, null, null, null, null, null, null, null, null, null, null, null, null, null, null, null, null, null, null, null, null, null, null, null, null, null, null, null);
insert into BS_T_SM_COMMONTREE (ID, NAME, FULLNAME, PID, TLEVEL, ORDERBY, TYPE, PROPFIELD_01, PROPFIELD_02, PROPFIELD_03, PROPFIELD_04, PROPFIELD_05, PROPFIELD_06, PROPFIELD_07, PROPFIELD_08, PROPFIELD_09, PROPFIELD_10, PROPFIELD_11, PROPFIELD_12, PROPFIELD_13, PROPFIELD_14, PROPFIELD_15, PROPFIELD_16, PROPFIELD_17, PROPFIELD_18, PROPFIELD_19, PROPFIELD_20, PROPFIELD_21, PROPFIELD_22, PROPFIELD_23, PROPFIELD_24, PROPFIELD_25, PROPFIELD_26, PROPFIELD_27, PROPFIELD_28, PROPFIELD_29, PROPFIELD_30)
values ('4a557e63-eeb4-4102-afab-eeea656ba062', '业务生产类', '业务生产类.业务生产类', '58d38cdf-c91a-4abb-9246-94f5634f7c5c', 2, 1, 'busSystem', null, null, null, null, null, null, null, null, null, null, null, null, null, null, null, null, null, null, null, null, null, null, null, null, null, null, null, null, null, null);
insert into BS_T_SM_COMMONTREE (ID, NAME, FULLNAME, PID, TLEVEL, ORDERBY, TYPE, PROPFIELD_01, PROPFIELD_02, PROPFIELD_03, PROPFIELD_04, PROPFIELD_05, PROPFIELD_06, PROPFIELD_07, PROPFIELD_08, PROPFIELD_09, PROPFIELD_10, PROPFIELD_11, PROPFIELD_12, PROPFIELD_13, PROPFIELD_14, PROPFIELD_15, PROPFIELD_16, PROPFIELD_17, PROPFIELD_18, PROPFIELD_19, PROPFIELD_20, PROPFIELD_21, PROPFIELD_22, PROPFIELD_23, PROPFIELD_24, PROPFIELD_25, PROPFIELD_26, PROPFIELD_27, PROPFIELD_28, PROPFIELD_29, PROPFIELD_30)
values ('066cbb91-507d-414b-b103-6685f682735d', '管理分析类', '管理分析类', '0', 1, 2, 'busSystem', null, null, null, null, null, null, null, null, null, null, null, null, null, null, null, null, null, null, null, null, null, null, null, null, null, null, null, null, null, null);
insert into BS_T_SM_COMMONTREE (ID, NAME, FULLNAME, PID, TLEVEL, ORDERBY, TYPE, PROPFIELD_01, PROPFIELD_02, PROPFIELD_03, PROPFIELD_04, PROPFIELD_05, PROPFIELD_06, PROPFIELD_07, PROPFIELD_08, PROPFIELD_09, PROPFIELD_10, PROPFIELD_11, PROPFIELD_12, PROPFIELD_13, PROPFIELD_14, PROPFIELD_15, PROPFIELD_16, PROPFIELD_17, PROPFIELD_18, PROPFIELD_19, PROPFIELD_20, PROPFIELD_21, PROPFIELD_22, PROPFIELD_23, PROPFIELD_24, PROPFIELD_25, PROPFIELD_26, PROPFIELD_27, PROPFIELD_28, PROPFIELD_29, PROPFIELD_30)
values ('cf60310a-b373-4a74-b655-525f24af8506', '管理分析类', '管理分析类.管理分析类', '066cbb91-507d-414b-b103-6685f682735d', 2, 1, 'busSystem', null, null, null, null, null, null, null, null, null, null, null, null, null, null, null, null, null, null, null, null, null, null, null, null, null, null, null, null, null, null);
insert into BS_T_SM_COMMONTREE (ID, NAME, FULLNAME, PID, TLEVEL, ORDERBY, TYPE, PROPFIELD_01, PROPFIELD_02, PROPFIELD_03, PROPFIELD_04, PROPFIELD_05, PROPFIELD_06, PROPFIELD_07, PROPFIELD_08, PROPFIELD_09, PROPFIELD_10, PROPFIELD_11, PROPFIELD_12, PROPFIELD_13, PROPFIELD_14, PROPFIELD_15, PROPFIELD_16, PROPFIELD_17, PROPFIELD_18, PROPFIELD_19, PROPFIELD_20, PROPFIELD_21, PROPFIELD_22, PROPFIELD_23, PROPFIELD_24, PROPFIELD_25, PROPFIELD_26, PROPFIELD_27, PROPFIELD_28, PROPFIELD_29, PROPFIELD_30)
values ('977c9ccc-a7b8-4f17-b73b-9a03c2a7dc24', '现金流分析及滚动预测系统二期', '管理分析类.管理分析类.现金流分析及滚动预测系统二期', 'cf60310a-b373-4a74-b655-525f24af8506', 3, 1, 'busSystem', null, null, null, null, null, null, null, null, null, null, null, null, null, null, null, null, null, null, null, null, null, null, null, null, null, null, null, null, null, null);
insert into BS_T_SM_COMMONTREE (ID, NAME, FULLNAME, PID, TLEVEL, ORDERBY, TYPE, PROPFIELD_01, PROPFIELD_02, PROPFIELD_03, PROPFIELD_04, PROPFIELD_05, PROPFIELD_06, PROPFIELD_07, PROPFIELD_08, PROPFIELD_09, PROPFIELD_10, PROPFIELD_11, PROPFIELD_12, PROPFIELD_13, PROPFIELD_14, PROPFIELD_15, PROPFIELD_16, PROPFIELD_17, PROPFIELD_18, PROPFIELD_19, PROPFIELD_20, PROPFIELD_21, PROPFIELD_22, PROPFIELD_23, PROPFIELD_24, PROPFIELD_25, PROPFIELD_26, PROPFIELD_27, PROPFIELD_28, PROPFIELD_29, PROPFIELD_30)
values ('a91b1474-3160-4b01-aa6c-0aa4ba684ebd', '风险管理整合系统', '管理分析类.管理分析类.风险管理整合系统', 'cf60310a-b373-4a74-b655-525f24af8506', 3, 1, 'busSystem', null, null, null, null, null, null, null, null, null, null, null, null, null, null, null, null, null, null, null, null, null, null, null, null, null, null, null, null, null, null);
insert into BS_T_SM_COMMONTREE (ID, NAME, FULLNAME, PID, TLEVEL, ORDERBY, TYPE, PROPFIELD_01, PROPFIELD_02, PROPFIELD_03, PROPFIELD_04, PROPFIELD_05, PROPFIELD_06, PROPFIELD_07, PROPFIELD_08, PROPFIELD_09, PROPFIELD_10, PROPFIELD_11, PROPFIELD_12, PROPFIELD_13, PROPFIELD_14, PROPFIELD_15, PROPFIELD_16, PROPFIELD_17, PROPFIELD_18, PROPFIELD_19, PROPFIELD_20, PROPFIELD_21, PROPFIELD_22, PROPFIELD_23, PROPFIELD_24, PROPFIELD_25, PROPFIELD_26, PROPFIELD_27, PROPFIELD_28, PROPFIELD_29, PROPFIELD_30)
values ('a3af9e82-b742-4525-a3f5-496dd4f6501c', '内部风险管理系统', '管理分析类.管理分析类.内部风险管理系统', 'cf60310a-b373-4a74-b655-525f24af8506', 3, 3, 'busSystem', null, null, null, null, null, null, null, null, null, null, null, null, null, null, null, null, null, null, null, null, null, null, null, null, null, null, null, null, null, null);
insert into BS_T_SM_COMMONTREE (ID, NAME, FULLNAME, PID, TLEVEL, ORDERBY, TYPE, PROPFIELD_01, PROPFIELD_02, PROPFIELD_03, PROPFIELD_04, PROPFIELD_05, PROPFIELD_06, PROPFIELD_07, PROPFIELD_08, PROPFIELD_09, PROPFIELD_10, PROPFIELD_11, PROPFIELD_12, PROPFIELD_13, PROPFIELD_14, PROPFIELD_15, PROPFIELD_16, PROPFIELD_17, PROPFIELD_18, PROPFIELD_19, PROPFIELD_20, PROPFIELD_21, PROPFIELD_22, PROPFIELD_23, PROPFIELD_24, PROPFIELD_25, PROPFIELD_26, PROPFIELD_27, PROPFIELD_28, PROPFIELD_29, PROPFIELD_30)
values ('f294be11-809c-481d-b5e4-d6e0d9c3afae', '评级器系统', '管理分析类.管理分析类.评级器系统', 'cf60310a-b373-4a74-b655-525f24af8506', 3, 4, 'busSystem', null, null, null, null, null, null, null, null, null, null, null, null, null, null, null, null, null, null, null, null, null, null, null, null, null, null, null, null, null, null);
insert into BS_T_SM_COMMONTREE (ID, NAME, FULLNAME, PID, TLEVEL, ORDERBY, TYPE, PROPFIELD_01, PROPFIELD_02, PROPFIELD_03, PROPFIELD_04, PROPFIELD_05, PROPFIELD_06, PROPFIELD_07, PROPFIELD_08, PROPFIELD_09, PROPFIELD_10, PROPFIELD_11, PROPFIELD_12, PROPFIELD_13, PROPFIELD_14, PROPFIELD_15, PROPFIELD_16, PROPFIELD_17, PROPFIELD_18, PROPFIELD_19, PROPFIELD_20, PROPFIELD_21, PROPFIELD_22, PROPFIELD_23, PROPFIELD_24, PROPFIELD_25, PROPFIELD_26, PROPFIELD_27, PROPFIELD_28, PROPFIELD_29, PROPFIELD_30)
values ('25a96d86-8321-436e-873a-c54cabf4f675', 'OA帐号申请', '服务类.服务类.OA帐号申请', '0001111', 3, 1, 'changeType', 'G#:3be297800e094fd0882cfb65e08f3fbf', '运维中心', null, null, null, null, null, null, null, null, null, null, null, null, ', ', null, null, null, null, null, null, null, null, null, null, null, null, null, null, null);
insert into BS_T_SM_COMMONTREE (ID, NAME, FULLNAME, PID, TLEVEL, ORDERBY, TYPE, PROPFIELD_01, PROPFIELD_02, PROPFIELD_03, PROPFIELD_04, PROPFIELD_05, PROPFIELD_06, PROPFIELD_07, PROPFIELD_08, PROPFIELD_09, PROPFIELD_10, PROPFIELD_11, PROPFIELD_12, PROPFIELD_13, PROPFIELD_14, PROPFIELD_15, PROPFIELD_16, PROPFIELD_17, PROPFIELD_18, PROPFIELD_19, PROPFIELD_20, PROPFIELD_21, PROPFIELD_22, PROPFIELD_23, PROPFIELD_24, PROPFIELD_25, PROPFIELD_26, PROPFIELD_27, PROPFIELD_28, PROPFIELD_29, PROPFIELD_30)
values ('b3a9b3a5-da09-4ebb-aa4b-9a53f847c034', '接入层交换机', '接入层交换机', '0', 1, 1, 'chgObject', null, null, null, null, null, null, null, null, null, null, null, null, null, null, null, null, null, null, null, null, null, null, null, null, null, null, null, null, null, null);
insert into BS_T_SM_COMMONTREE (ID, NAME, FULLNAME, PID, TLEVEL, ORDERBY, TYPE, PROPFIELD_01, PROPFIELD_02, PROPFIELD_03, PROPFIELD_04, PROPFIELD_05, PROPFIELD_06, PROPFIELD_07, PROPFIELD_08, PROPFIELD_09, PROPFIELD_10, PROPFIELD_11, PROPFIELD_12, PROPFIELD_13, PROPFIELD_14, PROPFIELD_15, PROPFIELD_16, PROPFIELD_17, PROPFIELD_18, PROPFIELD_19, PROPFIELD_20, PROPFIELD_21, PROPFIELD_22, PROPFIELD_23, PROPFIELD_24, PROPFIELD_25, PROPFIELD_26, PROPFIELD_27, PROPFIELD_28, PROPFIELD_29, PROPFIELD_30)
values ('c51be3b4-bb19-42f9-987d-7eadaf73d7a2', '一般变更', '一般变更', '0', 1, 1, 'chgType', null, null, null, null, null, null, null, null, null, null, null, null, null, null, null, null, null, null, null, null, null, null, null, null, null, null, null, null, null, null);
insert into BS_T_SM_COMMONTREE (ID, NAME, FULLNAME, PID, TLEVEL, ORDERBY, TYPE, PROPFIELD_01, PROPFIELD_02, PROPFIELD_03, PROPFIELD_04, PROPFIELD_05, PROPFIELD_06, PROPFIELD_07, PROPFIELD_08, PROPFIELD_09, PROPFIELD_10, PROPFIELD_11, PROPFIELD_12, PROPFIELD_13, PROPFIELD_14, PROPFIELD_15, PROPFIELD_16, PROPFIELD_17, PROPFIELD_18, PROPFIELD_19, PROPFIELD_20, PROPFIELD_21, PROPFIELD_22, PROPFIELD_23, PROPFIELD_24, PROPFIELD_25, PROPFIELD_26, PROPFIELD_27, PROPFIELD_28, PROPFIELD_29, PROPFIELD_30)
values ('e20a69e2-16d6-4978-9a98-fd6885c04549', '标准变更', '标准变更', '0', 1, 2, 'chgType', null, null, null, null, null, null, null, null, null, null, null, null, null, null, null, null, null, null, null, null, null, null, null, null, null, null, null, null, null, null);
insert into BS_T_SM_COMMONTREE (ID, NAME, FULLNAME, PID, TLEVEL, ORDERBY, TYPE, PROPFIELD_01, PROPFIELD_02, PROPFIELD_03, PROPFIELD_04, PROPFIELD_05, PROPFIELD_06, PROPFIELD_07, PROPFIELD_08, PROPFIELD_09, PROPFIELD_10, PROPFIELD_11, PROPFIELD_12, PROPFIELD_13, PROPFIELD_14, PROPFIELD_15, PROPFIELD_16, PROPFIELD_17, PROPFIELD_18, PROPFIELD_19, PROPFIELD_20, PROPFIELD_21, PROPFIELD_22, PROPFIELD_23, PROPFIELD_24, PROPFIELD_25, PROPFIELD_26, PROPFIELD_27, PROPFIELD_28, PROPFIELD_29, PROPFIELD_30)
values ('c2c81f9b-17f1-43d8-8fab-9b8ec4b4bfdd', '重大变更', '重大变更', '0', 1, 3, 'chgType', null, null, null, null, null, null, null, null, null, null, null, null, null, null, null, null, null, null, null, null, null, null, null, null, null, null, null, null, null, null);
insert into BS_T_SM_COMMONTREE (ID, NAME, FULLNAME, PID, TLEVEL, ORDERBY, TYPE, PROPFIELD_01, PROPFIELD_02, PROPFIELD_03, PROPFIELD_04, PROPFIELD_05, PROPFIELD_06, PROPFIELD_07, PROPFIELD_08, PROPFIELD_09, PROPFIELD_10, PROPFIELD_11, PROPFIELD_12, PROPFIELD_13, PROPFIELD_14, PROPFIELD_15, PROPFIELD_16, PROPFIELD_17, PROPFIELD_18, PROPFIELD_19, PROPFIELD_20, PROPFIELD_21, PROPFIELD_22, PROPFIELD_23, PROPFIELD_24, PROPFIELD_25, PROPFIELD_26, PROPFIELD_27, PROPFIELD_28, PROPFIELD_29, PROPFIELD_30)
values ('ea05a2a1-41e5-44fd-b608-a61272d91c60', '核心业务系统', '核心业务系统', '0', 1, null, 'chgObject', null, null, null, null, null, null, null, null, null, null, null, null, null, null, null, null, null, null, null, null, null, null, null, null, null, null, null, null, null, null);
insert into BS_T_SM_COMMONTREE (ID, NAME, FULLNAME, PID, TLEVEL, ORDERBY, TYPE, PROPFIELD_01, PROPFIELD_02, PROPFIELD_03, PROPFIELD_04, PROPFIELD_05, PROPFIELD_06, PROPFIELD_07, PROPFIELD_08, PROPFIELD_09, PROPFIELD_10, PROPFIELD_11, PROPFIELD_12, PROPFIELD_13, PROPFIELD_14, PROPFIELD_15, PROPFIELD_16, PROPFIELD_17, PROPFIELD_18, PROPFIELD_19, PROPFIELD_20, PROPFIELD_21, PROPFIELD_22, PROPFIELD_23, PROPFIELD_24, PROPFIELD_25, PROPFIELD_26, PROPFIELD_27, PROPFIELD_28, PROPFIELD_29, PROPFIELD_30)
values ('6192554e-510e-4a3f-9019-7a3f9dcbb887', '测试类', '服务类.服务类.测试类', '0001111', 3, null, 'changeType', 'G#:be39204757a34240a71ec1042fdef168', '服务处', null, null, null, null, null, null, null, null, null, null, null, null, null, null, null, null, null, null, null, null, null, null, null, null, null, null, null, null);
insert into BS_T_SM_COMMONTREE (ID, NAME, FULLNAME, PID, TLEVEL, ORDERBY, TYPE, PROPFIELD_01, PROPFIELD_02, PROPFIELD_03, PROPFIELD_04, PROPFIELD_05, PROPFIELD_06, PROPFIELD_07, PROPFIELD_08, PROPFIELD_09, PROPFIELD_10, PROPFIELD_11, PROPFIELD_12, PROPFIELD_13, PROPFIELD_14, PROPFIELD_15, PROPFIELD_16, PROPFIELD_17, PROPFIELD_18, PROPFIELD_19, PROPFIELD_20, PROPFIELD_21, PROPFIELD_22, PROPFIELD_23, PROPFIELD_24, PROPFIELD_25, PROPFIELD_26, PROPFIELD_27, PROPFIELD_28, PROPFIELD_29, PROPFIELD_30)
values ('5951a837-1be6-4b58-9317-d5d8e6065b71', '服务基类', '服务类.服务基类', '0001', 2, null, 'changeType', 'G#:3be297800e094fd0882cfb65e08f3fbf', '运维中心', null, null, null, null, null, null, null, null, null, null, null, null, null, null, null, null, null, null, null, null, null, null, null, null, null, null, null, null);
insert into BS_T_SM_COMMONTREE (ID, NAME, FULLNAME, PID, TLEVEL, ORDERBY, TYPE, PROPFIELD_01, PROPFIELD_02, PROPFIELD_03, PROPFIELD_04, PROPFIELD_05, PROPFIELD_06, PROPFIELD_07, PROPFIELD_08, PROPFIELD_09, PROPFIELD_10, PROPFIELD_11, PROPFIELD_12, PROPFIELD_13, PROPFIELD_14, PROPFIELD_15, PROPFIELD_16, PROPFIELD_17, PROPFIELD_18, PROPFIELD_19, PROPFIELD_20, PROPFIELD_21, PROPFIELD_22, PROPFIELD_23, PROPFIELD_24, PROPFIELD_25, PROPFIELD_26, PROPFIELD_27, PROPFIELD_28, PROPFIELD_29, PROPFIELD_30)
values ('0abcb53c-be9a-4fe9-945c-5cfbc7f9bdae', '核心系统变更', '服务类.服务基类.核心系统变更', '5951a837-1be6-4b58-9317-d5d8e6065b71', 3, null, 'changeType', 'G#:be39204757a34240a71ec1042fdef168', '服务处', null, null, null, null, null, null, null, null, null, null, null, null, null, null, null, null, null, null, null, null, null, null, null, null, null, null, null, null);
commit;



insert into BS_T_WF_TYPE (ID, SORTID, CODE, NAME, ENTRYCOUNT, TODAYENTRYCOUNT, WFCOUNTTYPE, WFTYPE, WFDEFAULTVERSION, ORDERBY, REMARK, LASTENTRYTIME, BASECATEGORYSCHAMA, BASECATEGORYCODE, BASECATEGORYISDEFAULTFIX, BASECATEGORYSTATE, BASECATEGORYBTNALLIDS, BASECATEGORYBTNFREEIDS, BASECATEGORYBTNFIXIDS, BASECATEGORYPANELHIDS, BASECATEGORYPANELIDS, BASECATEGORYCUSTOMACTIONS, BASECATEGORYBEGINPHASENO, PANELGROUPID, THEME, FLOWTYPE)
values ('546c609307F0311', '544b1dfd07F0437', 'CDB_CHANGE', '变更工单', 3, 3, 'D', 1, 'CDB_CHANGE-20141107035549', 0, null, 1416411543, null, 'CHG', 0, 1, null, null, null, null, null, null, null, '545c679207F0169', 'classic', 'JSP');
commit;


insert into BS_T_SM_DICTYPE (PID, DTNAME, DTCODE, DICTYPE, STATUS, CREATER, CREATETIME, LASTMODIFIER, LASTMODIFYTIME, REMARK)
values ('40289afc4988f52b01498902571e0001', '变更工单_变更分类', 'chgSort', '4', 1, '297e39d1298150e8012981703b700002', 1415342872, '297e39d1298150e8012981703b700002', 1415342872, null);
insert into BS_T_SM_DICTYPE (PID, DTNAME, DTCODE, DICTYPE, STATUS, CREATER, CREATETIME, LASTMODIFIER, LASTMODIFYTIME, REMARK)
values ('40289afc49881f2401498821eb0b0001', '变更工单_变更类型', 'chg_changetype', '4', 1, '297e39d1298150e8012981703b700002', 1415328164, '297e39d1298150e8012981703b700002', 1415328164, null);
insert into BS_T_SM_DICTYPE (PID, DTNAME, DTCODE, DICTYPE, STATUS, CREATER, CREATETIME, LASTMODIFIER, LASTMODIFYTIME, REMARK)
values ('40289afc49881f2401498822ccac0005', '变更工单_变更状态', 'chg_changestate', '4', 1, '297e39d1298150e8012981703b700002', 1415328222, '297e39d1298150e8012981703b700002', 1415328222, null);
insert into BS_T_SM_DICTYPE (PID, DTNAME, DTCODE, DICTYPE, STATUS, CREATER, CREATETIME, LASTMODIFIER, LASTMODIFYTIME, REMARK)
values ('40288fc4379312c50137932a048c0002', '变更工单', 'Change', '4', 1, '297e39d1298150e8012981703b700002', 1338203833, '297e39d1298150e8012981703b700002', 1338203833, null);
commit;

insert into BS_T_SM_DICITEM (PID, DTID, DTCODE, DINAME, DIVALUE, DICDN, DICDNS, DICFULLNAME, ISDEFAULT, STATUS, ORDERNUM, PARENTID, CREATER, CREATETIME, LASTMODIFIER, LASTMODIFYTIME, REMARK)
values ('40288fc437a1c28b0137a20e2b31002f', '40288fc4379312c50137932a048c0002', 'Change', '审批结论', 'ExConclusion', '008', '008', '审批结论', null, 1, 8, '0', '297e39d1298150e8012981703b700002', 1338453666, '297e39d1298150e8012981703b700002', 1338453666, null);
insert into BS_T_SM_DICITEM (PID, DTID, DTCODE, DINAME, DIVALUE, DICDN, DICDNS, DICFULLNAME, ISDEFAULT, STATUS, ORDERNUM, PARENTID, CREATER, CREATETIME, LASTMODIFIER, LASTMODIFYTIME, REMARK)
values ('40288fc437a1c28b0137a20f90100030', '40288fc4379312c50137932a048c0002', 'Change', '审批通过', '66', '001', '008.001', '审批结论.审批通过', null, 1, 1, '40288fc437a1c28b0137a20e2b31002f', '297e39d1298150e8012981703b700002', 1338453757, '297e39d1298150e8012981703b700002', 1338453757, null);
insert into BS_T_SM_DICITEM (PID, DTID, DTCODE, DINAME, DIVALUE, DICDN, DICDNS, DICFULLNAME, ISDEFAULT, STATUS, ORDERNUM, PARENTID, CREATER, CREATETIME, LASTMODIFIER, LASTMODIFYTIME, REMARK)
values ('40288fc437a1c28b0137a2128beb0032', '40288fc4379312c50137932a048c0002', 'Change', '评估结论', 'Conclusion', '009', '009', '评估结论', null, 1, 9, '0', '297e39d1298150e8012981703b700002', 1338453953, '297e39d1298150e8012981703b700002', 1338453953, null);
insert into BS_T_SM_DICITEM (PID, DTID, DTCODE, DINAME, DIVALUE, DICDN, DICDNS, DICFULLNAME, ISDEFAULT, STATUS, ORDERNUM, PARENTID, CREATER, CREATETIME, LASTMODIFIER, LASTMODIFYTIME, REMARK)
values ('40288fc437a1c28b0137a2136dfe0033', '40288fc4379312c50137932a048c0002', 'Change', '评估通过', '68', '001', '009.001', '评估结论.评估通过', null, 1, 1, '40288fc437a1c28b0137a2128beb0032', '297e39d1298150e8012981703b700002', 1338454011, '297e39d1298150e8012981703b700002', 1338454011, null);
insert into BS_T_SM_DICITEM (PID, DTID, DTCODE, DINAME, DIVALUE, DICDN, DICDNS, DICFULLNAME, ISDEFAULT, STATUS, ORDERNUM, PARENTID, CREATER, CREATETIME, LASTMODIFIER, LASTMODIFYTIME, REMARK)
values ('40288fc437a1c28b0137a213a4700034', '40288fc4379312c50137932a048c0002', 'Change', '评估未通过', '69', '002', '009.002', '评估结论.评估未通过', null, 1, 2, '40288fc437a1c28b0137a2128beb0032', '297e39d1298150e8012981703b700002', 1338454025, '297e39d1298150e8012981703b700002', 1338454025, null);
insert into BS_T_SM_DICITEM (PID, DTID, DTCODE, DINAME, DIVALUE, DICDN, DICDNS, DICFULLNAME, ISDEFAULT, STATUS, ORDERNUM, PARENTID, CREATER, CREATETIME, LASTMODIFIER, LASTMODIFYTIME, REMARK)
values ('40288fc437a1c28b0137a214f76d0035', '40288fc4379312c50137932a048c0002', 'Change', '结束代码', 'Code', '010', '010', '结束代码', null, 1, 10, '0', '297e39d1298150e8012981703b700002', 1338454112, '297e39d1298150e8012981703b700002', 1338454112, null);
insert into BS_T_SM_DICITEM (PID, DTID, DTCODE, DINAME, DIVALUE, DICDN, DICDNS, DICFULLNAME, ISDEFAULT, STATUS, ORDERNUM, PARENTID, CREATER, CREATETIME, LASTMODIFIER, LASTMODIFYTIME, REMARK)
values ('40288fc437a1c28b0137a21668a10036', '40288fc4379312c50137932a048c0002', 'Change', '成功', '70', '001', '010.001', '结束代码.成功', null, 1, 1, '40288fc437a1c28b0137a214f76d0035', '297e39d1298150e8012981703b700002', 1338454206, '297e39d1298150e8012981703b700002', 1338454206, null);
insert into BS_T_SM_DICITEM (PID, DTID, DTCODE, DINAME, DIVALUE, DICDN, DICDNS, DICFULLNAME, ISDEFAULT, STATUS, ORDERNUM, PARENTID, CREATER, CREATETIME, LASTMODIFIER, LASTMODIFYTIME, REMARK)
values ('40288fc437a1c28b0137a216f1390038', '40288fc4379312c50137932a048c0002', 'Change', '已取消', '72', '003', '010.003', '结束代码.已取消', null, 1, 3, '40288fc437a1c28b0137a214f76d0035', '297e39d1298150e8012981703b700002', 1338454241, '297e39d1298150e8012981703b700002', 1338454241, null);
insert into BS_T_SM_DICITEM (PID, DTID, DTCODE, DINAME, DIVALUE, DICDN, DICDNS, DICFULLNAME, ISDEFAULT, STATUS, ORDERNUM, PARENTID, CREATER, CREATETIME, LASTMODIFIER, LASTMODIFYTIME, REMARK)
values ('40288fc4379b5f5c01379b70a4870008', '40288fc4379312c50137932a048c0002', 'Change', '否', '18', '002', '005.002', '是否中断业务.否', null, 1, 1, '40288fc4379b5f5c01379b6ffc510006', null, null, '297e39d1298150e8012981703b700002', 1340766500, null);
insert into BS_T_SM_DICITEM (PID, DTID, DTCODE, DINAME, DIVALUE, DICDN, DICDNS, DICFULLNAME, ISDEFAULT, STATUS, ORDERNUM, PARENTID, CREATER, CREATETIME, LASTMODIFIER, LASTMODIFYTIME, REMARK)
values ('40288fc437982c2c01379891a74d0002', '40288fc4379312c50137932a048c0002', 'Change', '变更类型', 'Change_Type', '002', '002', '变更类型', null, 1, 2, '0', null, null, '297e39d1298150e8012981703b700002', 1338294761, null);
insert into BS_T_SM_DICITEM (PID, DTID, DTCODE, DINAME, DIVALUE, DICDN, DICDNS, DICFULLNAME, ISDEFAULT, STATUS, ORDERNUM, PARENTID, CREATER, CREATETIME, LASTMODIFIER, LASTMODIFYTIME, REMARK)
values ('40288fc4379b5f5c01379b6d34860001', '40288fc4379312c50137932a048c0002', 'Change', '影响范围', 'Influence_Range', '004', '004', '影响范围', null, 1, 4, '0', '297e39d1298150e8012981703b700002', 1338342454, '297e39d1298150e8012981703b700002', 1338342454, null);
insert into BS_T_SM_DICITEM (PID, DTID, DTCODE, DINAME, DIVALUE, DICDN, DICDNS, DICFULLNAME, ISDEFAULT, STATUS, ORDERNUM, PARENTID, CREATER, CREATETIME, LASTMODIFIER, LASTMODIFYTIME, REMARK)
values ('40288fc4379b5f5c01379b6e84470004', '40288fc4379312c50137932a048c0002', 'Change', '适度', '15', '003', '004.003', '影响范围.适度', null, 1, 3, '40288fc4379b5f5c01379b6d34860001', '297e39d1298150e8012981703b700002', 1338342540, '297e39d1298150e8012981703b700002', 1338342540, null);
insert into BS_T_SM_DICITEM (PID, DTID, DTCODE, DINAME, DIVALUE, DICDN, DICDNS, DICFULLNAME, ISDEFAULT, STATUS, ORDERNUM, PARENTID, CREATER, CREATETIME, LASTMODIFIER, LASTMODIFYTIME, REMARK)
values ('40288fc4379ce70901379cec38e40002', '40288fc4379312c50137932a048c0002', 'Change', '否', '20', '002', '006.002', '是否需要测试.否', null, 1, 1, '40288fc4379b5f5c01379b73c0fa0009', null, null, '297e39d1298150e8012981703b700002', 1340766478, null);
insert into BS_T_SM_DICITEM (PID, DTID, DTCODE, DINAME, DIVALUE, DICDN, DICDNS, DICFULLNAME, ISDEFAULT, STATUS, ORDERNUM, PARENTID, CREATER, CREATETIME, LASTMODIFIER, LASTMODIFYTIME, REMARK)
values ('40288fc4379312c50137932ff0a90005', '40288fc4379312c50137932a048c0002', 'Change', '事件工单', '1', '001', '001.001', '变更来源.事件工单', null, 1, 1, '40288fc4379312c50137932e6f390004', '297e39d1298150e8012981703b700002', 1338204221, '297e39d1298150e8012981703b700002', 1338204221, null);
insert into BS_T_SM_DICITEM (PID, DTID, DTCODE, DINAME, DIVALUE, DICDN, DICDNS, DICFULLNAME, ISDEFAULT, STATUS, ORDERNUM, PARENTID, CREATER, CREATETIME, LASTMODIFIER, LASTMODIFYTIME, REMARK)
values ('40288fc4379312c501379330ec3f0008', '40288fc4379312c50137932a048c0002', 'Change', '部门内部', '4', '004', '001.004', '变更来源.部门内部', null, 1, 4, '40288fc4379312c50137932e6f390004', '297e39d1298150e8012981703b700002', 1338204286, '297e39d1298150e8012981703b700002', 1338204286, null);
insert into BS_T_SM_DICITEM (PID, DTID, DTCODE, DINAME, DIVALUE, DICDN, DICDNS, DICFULLNAME, ISDEFAULT, STATUS, ORDERNUM, PARENTID, CREATER, CREATETIME, LASTMODIFIER, LASTMODIFYTIME, REMARK)
values ('40288fc4379312c50137933121780009', '40288fc4379312c50137932a048c0002', 'Change', '其他部门', '5', '005', '001.005', '变更来源.其他部门', null, 1, 5, '40288fc4379312c50137932e6f390004', '297e39d1298150e8012981703b700002', 1338204299, '297e39d1298150e8012981703b700002', 1338204299, null);
insert into BS_T_SM_DICITEM (PID, DTID, DTCODE, DINAME, DIVALUE, DICDN, DICDNS, DICFULLNAME, ISDEFAULT, STATUS, ORDERNUM, PARENTID, CREATER, CREATETIME, LASTMODIFIER, LASTMODIFYTIME, REMARK)
values ('40288fc4379312c5013793315b35000a', '40288fc4379312c50137932a048c0002', 'Change', '其他', '6', '006', '001.006', '变更来源.其他', null, 1, 6, '40288fc4379312c50137932e6f390004', '297e39d1298150e8012981703b700002', 1338204314, '297e39d1298150e8012981703b700002', 1338204314, null);
insert into BS_T_SM_DICITEM (PID, DTID, DTCODE, DINAME, DIVALUE, DICDN, DICDNS, DICFULLNAME, ISDEFAULT, STATUS, ORDERNUM, PARENTID, CREATER, CREATETIME, LASTMODIFIER, LASTMODIFYTIME, REMARK)
values ('40288fc4379312c50137932e6f390004', '40288fc4379312c50137932a048c0002', 'Change', '变更来源', 'Change_Source', '001', '001', '变更来源', null, 1, 1, '0', '297e39d1298150e8012981703b700002', 1338204122, '297e39d1298150e8012981703b700002', 1338204122, null);
insert into BS_T_SM_DICITEM (PID, DTID, DTCODE, DINAME, DIVALUE, DICDN, DICDNS, DICFULLNAME, ISDEFAULT, STATUS, ORDERNUM, PARENTID, CREATER, CREATETIME, LASTMODIFIER, LASTMODIFYTIME, REMARK)
values ('40288fc4379312c5013793304ea70006', '40288fc4379312c50137932a048c0002', 'Change', '问题工单', '2', '002', '001.002', '变更来源.问题工单', null, 1, 2, '40288fc4379312c50137932e6f390004', '297e39d1298150e8012981703b700002', 1338204245, '297e39d1298150e8012981703b700002', 1338204245, null);
insert into BS_T_SM_DICITEM (PID, DTID, DTCODE, DINAME, DIVALUE, DICDN, DICDNS, DICFULLNAME, ISDEFAULT, STATUS, ORDERNUM, PARENTID, CREATER, CREATETIME, LASTMODIFIER, LASTMODIFYTIME, REMARK)
values ('40288fc4379b5f5c01379b6ffc510006', '40288fc4379312c50137932a048c0002', 'Change', '是否中断业务', 'Interrupt', '005', '005', '是否中断业务', null, 1, 5, '0', '297e39d1298150e8012981703b700002', 1338342636, '297e39d1298150e8012981703b700002', 1338342636, null);
insert into BS_T_SM_DICITEM (PID, DTID, DTCODE, DINAME, DIVALUE, DICDN, DICDNS, DICFULLNAME, ISDEFAULT, STATUS, ORDERNUM, PARENTID, CREATER, CREATETIME, LASTMODIFIER, LASTMODIFYTIME, REMARK)
values ('40288fc4379b5f5c01379b7063f40007', '40288fc4379312c50137932a048c0002', 'Change', '是', '17', '001', '005.001', '是否中断业务.是', null, 1, 2, '40288fc4379b5f5c01379b6ffc510006', null, null, '297e39d1298150e8012981703b700002', 1340766505, null);
insert into BS_T_SM_DICITEM (PID, DTID, DTCODE, DINAME, DIVALUE, DICDN, DICDNS, DICFULLNAME, ISDEFAULT, STATUS, ORDERNUM, PARENTID, CREATER, CREATETIME, LASTMODIFIER, LASTMODIFYTIME, REMARK)
values ('40288fc437a1c28b0137a20fd9eb0031', '40288fc4379312c50137932a048c0002', 'Change', '审批未通过', '67', '002', '008.002', '审批结论.审批未通过', null, 1, 2, '40288fc437a1c28b0137a20e2b31002f', '297e39d1298150e8012981703b700002', 1338453776, '297e39d1298150e8012981703b700002', 1338453776, null);
insert into BS_T_SM_DICITEM (PID, DTID, DTCODE, DINAME, DIVALUE, DICDN, DICDNS, DICFULLNAME, ISDEFAULT, STATUS, ORDERNUM, PARENTID, CREATER, CREATETIME, LASTMODIFIER, LASTMODIFYTIME, REMARK)
values ('40288fc437a1c28b0137a216a9ff0037', '40288fc4379312c50137932a048c0002', 'Change', '失败', '71', '002', '010.002', '结束代码.失败', null, 1, 2, '40288fc437a1c28b0137a214f76d0035', '297e39d1298150e8012981703b700002', 1338454223, '297e39d1298150e8012981703b700002', 1338454223, null);
insert into BS_T_SM_DICITEM (PID, DTID, DTCODE, DINAME, DIVALUE, DICDN, DICDNS, DICFULLNAME, ISDEFAULT, STATUS, ORDERNUM, PARENTID, CREATER, CREATETIME, LASTMODIFIER, LASTMODIFYTIME, REMARK)
values ('40288fc437982c2c01379892f4ad0004', '40288fc4379312c50137932a048c0002', 'Change', '非常规变更', '8', '002', '002.002', '变更类型.非常规变更', null, 1, 2, '40288fc437982c2c01379891a74d0002', '297e39d1298150e8012981703b700002', 1338294596, '297e39d1298150e8012981703b700002', 1338294596, null);
insert into BS_T_SM_DICITEM (PID, DTID, DTCODE, DINAME, DIVALUE, DICDN, DICDNS, DICFULLNAME, ISDEFAULT, STATUS, ORDERNUM, PARENTID, CREATER, CREATETIME, LASTMODIFIER, LASTMODIFYTIME, REMARK)
values ('40288fc4379ce70901379cec19c30001', '40288fc4379312c50137932a048c0002', 'Change', '是', '19', '001', '006.001', '是否需要测试.是', null, 1, 2, '40288fc4379b5f5c01379b73c0fa0009', null, null, '297e39d1298150e8012981703b700002', 1340766483, null);
insert into BS_T_SM_DICITEM (PID, DTID, DTCODE, DINAME, DIVALUE, DICDN, DICDNS, DICFULLNAME, ISDEFAULT, STATUS, ORDERNUM, PARENTID, CREATER, CREATETIME, LASTMODIFIER, LASTMODIFYTIME, REMARK)
values ('40288fc437982c2c0137989610640005', '40288fc4379312c50137932a048c0002', 'Change', '风险等级', 'Risk_Grade', '003', '003', '风险等级', null, 1, 3, '0', '297e39d1298150e8012981703b700002', 1338294800, '297e39d1298150e8012981703b700002', 1338294800, null);
insert into BS_T_SM_DICITEM (PID, DTID, DTCODE, DINAME, DIVALUE, DICDN, DICDNS, DICFULLNAME, ISDEFAULT, STATUS, ORDERNUM, PARENTID, CREATER, CREATETIME, LASTMODIFIER, LASTMODIFYTIME, REMARK)
values ('40288fc437982c2c01379896813f0006', '40288fc4379312c50137932a048c0002', 'Change', '重大', '9', '001', '003.001', '风险等级.重大', null, 1, 4, '40288fc437982c2c0137989610640005', null, null, '297e39d1298150e8012981703b700002', 1340766531, null);
insert into BS_T_SM_DICITEM (PID, DTID, DTCODE, DINAME, DIVALUE, DICDN, DICDNS, DICFULLNAME, ISDEFAULT, STATUS, ORDERNUM, PARENTID, CREATER, CREATETIME, LASTMODIFIER, LASTMODIFYTIME, REMARK)
values ('40288fc437982c2c01379896c4ef0007', '40288fc4379312c50137932a048c0002', 'Change', '高', '10', '002', '003.002', '风险等级.高', null, 1, 3, '40288fc437982c2c0137989610640005', null, null, '297e39d1298150e8012981703b700002', 1340766526, null);
insert into BS_T_SM_DICITEM (PID, DTID, DTCODE, DINAME, DIVALUE, DICDN, DICDNS, DICFULLNAME, ISDEFAULT, STATUS, ORDERNUM, PARENTID, CREATER, CREATETIME, LASTMODIFIER, LASTMODIFYTIME, REMARK)
values ('40288fc437982c2c0137989705530008', '40288fc4379312c50137932a048c0002', 'Change', '中', '11', '003', '003.003', '风险等级.中', null, 1, 2, '40288fc437982c2c0137989610640005', null, null, '297e39d1298150e8012981703b700002', 1340766520, null);
insert into BS_T_SM_DICITEM (PID, DTID, DTCODE, DINAME, DIVALUE, DICDN, DICDNS, DICFULLNAME, ISDEFAULT, STATUS, ORDERNUM, PARENTID, CREATER, CREATETIME, LASTMODIFIER, LASTMODIFYTIME, REMARK)
values ('40288fc437982c2c013798973be40009', '40288fc4379312c50137932a048c0002', 'Change', '低', '12', '004', '003.004', '风险等级.低', null, 1, 1, '40288fc437982c2c0137989610640005', null, null, '297e39d1298150e8012981703b700002', 1340766516, null);
insert into BS_T_SM_DICITEM (PID, DTID, DTCODE, DINAME, DIVALUE, DICDN, DICDNS, DICFULLNAME, ISDEFAULT, STATUS, ORDERNUM, PARENTID, CREATER, CREATETIME, LASTMODIFIER, LASTMODIFYTIME, REMARK)
values ('40288fc4379b5f5c01379b6e3d0d0003', '40288fc4379312c50137932a048c0002', 'Change', '大型', '14', '002', '004.002', '影响范围.大型', null, 1, 2, '40288fc4379b5f5c01379b6d34860001', '297e39d1298150e8012981703b700002', 1338342522, '297e39d1298150e8012981703b700002', 1338342522, null);
insert into BS_T_SM_DICITEM (PID, DTID, DTCODE, DINAME, DIVALUE, DICDN, DICDNS, DICFULLNAME, ISDEFAULT, STATUS, ORDERNUM, PARENTID, CREATER, CREATETIME, LASTMODIFIER, LASTMODIFYTIME, REMARK)
values ('40288fc4379b5f5c01379b6eb9130005', '40288fc4379312c50137932a048c0002', 'Change', '次要', '16', '004', '004.004', '影响范围.次要', null, 1, 4, '40288fc4379b5f5c01379b6d34860001', '297e39d1298150e8012981703b700002', 1338342553, '297e39d1298150e8012981703b700002', 1338342553, null);
insert into BS_T_SM_DICITEM (PID, DTID, DTCODE, DINAME, DIVALUE, DICDN, DICDNS, DICFULLNAME, ISDEFAULT, STATUS, ORDERNUM, PARENTID, CREATER, CREATETIME, LASTMODIFIER, LASTMODIFYTIME, REMARK)
values ('40288fc4379b5f5c01379b73c0fa0009', '40288fc4379312c50137932a048c0002', 'Change', '是否需要测试', 'Test', '006', '006', '是否需要测试', null, 1, 6, '0', '297e39d1298150e8012981703b700002', 1338342883, '297e39d1298150e8012981703b700002', 1338342883, null);
insert into BS_T_SM_DICITEM (PID, DTID, DTCODE, DINAME, DIVALUE, DICDN, DICDNS, DICFULLNAME, ISDEFAULT, STATUS, ORDERNUM, PARENTID, CREATER, CREATETIME, LASTMODIFIER, LASTMODIFYTIME, REMARK)
values ('40288fc4379b5f5c01379b6dc1840002', '40288fc4379312c50137932a048c0002', 'Change', '普遍', '13', '001', '004.001', '影响范围.普遍', null, 1, 1, '40288fc4379b5f5c01379b6d34860001', '297e39d1298150e8012981703b700002', 1338342490, '297e39d1298150e8012981703b700002', 1338342490, null);
insert into BS_T_SM_DICITEM (PID, DTID, DTCODE, DINAME, DIVALUE, DICDN, DICDNS, DICFULLNAME, ISDEFAULT, STATUS, ORDERNUM, PARENTID, CREATER, CREATETIME, LASTMODIFIER, LASTMODIFYTIME, REMARK)
values ('40288fc437982c2c0137989250ac0003', '40288fc4379312c50137932a048c0002', 'Change', '常规变更', '7', '001', '002.001', '变更类型.常规变更', null, 1, 1, '40288fc437982c2c01379891a74d0002', null, null, '297e39d1298150e8012981703b700002', 1338294760, null);
insert into BS_T_SM_DICITEM (PID, DTID, DTCODE, DINAME, DIVALUE, DICDN, DICDNS, DICFULLNAME, ISDEFAULT, STATUS, ORDERNUM, PARENTID, CREATER, CREATETIME, LASTMODIFIER, LASTMODIFYTIME, REMARK)
values ('40288fdd3892b01d013892ce06420001', '40288fc4379312c50137932a048c0002', 'Change', '变更主管', '3', '007', '001.007', '变更来源.变更主管', null, 1, 3, '40288fc4379312c50137932e6f390004', '297e39d1298150e8012981703b700002', 1342492771, '297e39d1298150e8012981703b700002', 1342492771, null);
insert into BS_T_SM_DICITEM (PID, DTID, DTCODE, DINAME, DIVALUE, DICDN, DICDNS, DICFULLNAME, ISDEFAULT, STATUS, ORDERNUM, PARENTID, CREATER, CREATETIME, LASTMODIFIER, LASTMODIFYTIME, REMARK)
values ('40289afc49881f240149882215520002', '40289afc49881f2401498821eb0b0001', 'chg_changetype', '标准变更', '1', '001', '001', '标准变更', null, 1, 1, '0', '297e39d1298150e8012981703b700002', 1415328175, '297e39d1298150e8012981703b700002', 1415328175, null);
insert into BS_T_SM_DICITEM (PID, DTID, DTCODE, DINAME, DIVALUE, DICDN, DICDNS, DICFULLNAME, ISDEFAULT, STATUS, ORDERNUM, PARENTID, CREATER, CREATETIME, LASTMODIFIER, LASTMODIFYTIME, REMARK)
values ('40289afc49881f240149882237820003', '40289afc49881f2401498821eb0b0001', 'chg_changetype', '一般变更', '2', '002', '002', '一般变更', null, 1, 2, '0', '297e39d1298150e8012981703b700002', 1415328184, '297e39d1298150e8012981703b700002', 1415328184, null);
insert into BS_T_SM_DICITEM (PID, DTID, DTCODE, DINAME, DIVALUE, DICDN, DICDNS, DICFULLNAME, ISDEFAULT, STATUS, ORDERNUM, PARENTID, CREATER, CREATETIME, LASTMODIFIER, LASTMODIFYTIME, REMARK)
values ('40289afc49881f24014988225adc0004', '40289afc49881f2401498821eb0b0001', 'chg_changetype', '重大变更', '3', '003', '003', '重大变更', null, 1, 3, '0', '297e39d1298150e8012981703b700002', 1415328193, '297e39d1298150e8012981703b700002', 1415328193, null);
insert into BS_T_SM_DICITEM (PID, DTID, DTCODE, DINAME, DIVALUE, DICDN, DICDNS, DICFULLNAME, ISDEFAULT, STATUS, ORDERNUM, PARENTID, CREATER, CREATETIME, LASTMODIFIER, LASTMODIFYTIME, REMARK)
values ('40289afc49881f2401498822e35f0006', '40289afc49881f2401498822ccac0005', 'chg_changestate', '紧急', '1', '001', '001', '紧急', null, 1, 1, '0', '297e39d1298150e8012981703b700002', 1415328228, '297e39d1298150e8012981703b700002', 1415328228, null);
insert into BS_T_SM_DICITEM (PID, DTID, DTCODE, DINAME, DIVALUE, DICDN, DICDNS, DICFULLNAME, ISDEFAULT, STATUS, ORDERNUM, PARENTID, CREATER, CREATETIME, LASTMODIFIER, LASTMODIFYTIME, REMARK)
values ('40289afc49881f240149882306860007', '40289afc49881f2401498822ccac0005', 'chg_changestate', '非紧急', '2', '002', '002', '非紧急', null, 1, 2, '0', '297e39d1298150e8012981703b700002', 1415328237, '297e39d1298150e8012981703b700002', 1415328237, null);
insert into BS_T_SM_DICITEM (PID, DTID, DTCODE, DINAME, DIVALUE, DICDN, DICDNS, DICFULLNAME, ISDEFAULT, STATUS, ORDERNUM, PARENTID, CREATER, CREATETIME, LASTMODIFIER, LASTMODIFYTIME, REMARK)
values ('40289afc4988f52b01498902c0aa0002', '40289afc4988f52b01498902571e0001', 'chgSort', '系统平台', '1', '001', '001', '系统平台', null, 1, 1, '0', '297e39d1298150e8012981703b700002', 1415342899, '297e39d1298150e8012981703b700002', 1415342899, null);
insert into BS_T_SM_DICITEM (PID, DTID, DTCODE, DINAME, DIVALUE, DICDN, DICDNS, DICFULLNAME, ISDEFAULT, STATUS, ORDERNUM, PARENTID, CREATER, CREATETIME, LASTMODIFIER, LASTMODIFYTIME, REMARK)
values ('40289afc4988f52b0149890306bd0003', '40289afc4988f52b01498902571e0001', 'chgSort', '服务器', '1_1', '001', '001.001', '系统平台.服务器', null, 1, 1, '40289afc4988f52b01498902c0aa0002', '297e39d1298150e8012981703b700002', 1415342917, '297e39d1298150e8012981703b700002', 1415342917, null);
insert into BS_T_SM_DICITEM (PID, DTID, DTCODE, DINAME, DIVALUE, DICDN, DICDNS, DICFULLNAME, ISDEFAULT, STATUS, ORDERNUM, PARENTID, CREATER, CREATETIME, LASTMODIFIER, LASTMODIFYTIME, REMARK)
values ('40289afc4988f52b0149890334690004', '40289afc4988f52b01498902571e0001', 'chgSort', '预防性更换', '1_1_1', '001', '001.001.001', '系统平台.服务器.预防性更换', null, 1, 1, '40289afc4988f52b0149890306bd0003', '297e39d1298150e8012981703b700002', 1415342928, '297e39d1298150e8012981703b700002', 1415342928, null);
commit;



create table BS_T_WF_CHANGEDEALUSERCONFIG
(
  PID               VARCHAR2(255) not null primary key,
  CHANGESORT        VARCHAR2(255) not null,
  CHANGETYPE        VARCHAR2(100) not null,
  CONFIGNAME        VARCHAR2(100),
  EDITUSER          VARCHAR2(2000),
  EDITUSERID        VARCHAR2(2000),
  AUDITUSERS        VARCHAR2(2000),
  AUDITUSERIDS      VARCHAR2(2000),
  EXCUTEUSER        VARCHAR2(2000),
  EXCUTEUSERID      VARCHAR2(2000),
  TESTUSER          VARCHAR2(2000),
  TESTUSERID        VARCHAR2(2000),
  CONFIGDESC        VARCHAR2(4000),
  BUSSYSTEM         VARCHAR2(1000),
  BASESCHEMA        VARCHAR2(100),
  CONFIRMID         VARCHAR2(1000),
  CONFIRMNAME       VARCHAR2(100),
  ORGANIZEAUDITID   VARCHAR2(1000),
  ORGANIZEAUDITNAME VARCHAR2(1000),
  AUDITUSERS_2      VARCHAR2(2000),
  AUDITUSERIDS_2    VARCHAR2(2000)
);
comment on column BS_T_WF_CHANGEDEALUSERCONFIG.CHANGESORT
  is '变更分类值';
comment on column BS_T_WF_CHANGEDEALUSERCONFIG.CHANGETYPE
  is '变更类型(1：标准变更 2：一般变更3：重大变更)';
comment on column BS_T_WF_CHANGEDEALUSERCONFIG.CONFIGNAME
  is '标准名称';
comment on column BS_T_WF_CHANGEDEALUSERCONFIG.EDITUSER
  is '修订人';
comment on column BS_T_WF_CHANGEDEALUSERCONFIG.EDITUSERID
  is '修订人ID';
comment on column BS_T_WF_CHANGEDEALUSERCONFIG.AUDITUSERS
  is '一级审批人';
comment on column BS_T_WF_CHANGEDEALUSERCONFIG.AUDITUSERIDS
  is '一级审批人ID';
comment on column BS_T_WF_CHANGEDEALUSERCONFIG.EXCUTEUSER
  is '实施人';
comment on column BS_T_WF_CHANGEDEALUSERCONFIG.EXCUTEUSERID
  is '实施人ID';
comment on column BS_T_WF_CHANGEDEALUSERCONFIG.TESTUSER
  is '验证人';
comment on column BS_T_WF_CHANGEDEALUSERCONFIG.TESTUSERID
  is '验证人ID';
comment on column BS_T_WF_CHANGEDEALUSERCONFIG.CONFIGDESC
  is '描述';
comment on column BS_T_WF_CHANGEDEALUSERCONFIG.BUSSYSTEM
  is '业务系统';
comment on column BS_T_WF_CHANGEDEALUSERCONFIG.BASESCHEMA
  is '流程标识（主要包括变更与发布）';
comment on column BS_T_WF_CHANGEDEALUSERCONFIG.CONFIRMID
  is '方案验证人ID';
comment on column BS_T_WF_CHANGEDEALUSERCONFIG.CONFIRMNAME
  is '方案验证人名称';
comment on column BS_T_WF_CHANGEDEALUSERCONFIG.ORGANIZEAUDITID
  is '评审人ID';
comment on column BS_T_WF_CHANGEDEALUSERCONFIG.ORGANIZEAUDITNAME
  is '评审人名称';
comment on column BS_T_WF_CHANGEDEALUSERCONFIG.AUDITUSERS_2
  is '二级审批人';
comment on column BS_T_WF_CHANGEDEALUSERCONFIG.AUDITUSERIDS_2
  is '二级审批人ID';


insert into BS_T_WF_CHANGEDEALUSERCONFIG (PID, CHANGESORT, CHANGETYPE, CONFIGNAME, EDITUSER, EDITUSERID, AUDITUSERS, AUDITUSERIDS, EXCUTEUSER, EXCUTEUSERID, TESTUSER, TESTUSERID, CONFIGDESC, BUSSYSTEM, BASESCHEMA, CONFIRMID, CONFIRMNAME, ORGANIZEAUDITID, ORGANIZEAUDITNAME, AUDITUSERS_2, AUDITUSERIDS_2)
values ('455dce22-8ca1-4246-afb6-13b4203bb472', 'OA帐号申请', '一般变更', null, '服务处', 'G#:be39204757a34240a71ec1042fdef168', '服务处', 'G#:be39204757a34240a71ec1042fdef168', null, null, null, null, null, '接入层交换机', 'CDB_CHANGE', null, null, null, null, '运维中心', 'G#:3be297800e094fd0882cfb65e08f3fbf');
insert into BS_T_WF_CHANGEDEALUSERCONFIG (PID, CHANGESORT, CHANGETYPE, CONFIGNAME, EDITUSER, EDITUSERID, AUDITUSERS, AUDITUSERIDS, EXCUTEUSER, EXCUTEUSERID, TESTUSER, TESTUSERID, CONFIGDESC, BUSSYSTEM, BASESCHEMA, CONFIRMID, CONFIRMNAME, ORGANIZEAUDITID, ORGANIZEAUDITNAME, AUDITUSERS_2, AUDITUSERIDS_2)
values ('b420260b-7b46-4cd4-b7ec-4db7ae3c57c5', 'OA帐号申请', '标准变更', null, null, null, '系统管理员', 'U#:root', null, null, null, null, null, '核心业务系统', 'CDB_CHANGE', null, null, null, null, null, null);
insert into BS_T_WF_CHANGEDEALUSERCONFIG (PID, CHANGESORT, CHANGETYPE, CONFIGNAME, EDITUSER, EDITUSERID, AUDITUSERS, AUDITUSERIDS, EXCUTEUSER, EXCUTEUSERID, TESTUSER, TESTUSERID, CONFIGDESC, BUSSYSTEM, BASESCHEMA, CONFIRMID, CONFIRMNAME, ORGANIZEAUDITID, ORGANIZEAUDITNAME, AUDITUSERS_2, AUDITUSERIDS_2)
values ('aa466ea7-a9ff-4f28-875f-3f9f6d508fec', '测试类', '标准变更', null, null, null, '服务处', 'G#:be39204757a34240a71ec1042fdef168', null, null, null, null, 'd', '接入层交换机', 'CDB_CHANGE', null, null, null, null, null, null);
insert into BS_T_WF_CHANGEDEALUSERCONFIG (PID, CHANGESORT, CHANGETYPE, CONFIGNAME, EDITUSER, EDITUSERID, AUDITUSERS, AUDITUSERIDS, EXCUTEUSER, EXCUTEUSERID, TESTUSER, TESTUSERID, CONFIGDESC, BUSSYSTEM, BASESCHEMA, CONFIRMID, CONFIRMNAME, ORGANIZEAUDITID, ORGANIZEAUDITNAME, AUDITUSERS_2, AUDITUSERIDS_2)
values ('26cf3760-4e2f-476c-b102-e8ed4cba6acd', '核心系统变更', '重大变更', null, '国家开发银行', 'G#:47ad88a022144fe3845cbec94f895e87', null, null, null, null, null, null, null, '接入层交换机', 'CDB_CHANGE', null, null, null, null, null, null);
insert into BS_T_WF_CHANGEDEALUSERCONFIG (PID, CHANGESORT, CHANGETYPE, CONFIGNAME, EDITUSER, EDITUSERID, AUDITUSERS, AUDITUSERIDS, EXCUTEUSER, EXCUTEUSERID, TESTUSER, TESTUSERID, CONFIGDESC, BUSSYSTEM, BASESCHEMA, CONFIRMID, CONFIRMNAME, ORGANIZEAUDITID, ORGANIZEAUDITNAME, AUDITUSERS_2, AUDITUSERIDS_2)
values ('f87e6964-84b7-48e0-a49b-a8ac58600e14', 'OA帐号申请', '标准变更', null, null, null, '运维中心', 'G#:3be297800e094fd0882cfb65e08f3fbf', null, null, null, null, null, '接入层交换机', 'CDB_CHANGE', null, null, null, null, null, null);
commit;