<?xml version="1.0" encoding="UTF-8"?>

<fields>
	<field id="55079c4503E2304" label="配置管理" fieldName="CI_Manange" fieldType="PanelField" baseSchema="CDB_CHANGE" visiable="1" orderNum="23" hasDeploy="1" operate="add" parentID="545c692b07F0219"/>
	<field id="545c749207F0265" label="关闭人" fieldName="closeUser" fieldType="CharacterField" baseSchema="CDB_CHANGE" visiable="1" orderNum="5" hasDeploy="1" operate="add" parentID="545c73d307F0262" needSave="1" length="100" colspan="1" rowspan="1" isClob="0"/>
	<field id="545c723707F0244" label="实施及验证信息" fieldName="executeCheckInfo" fieldType="PanelField" baseSchema="CDB_CHANGE" visiable="1" orderNum="15" hasDeploy="1" operate="add" parentID="545c692b07F0219"/>
	<field id="548f929d0CA0329" label="变更原因说明" fieldName="chgReasonsDes" fieldType="CharacterField" baseSchema="CDB_CHANGE" visiable="1" orderNum="34" hasDeploy="1" operate="add" parentID="545c6aea07F0227" needSave="1" length="1000" colspan="2" rowspan="1" isClob="0"/>
	<field id="545c70ef07F0237" label="配置相关信息变更说明" fieldName="chgConfigInfo" fieldType="CharacterField" baseSchema="CDB_CHANGE" visiable="1" orderNum="45" hasDeploy="1" operate="add" parentID="545c6aea07F0227" needSave="1" length="4000" colspan="4" rowspan="3" isClob="0"/>
	<field id="549684590CA1624" label="影响系统ID" fieldName="chgAffectSystemId" fieldType="HiddenField" baseSchema="CDB_CHANGE" visiable="0" orderNum="36" hasDeploy="1" operate="add" parentID="545c6aea07F0227" needSave="1" length="100" colspan="1" rowspan="1"/>
	<field id="54c8ffd403E0797" label="批次信息id" fieldName="batch_info_id" fieldType="HiddenField" baseSchema="CDB_CHANGE" visiable="0" orderNum="42" hasDeploy="1" operate="add" parentID="545c6aea07F0227" needSave="1" length="100" colspan="1" rowspan="1"/>
	<field id="545c7caf07F0448" label="关联工单" fieldName="relationSheet" fieldType="PanelField" baseSchema="CDB_CHANGE" visiable="1" orderNum="3" hasDeploy="1" operate="add" parentID="545c679207F0169"/>
	<field id="545c73d307F0262" label="回顾信息" fieldName="reviewInfo" fieldType="PanelField" baseSchema="CDB_CHANGE" visiable="1" orderNum="20" hasDeploy="1" operate="add" parentID="545c692b07F0219"/>
	<field id="545c6d0e07F0231" label="关联系统" fieldName="connBusSystem" fieldType="SelectField" baseSchema="CDB_CHANGE" visiable="1" orderNum="15" hasDeploy="1" operate="add" parentID="545c6aea07F0227" needSave="1" length="100" colspan="1" type="table" typeResource="bs_t_sm_commontree:FULLNAME:FULLNAME" paras="type='busSystem'"/>
	<field id="545c75ed07F0275" label="审批时间" fieldName="auditTime" fieldType="TimeField" baseSchema="CDB_CHANGE" visiable="0" orderNum="530" hasDeploy="1" operate="add" parentID="54686f2807F2199" needSave="1" length="15" colspan="1" timeFormat="yyyy-MM-dd HH:mm:ss"/>
	<field id="548f97b20CA0336" label="灾备环境变更时间" fieldName="chgDrEnvironmentDate" fieldType="TimeField" baseSchema="CDB_CHANGE" visiable="1" orderNum="39" hasDeploy="1" operate="add" parentID="545c6aea07F0227" needSave="1" length="15" colspan="1" timeFormat="yyyy-MM-dd HH:mm:ss"/>
	<field id="54c9c8740CA0490" label="关联应用系统ID" fieldName="connBusSystemID" fieldType="HiddenField" baseSchema="CDB_CHANGE" visiable="0" orderNum="10" hasDeploy="1" operate="add" parentID="54686f2807F2199" needSave="1" length="500" colspan="1" rowspan="1"/>
	<field id="54694f5807F0212" label="处理记录" fieldName="deal_records_view" fieldType="PanelField" baseSchema="CDB_CHANGE" visiable="1" orderNum="27" hasDeploy="1" operate="add" parentID="545c692b07F0219"/>
	<field id="545c692b07F0219" label="主页面_容器组" fieldName="chgMainPageInfo" fieldType="PanelGroupField" baseSchema="CDB_CHANGE" visiable="1" orderNum="1" hasDeploy="1" operate="add" parentID="545c683907F0214" titleVisible="1" colspan="4" type="panel"/>
	<field id="548f97300CA0335" label="实施联系人" fieldName="chgImplementationContacts" fieldType="CharacterField" baseSchema="CDB_CHANGE" visiable="1" orderNum="36" hasDeploy="1" operate="add" parentID="545c6aea07F0227" needSave="1" length="50" colspan="1" rowspan="1" isClob="0"/>
	<field id="545c764507F0279" label="回顾时间" fieldName="reviewTime" fieldType="TimeField" baseSchema="CDB_CHANGE" visiable="0" orderNum="550" hasDeploy="1" operate="add" parentID="54686f2807F2199" needSave="1" length="15" colspan="1" timeFormat="yyyy-MM-dd HH:mm:ss"/>
	<field id="54ae4fdf03E0336" label="上次变更时间" fieldName="last_chg_time" fieldType="TimeField" baseSchema="CDB_CHANGE" visiable="1" orderNum="40" hasDeploy="1" operate="add" parentID="545c6aea07F0227" needSave="1" length="15" colspan="1" timeFormat="yyyy-MM-dd HH:mm:ss"/>
	<field id="545c718c07F0241" label="变更实施人" fieldName="chgExecuteUserName" fieldType="CharacterField" baseSchema="CDB_CHANGE" visiable="0" orderNum="541" hasDeploy="1" operate="add" parentID="54686f2807F2199" needSave="1" length="100" colspan="1" rowspan="1" isClob="0"/>
	<field id="545c7d1b07F0449" fieldName="relation" fieldType="ViewField" baseSchema="CDB_CHANGE" visiable="1" orderNum="1" hasDeploy="1" operate="add" parentID="545c7caf07F0448" pageurl="${ctx}/relatesheet/list.action?baseSchema=${displayCxt.fieldMap['BASESCHEMA']}&amp;baseId=${displayCxt.fieldMap['BASEID']}&amp;baseSn=${displayCxt.fieldMap['BASESN']}}&amp;relateSchema=PBCCRC_CHANGE,PBCCRC_PROBLEM &amp;taskId=${displayCxt.taskID}&amp;status=${displayCxt.fieldMap['BASESTATUS']}&amp;flagActive=${displayCxt.currentTask.flagActive}？RelateData=1" colspan="4" rowspan="10" type="include"/>
	<field id="545c74dd07F0268" label="附件列表" fieldName="attacheList" fieldType="PanelField" baseSchema="CDB_CHANGE" visiable="1" orderNum="25" hasDeploy="1" operate="add" parentID="545c692b07F0219"/>
	<field id="54c8ff8e03E0796" label="批次信息" fieldName="batch_info" fieldType="SelectField" baseSchema="CDB_CHANGE" visiable="1" orderNum="41" hasDeploy="1" operate="add" parentID="545c6aea07F0227" needSave="1" length="100" colspan="1" type="table" typeResource="BS_T_SM_BATCHCONF:batch_no||'['||max(reviewtime)||']':batch_no||'['||max(reviewtime)||']'" paras="1=1  and active= '1'  group by batch_no,reviewtime order by reviewtime --"/>
	<field id="548f93aa0CA0330" label="对上下游系统影响" fieldName="chgAffectUdSystem" fieldType="SelectField" baseSchema="CDB_CHANGE" visiable="1" orderNum="35" hasDeploy="1" operate="add" parentID="545c6aea07F0227" needSave="1" length="50" colspan="1" type="collect" typeResource="1:是,2:否"/>
	<field id="545c6a6a07F0223" label="请求人单位" fieldName="requestGroup" fieldType="CharacterField" baseSchema="CDB_CHANGE" visiable="1" orderNum="10" hasDeploy="1" operate="add" parentID="545c697907F0221" needSave="1" defaultValue="${displayCxt.userInfo.cdbUnitName}" length="100" colspan="1" rowspan="1" isClob="0"/>
	<field id="546d9dd407F0298" fieldName="dealrecordinfo" fieldType="ViewField" baseSchema="CDB_CHANGE" visiable="1" orderNum="1" hasDeploy="1" operate="add" parentID="546d9db407F0297" pageurl="${ctx}/workflow/sheet/query/BaseInfoViewBpp.jsp?baseschema=${displayCxt.baseSchema}&amp;baseid=${displayCxt.baseID}&amp;tplid=${displayCxt.defCode}" colspan="4" rowspan="30" type="include"/>
	<field id="545c6aa407F0226" label="请求人手机" fieldName="requestMobile" fieldType="CharacterField" baseSchema="CDB_CHANGE" visiable="1" orderNum="25" hasDeploy="1" operate="add" parentID="545c697907F0221" needSave="1" defaultValue="${displayCxt.userInfo.mobile}" length="100" colspan="1" rowspan="1" isClob="0"/>
	<field id="545c729b07F0246" label="实际完成时间" fieldName="realFinishTime" fieldType="TimeField" baseSchema="CDB_CHANGE" visiable="1" orderNum="5" hasDeploy="1" operate="add" parentID="545c723707F0244" needSave="1" length="15" colspan="1" timeFormat="yyyy-MM-dd HH:mm:ss"/>
	<field id="5465e9a507F0202" label="审批受理时间" fieldName="auditAcceptTime" fieldType="TimeField" baseSchema="CDB_CHANGE" visiable="0" orderNum="522" hasDeploy="1" operate="add" parentID="54686f2807F2199" needSave="1" length="15" colspan="1" timeFormat="yyyy-MM-dd HH:mm:ss"/>
	<field id="545c74f507F0269" label="附件" fieldName="chgAttache" fieldType="AttachmentField" baseSchema="CDB_CHANGE" visiable="1" orderNum="1" hasDeploy="1" operate="add" parentID="545c74dd07F0268"/>
	<field id="546d9db407F0297" label="处理记录" fieldName="dealRecord" fieldType="PanelField" baseSchema="CDB_CHANGE" visiable="1" orderNum="3" hasDeploy="1" operate="add" parentID="545c679207F0169"/>
	<field id="545c759007F0273" label="方案验证时间" fieldName="caseCheckTime" fieldType="TimeField" baseSchema="CDB_CHANGE" visiable="0" orderNum="515" hasDeploy="1" operate="add" parentID="54686f2807F2199" needSave="1" length="15" colspan="1" timeFormat="yyyy-MM-dd HH:mm:ss"/>
	<field id="545c744b07F0263" label="通知CMDB更新" fieldName="cmdbReload" fieldType="SelectField" baseSchema="CDB_CHANGE" visiable="1" orderNum="1" hasDeploy="1" operate="add" parentID="545c73d307F0262" needSave="1" length="100" colspan="1" type="sysdic" typeResource="yesOrNo"/>
	<field id="546b569b07F0960" label="需要审批次数" fieldName="allAuditTime" fieldType="CharacterField" baseSchema="CDB_CHANGE" visiable="1" orderNum="550" hasDeploy="1" operate="add" parentID="54686f2807F2199" needSave="1" defaultValue="1" length="10" colspan="1" rowspan="1" isClob="0"/>
	<field id="54d34b2503E0628" label="是否预授权" fieldName="pre_authorized_flag" fieldType="SelectField" baseSchema="CDB_CHANGE" visiable="1" orderNum="43" hasDeploy="1" operate="add" parentID="545c6aea07F0227" needSave="1" length="10" colspan="1" type="collect" typeResource="是:是,否:否"/>
	<field id="548f91950CA0327" label="变更类别" fieldName="chgCategorys" fieldType="SelectField" baseSchema="CDB_CHANGE" visiable="1" orderNum="32" hasDeploy="1" operate="add" parentID="545c6aea07F0227" needSave="1" length="100" colspan="1" type="collect" typeResource="1:服务器,2:网络,3:存储,4:数据库,5:机房环境"/>
	<field id="545c728007F0245" label="实际开始时间" fieldName="realStartTime" fieldType="TimeField" baseSchema="CDB_CHANGE" visiable="1" orderNum="1" hasDeploy="1" operate="add" parentID="545c723707F0244" needSave="1" length="15" colspan="1" timeFormat="yyyy-MM-dd HH:mm:ss"/>
	<field id="5468614407F0882" label="基本结论" fieldName="baseResult" fieldType="CharacterField" baseSchema="CDB_CHANGE" visiable="1" orderNum="3" hasDeploy="1" operate="add" parentID="545c73d307F0262" needSave="1" length="100" colspan="1" rowspan="1" isClob="0"/>
	<field id="545c6a7f07F0224" label="请求人OA号" fieldName="requestOA" fieldType="CharacterField" baseSchema="CDB_CHANGE" visiable="1" orderNum="15" hasDeploy="1" operate="add" parentID="545c697907F0221" needSave="1" defaultValue="${displayCxt.userInfo.loginName}" length="100" colspan="1" rowspan="1" isClob="0"/>
	<field id="548f96740CA0334" label="对终端用户影响说明" fieldName="chgAffectEndUserDes" fieldType="CharacterField" baseSchema="CDB_CHANGE" visiable="1" orderNum="38" hasDeploy="1" operate="add" parentID="545c6aea07F0227" needSave="1" length="1000" colspan="2" rowspan="1" isClob="0"/>
	<field id="5465e76a07F0201" label="方案验证受理时间" fieldName="caseAcceptTime" fieldType="TimeField" baseSchema="CDB_CHANGE" visiable="0" orderNum="511" hasDeploy="1" operate="add" parentID="54686f2807F2199" needSave="1" length="15" colspan="1" timeFormat="yyyy-MM-dd HH:mm:ss"/>
	<field id="545c71bf07F0243" label="验证结果" fieldName="chgCheckResult" fieldType="CharacterField" baseSchema="CDB_CHANGE" visiable="1" orderNum="10" hasDeploy="1" operate="add" parentID="545c716f07F0240" needSave="1" length="4000" colspan="4" rowspan="3" isClob="0"/>
	<field id="545c72b807F0247" label="实施记录" fieldName="actualRecode" fieldType="CharacterField" baseSchema="CDB_CHANGE" visiable="1" orderNum="10" hasDeploy="1" operate="add" parentID="545c723707F0244" needSave="1" length="4000" colspan="4" rowspan="3" isClob="0"/>
	<field id="545c6a9507F0225" label="请求人邮件" fieldName="requestEmail" fieldType="CharacterField" baseSchema="CDB_CHANGE" visiable="1" orderNum="20" hasDeploy="1" operate="add" parentID="545c697907F0221" needSave="1" defaultValue="${displayCxt.userInfo.email}" length="100" colspan="1" rowspan="1" isClob="0"/>
	<field id="54686f2807F2199" label="隐藏域" fieldName="hiddenArea" fieldType="PanelField" baseSchema="CDB_CHANGE" visiable="1" orderNum="100" hasDeploy="1" operate="add" parentID="545c692b07F0219"/>
	<field id="545c71aa07F0242" label="变更验证人" fieldName="chgCheckUserName" fieldType="CharacterField" baseSchema="CDB_CHANGE" visiable="0" orderNum="542" hasDeploy="1" operate="add" parentID="54686f2807F2199" needSave="1" length="100" colspan="1" rowspan="1" isClob="0"/>
	<field id="548f95bb0CA0332" label="是否需要灾备变更同步" fieldName="isNeedSyncDrChg" fieldType="SelectField" baseSchema="CDB_CHANGE" visiable="1" orderNum="38" hasDeploy="1" operate="add" parentID="545c6aea07F0227" needSave="1" length="50" colspan="1" type="collect" typeResource="1:是,2:否"/>
	<field id="545c679207F0169" label="工单主体部分" fieldName="PG_Main" fieldType="PanelGroupField" baseSchema="CDB_CHANGE" visiable="1" orderNum="0" hasDeploy="1" operate="add" parentID="main" titleVisible="1" colspan="8" type="tab"/>
	<field id="546873e907F2463" label="审批次数" fieldName="auditTimes" fieldType="CharacterField" baseSchema="CDB_CHANGE" visiable="0" orderNum="532" hasDeploy="1" operate="add" parentID="54686f2807F2199" needSave="1" defaultValue="0" length="100" colspan="1" rowspan="1" isClob="0"/>
	<field id="545c690d07F0218" label="标题" fieldName="BaseSummary" fieldType="CharacterField" baseSchema="CDB_CHANGE" visiable="1" orderNum="1" hasDeploy="1" operate="add" parentID="545c683907F0214" needSave="1" length="1000" colspan="4" rowspan="1" isClob="0"/>
	<field id="545c710907F0238" label="变更构建方案" fieldName="chgConstructionScheme" fieldType="CharacterField" baseSchema="CDB_CHANGE" visiable="1" orderNum="50" hasDeploy="1" operate="add" parentID="545c6aea07F0227" needSave="1" length="4000" colspan="4" rowspan="3" isClob="0"/>
	<field id="545c716f07F0240" label="方案验证信息" fieldName="checkInfo" fieldType="PanelField" baseSchema="CDB_CHANGE" visiable="1" orderNum="10" hasDeploy="1" operate="add" parentID="545c692b07F0219"/>
	<field id="545c760d07F0276" label="评审人" fieldName="organizeUserID" fieldType="CharacterField" baseSchema="CDB_CHANGE" visiable="0" orderNum="535" hasDeploy="1" operate="add" parentID="54686f2807F2199" needSave="1" length="100" colspan="1" rowspan="1" isClob="0"/>
	<field id="545c752807F0270" label="修订人" fieldName="reviseUserId" fieldType="CharacterField" baseSchema="CDB_CHANGE" visiable="0" orderNum="500" hasDeploy="1" operate="add" parentID="54686f2807F2199" needSave="1" length="100" colspan="1" rowspan="1" isClob="0"/>
	<field id="545c701607F0233" label="计划开始时间" fieldName="planStartTime" fieldType="TimeField" baseSchema="CDB_CHANGE" visiable="1" orderNum="25" hasDeploy="1" operate="add" parentID="545c6aea07F0227" needSave="1" length="15" colspan="1" timeFormat="yyyy-MM-dd HH:mm:ss"/>
	<field id="545c705207F0234" label="计划完成时间" fieldName="planFinishTime" fieldType="TimeField" baseSchema="CDB_CHANGE" visiable="1" orderNum="30" hasDeploy="1" operate="add" parentID="545c6aea07F0227" needSave="1" length="15" colspan="1" timeFormat="yyyy-MM-dd HH:mm:ss"/>
	<field id="548fd0950CA0405" label="实施联系人ID" fieldName="chgImplementationContactsId" fieldType="HiddenField" baseSchema="CDB_CHANGE" visiable="0" orderNum="44" hasDeploy="1" operate="add" parentID="545c6aea07F0227" needSave="1" length="100" colspan="1" rowspan="1"/>
	<field id="5465e6f207F0200" label="修订受理时间" fieldName="reviseAcceptTime" fieldType="TimeField" baseSchema="CDB_CHANGE" visiable="0" orderNum="501" hasDeploy="1" operate="add" parentID="54686f2807F2199" needSave="1" length="15" colspan="1" timeFormat="yyyy-MM-dd HH:mm:ss"/>
	<field id="545c697907F0221" label="申请人信息" fieldName="requestInfo" fieldType="PanelField" baseSchema="CDB_CHANGE" visiable="1" orderNum="1" hasDeploy="1" operate="add" parentID="545c692b07F0219"/>
	<field id="548f90a00CA0326" label="变更原因" fieldName="chgReasons" fieldType="SelectField" baseSchema="CDB_CHANGE" visiable="1" orderNum="33" hasDeploy="1" operate="add" parentID="545c6aea07F0227" needSave="1" length="100" colspan="1" type="collect" typeResource="1:硬件,2:中间件,3:数据库,4:其它"/>
	<field id="545c683907F0214" label="工单信息" fieldName="chgInfo" fieldType="PanelField" baseSchema="CDB_CHANGE" visiable="1" orderNum="1" hasDeploy="1" operate="add" parentID="545c679207F0169"/>
	<field id="545c6a5807F0222" label="请求人部门" fieldName="requestDept" fieldType="CharacterField" baseSchema="CDB_CHANGE" visiable="1" orderNum="5" hasDeploy="1" operate="add" parentID="545c697907F0221" needSave="1" defaultValue="${displayCxt.userInfo.depName}" length="100" colspan="1" rowspan="1" isClob="0"/>
	<field id="546ae34c07F0318" label="变更对象" fieldName="chgObject" fieldType="SelectField" baseSchema="CDB_CHANGE" visiable="1" orderNum="3" hasDeploy="1" operate="add" parentID="545c6aea07F0227" needSave="1" length="100" colspan="1" type="table" typeResource="BS_T_WF_CHANGEDEALUSERCONFIG:bussystem:bussystem" paras="1=1"/>
	<field id="5465ea4307F0206" label="回顾受理时间" fieldName="reviewAcceptTime" fieldType="TimeField" baseSchema="CDB_CHANGE" visiable="0" orderNum="546" hasDeploy="1" operate="add" parentID="54686f2807F2199" needSave="1" length="15" colspan="1" timeFormat="yyyy-MM-dd HH:mm:ss"/>
	<field id="545c6cd307F0229" label="变更类型" fieldName="chgType" fieldType="SelectField" baseSchema="CDB_CHANGE" visiable="1" orderNum="5" hasDeploy="1" operate="add" parentID="545c6aea07F0227" needSave="1" length="100" colspan="1" type="collect" typeResource=":"/>
	<field id="545c75d607F0274" label="审批人" fieldName="auditUserID" fieldType="CharacterField" baseSchema="CDB_CHANGE" visiable="0" orderNum="520" hasDeploy="1" operate="add" parentID="54686f2807F2199" needSave="1" length="525" colspan="1" rowspan="1" isClob="0"/>
	<field id="545c70d707F0236" label="变更影响范围及风险评估" fieldName="chgIncidence" fieldType="CharacterField" baseSchema="CDB_CHANGE" visiable="1" orderNum="44" hasDeploy="1" operate="add" parentID="545c6aea07F0227" needSave="1" length="4000" colspan="4" rowspan="3" isClob="0"/>
	<field id="545c70b907F0235" label="变更原因及内容说明" fieldName="chgReason" fieldType="CharacterField" baseSchema="CDB_CHANGE" visiable="1" orderNum="44" hasDeploy="1" operate="add" parentID="545c6aea07F0227" needSave="1" length="4000" colspan="4" rowspan="3" isClob="0"/>
	<field id="545c711c07F0239" label="发布部署方案" fieldName="chgPublishSchema" fieldType="CharacterField" baseSchema="CDB_CHANGE" visiable="1" orderNum="55" hasDeploy="1" operate="add" parentID="545c6aea07F0227" needSave="1" length="4000" colspan="4" rowspan="3" isClob="0"/>
	<field id="5465ea2407F0205" label="验证受理时间" fieldName="testAcceptTime" fieldType="TimeField" baseSchema="CDB_CHANGE" visiable="0" orderNum="542" hasDeploy="1" operate="add" parentID="54686f2807F2199" needSave="1" length="15" colspan="1" timeFormat="yyyy-MM-dd HH:mm:ss"/>
	<field id="5491345d0CA0332" label="影响系统" fieldName="chgAffectSystem" fieldType="CharacterField" baseSchema="CDB_CHANGE" visiable="1" orderNum="36" hasDeploy="1" operate="add" parentID="545c6aea07F0227" needSave="1" length="50" colspan="1" rowspan="1" isClob="0"/>
	<field id="545c72d607F0248" label="验证结果" fieldName="actualResult" fieldType="CharacterField" baseSchema="CDB_CHANGE" visiable="1" orderNum="15" hasDeploy="1" operate="add" parentID="545c723707F0244" needSave="1" length="4000" colspan="4" rowspan="3" isClob="0"/>
	<field id="545c6aea07F0227" label="基本信息" fieldName="baseInfo" fieldType="PanelField" baseSchema="CDB_CHANGE" visiable="1" orderNum="5" hasDeploy="1" operate="add" parentID="545c692b07F0219"/>
	<field id="548f96190CA0333" label="对终端用户的影响" fieldName="chgAffenctEndUser" fieldType="SelectField" baseSchema="CDB_CHANGE" visiable="1" orderNum="37" hasDeploy="1" operate="add" parentID="545c6aea07F0227" needSave="1" length="100" colspan="1" type="collect" typeResource="1:是,2:否"/>
	<field id="545c6c1c07F0228" label="变更分类" fieldName="chgSort" fieldType="SelectField" baseSchema="CDB_CHANGE" visiable="1" orderNum="1" hasDeploy="1" operate="add" parentID="545c6aea07F0227" needSave="1" length="100" colspan="1" type="table" typeResource="bs_t_sm_commontree:FULLNAME:FULLNAME" paras="type='changeType'"/>
	<field id="5468a53a07F1935" label="审批结果" fieldName="auditResult" fieldType="CharacterField" baseSchema="CDB_CHANGE" visiable="0" orderNum="531" hasDeploy="1" operate="add" parentID="54686f2807F2199" needSave="1" defaultValue="0" length="100" colspan="1" rowspan="1" isClob="0"/>
	<field id="545c6cea07F0230" label="变更状态" fieldName="chgState" fieldType="SelectField" baseSchema="CDB_CHANGE" visiable="1" orderNum="10" hasDeploy="1" operate="add" parentID="545c6aea07F0227" needSave="1" length="100" colspan="1" type="sysdic" typeResource="chg_changestate"/>
	<field id="55079c7803E2305" fieldName="CI" fieldType="ViewField" baseSchema="CDB_CHANGE" visiable="1" orderNum="20" hasDeploy="1" operate="add" parentID="55079c4503E2304" pageurl="${ctx}/ciRelevance/listCIRelate.action?ciRelevance.baseschema=CDB_CHANGE&amp;ciRelevance.baseid=${displayCxt.baseID}" colspan="4" rowspan="5" type="include"/>
	<field id="545c763307F0278" label="回顾人" fieldName="reviewUserId" fieldType="CharacterField" baseSchema="CDB_CHANGE" visiable="0" orderNum="545" hasDeploy="1" operate="add" parentID="54686f2807F2199" needSave="1" length="100" colspan="1" rowspan="1" isClob="0"/>
	<field id="545c747e07F0264" label="关闭时间" fieldName="closeTime" fieldType="TimeField" baseSchema="CDB_CHANGE" visiable="0" orderNum="10" hasDeploy="1" operate="add" parentID="545c73d307F0262" needSave="1" length="15" colspan="1" timeFormat="yyyy-MM-dd HH:mm:ss"/>
	<field id="545c757a07F0272" label="方案验证人" fieldName="caseCheckUserID" fieldType="CharacterField" baseSchema="CDB_CHANGE" visiable="0" orderNum="510" hasDeploy="1" operate="add" parentID="54686f2807F2199" needSave="1" length="100" colspan="1" rowspan="1" isClob="0"/>
	<field id="54694f7707F0213" fieldName="deal_records" fieldType="ViewField" baseSchema="CDB_CHANGE" visiable="1" orderNum="1" hasDeploy="1" operate="add" parentID="54694f5807F0212" pageurl="${ctx}/wfrecord/showWfRecords.action?baseschema=${displayCxt.baseSchema}&amp;baseid=${displayCxt.baseID}&amp;recordViewFieldName=deal_records" colspan="4" rowspan="5" type="include"/>
	<field id="5465ea0a07F0204" label="实施受理时间" fieldName="realAcceptTime" fieldType="TimeField" baseSchema="CDB_CHANGE" visiable="0" orderNum="541" hasDeploy="1" operate="add" parentID="54686f2807F2199" needSave="1" length="15" colspan="1" timeFormat="yyyy-MM-dd HH:mm:ss"/>
	<field id="545c755c07F0271" label="修订时间" fieldName="reviseTime" fieldType="TimeField" baseSchema="CDB_CHANGE" visiable="0" orderNum="505" hasDeploy="1" operate="add" parentID="54686f2807F2199" needSave="1" length="15" colspan="1" timeFormat="yyyy-MM-dd HH:mm:ss"/>
	<field id="548f921e0CA0328" label="风险程度" fieldName="chgRiskDegree" fieldType="SelectField" baseSchema="CDB_CHANGE" visiable="1" orderNum="31" hasDeploy="1" operate="add" parentID="545c6aea07F0227" needSave="1" length="1000" colspan="1" type="collect" typeResource="1:高,2:中,3:低"/>
	<field id="5465e9cd07F0203" label="评审受理时间" fieldName="organizeAcceptTime" fieldType="TimeField" baseSchema="CDB_CHANGE" visiable="0" orderNum="536" hasDeploy="1" operate="add" parentID="54686f2807F2199" needSave="1" length="15" colspan="1" timeFormat="yyyy-MM-dd HH:mm:ss"/>
	<field id="54648e6b07F0215" label="请求人ID" fieldName="requestUserId" fieldType="HiddenField" baseSchema="CDB_CHANGE" visiable="0" orderNum="2" hasDeploy="1" operate="add" parentID="545c697907F0221" needSave="1" length="1000" colspan="1" rowspan="1"/>
	<field id="545c694d07F0220" label="请求人" fieldName="requestUser" fieldType="CharacterField" baseSchema="CDB_CHANGE" visiable="1" orderNum="1" hasDeploy="1" operate="add" parentID="545c697907F0221" needSave="1" defaultValue="${displayCxt.userInfo.fullName}" length="100" colspan="1" rowspan="1" isClob="0"/>
	<field id="545c74a607F0266" label="关闭人登陆名" fieldName="closeUserID" fieldType="CharacterField" baseSchema="CDB_CHANGE" visiable="0" orderNum="15" hasDeploy="1" operate="add" parentID="545c73d307F0262" needSave="1" length="100" colspan="1" rowspan="1" isClob="0"/>
	<field id="545c761e07F0277" label="评审时间" fieldName="organizeTime" fieldType="TimeField" baseSchema="CDB_CHANGE" visiable="0" orderNum="540" hasDeploy="1" operate="add" parentID="54686f2807F2199" needSave="1" length="15" colspan="1" timeFormat="yyyy-MM-dd HH:mm:ss"/>
	<field id="5469affd07F0530" label="审批意见" fieldName="step_sug" fieldType="SelectField" baseSchema="CDB_CHANGE" visiable="1" orderNum="10" hasDeploy="1" operate="add" parentID="action" needSave="1" defaultValue="修订方案" length="100" colspan="1" type="collect" typeResource="修订方案:修订方案,否决:否决"/>
	<field id="54913d960CA0574" label="其它参会人" fieldName="other_canhui_person" fieldType="CharacterField" baseSchema="CDB_CHANGE" visiable="1" orderNum="33" hasDeploy="1" operate="add" parentID="action" needSave="1" length="2000" colspan="1" rowspan="1" isClob="0"/>
	<field id="5469b66107F0908" label="审批人" fieldName="auditAgainUser" fieldType="AssignTreeField" baseSchema="CDB_CHANGE" visiable="1" orderNum="2" hasDeploy="1" operate="add" parentID="action" singleSelect="1" rowspan="1" colspan="1" action="RENEXT" next="0"/>
	<field id="545c9afe07F0777" label="处理组ID" fieldName="dealGroup" fieldType="CharacterField" baseSchema="CDB_CHANGE" visiable="1" orderNum="2" hasDeploy="1" operate="add" parentID="action" needSave="1" length="100" colspan="1" rowspan="1" isClob="0"/>
	<field id="5469b0ad07F0532" label="基本结论" fieldName="step_baseresult" fieldType="SelectField" baseSchema="CDB_CHANGE" visiable="1" orderNum="12" hasDeploy="1" operate="add" parentID="action" needSave="1" defaultValue="取消" length="100" colspan="1" type="collect" typeResource="成功:成功,部分成功:部分成功,失败:失败,取消:取消"/>
	<field id="5466a59e07F0340" label="处理人" fieldName="view_dealUser" fieldType="SelectField" baseSchema="CDB_CHANGE" visiable="1" orderNum="3" hasDeploy="1" operate="add" parentID="action" needSave="1" length="1000" colspan="1" type="collect" typeResource=" "/>
	<field id="5469b60b07F0906" label="是否升级" fieldName="auditAgain" fieldType="CollectField" baseSchema="CDB_CHANGE" visiable="1" orderNum="0" hasDeploy="1" operate="add" parentID="action" needSave="1" length="10" colspan="1" type="collect" rowspan="1" typeResource="是:是" showType="checkbox"/>
	<field id="545ec01307F0322" label="处理组" fieldName="view_dealGroup" fieldType="CharacterField" baseSchema="CDB_CHANGE" visiable="1" orderNum="1" hasDeploy="1" operate="add" parentID="action" needSave="1" length="1000" colspan="1" rowspan="1" isClob="0"/>
	<field id="5469b04507F0531" label="通知CMDB更新" fieldName="step_cmdbupload" fieldType="SelectField" baseSchema="CDB_CHANGE" visiable="1" orderNum="11" hasDeploy="1" operate="add" parentID="action" needSave="1" defaultValue="是" length="100" colspan="1" type="collect" typeResource="是:是,否:否"/>
	<field id="546491eb07F0652" label="处理人ID" fieldName="dealUser" fieldType="CharacterField" baseSchema="CDB_CHANGE" visiable="0" orderNum="4" hasDeploy="1" operate="add" parentID="action" needSave="1" length="100" colspan="1" rowspan="1" isClob="0"/>
	<field id="5469571207F0213" label="通知" fieldName="notify" fieldType="CollectField" baseSchema="CDB_CHANGE" visiable="1" orderNum="50" hasDeploy="1" operate="add" parentID="action" needSave="1" defaultValue="短信" length="50" colspan="4" type="collect" rowspan="1" typeResource="短信:短信,邮件:邮件" showType="checkbox"/>
	<field id="54913dbf0CA0575" label="评审会参会人id" fieldName="audit_huican_person_id" fieldType="HiddenField" baseSchema="CDB_CHANGE" visiable="0" orderNum="34" hasDeploy="1" operate="add" parentID="action" needSave="1" length="2000" colspan="1" rowspan="1"/>
	<field id="54913d300CA0572" label="评审时间" fieldName="review_time" fieldType="TimeField" baseSchema="CDB_CHANGE" visiable="1" orderNum="30" hasDeploy="1" operate="add" parentID="action" needSave="1" length="15" colspan="1" timeFormat="yyyy-MM-dd HH:mm:ss"/>
	<field id="54913d550CA0573" label="评审会参会人" fieldName="audit_huican_person" fieldType="CharacterField" baseSchema="CDB_CHANGE" visiable="1" orderNum="32" hasDeploy="1" operate="add" parentID="action" needSave="1" length="2000" colspan="1" rowspan="1" isClob="0"/>
	<field id="5468a73407F1937" label="审批意见" fieldName="auditSug" fieldType="SelectField" baseSchema="CDB_CHANGE" visiable="1" orderNum="0" hasDeploy="1" operate="add" parentID="action" needSave="1" defaultValue="修改方案" length="100" colspan="1" type="collect" typeResource="0:修改方案,1:否决"/>
	<field id="545c9b5a07F0779" label="处理意见" fieldName="dealDesc" fieldType="CharacterField" baseSchema="CDB_CHANGE" visiable="1" orderNum="39" hasDeploy="1" operate="add" parentID="action" needSave="1" length="1000" colspan="4" rowspan="5" isClob="0"/>
</fields>
