<?xml version="1.0" encoding="UTF-8"?>

<steps>
	<step id="545c769707F0280" stepNo="step_1" baseSchema="CDB_CHANGE" description="新建" roleName="新建" roleID="createUser" roleProcessRoleType="5" actionType="DEAL" taskPolicy="SHARE" acceptOver="0" dealOver="0" hasDeploy="1" operate="add" hasSubFlow="0">
		<fieldrels>
			<fieldrel id="546844a807F0223" stepNo="step_1" baseSchema="CDB_CHANGE" fieldID="545c70d707F0236" visiable="1" required="0" fieldType="CharacterField"/>
			<fieldrel id="546844a807F0242" stepNo="step_1" baseSchema="CDB_CHANGE" fieldID="545c752807F0270" visiable="0" required="0" fieldType="CharacterField"/>
			<fieldrel id="546489fe07F0239" stepNo="step_1" baseSchema="CDB_CHANGE" fieldID="545c690d07F0218" visiable="1" required="1" fieldType="CharacterField"/>
			<fieldrel id="548f9a520CA0355" stepNo="step_1" baseSchema="CDB_CHANGE" fieldID="548f929d0CA0329" visiable="1" required="0" fieldType="CharacterField"/>
			<fieldrel id="546bfe1107F0759" stepNo="step_1" baseSchema="CDB_CHANGE" fieldID="545c7caf07F0448" visiable="1" required="0" fieldType="PanelField"/>
			<fieldrel id="546844a807F0220" stepNo="step_1" baseSchema="CDB_CHANGE" fieldID="545c701607F0233" visiable="1" required="1" fieldType="TimeField"/>
			<fieldrel id="546844a807F0249" stepNo="step_1" baseSchema="CDB_CHANGE" fieldID="5465e9a507F0202" visiable="0" required="0" fieldType="TimeField"/>
			<fieldrel id="54648f3907F0326" stepNo="step_1" baseSchema="CDB_CHANGE" fieldID="545c6aa407F0226" visiable="1" required="1" fieldType="CharacterField"/>
			<fieldrel id="546844a807F0217" stepNo="step_1" baseSchema="CDB_CHANGE" fieldID="545c6cea07F0230" visiable="1" required="0" fieldType="SelectField"/>
			<fieldrel id="5465d1cf07F0320" stepNo="step_1" baseSchema="CDB_CHANGE" fieldID="545c6c1c07F0228" visiable="1" required="1" fieldType="SelectField"/>
			<fieldrel id="549684f00CA1742" stepNo="step_1" baseSchema="CDB_CHANGE" fieldID="549684590CA1624" visiable="1" required="0" fieldType="HiddenField"/>
			<fieldrel id="546844a807F0222" stepNo="step_1" baseSchema="CDB_CHANGE" fieldID="545c70b907F0235" visiable="1" required="1" fieldType="CharacterField"/>
			<fieldrel id="54ae500203E0337" stepNo="step_1" baseSchema="CDB_CHANGE" fieldID="54ae4fdf03E0336" visiable="1" required="0" fieldType="TimeField"/>
			<fieldrel id="546844a807F0218" stepNo="step_1" baseSchema="CDB_CHANGE" fieldID="545c6d0e07F0231" visiable="1" required="0" fieldType="SelectField"/>
			<fieldrel id="546bfd6507F0445" stepNo="step_1" baseSchema="CDB_CHANGE" fieldID="545c74a607F0266" visiable="0" required="0" fieldType="CharacterField"/>
			<fieldrel id="546844a807F0244" stepNo="step_1" baseSchema="CDB_CHANGE" fieldID="545c755c07F0271" visiable="0" required="0" fieldType="TimeField"/>
			<fieldrel id="546844a807F0243" stepNo="step_1" baseSchema="CDB_CHANGE" fieldID="5465e6f207F0200" visiable="0" required="0" fieldType="TimeField"/>
			<fieldrel id="54648f3907F0321" stepNo="step_1" baseSchema="CDB_CHANGE" fieldID="54648e6b07F0215" visiable="1" required="1" fieldType="HiddenField"/>
			<fieldrel id="54648f3907F0319" stepNo="step_1" baseSchema="CDB_CHANGE" fieldID="545c697907F0221" visiable="1" required="1" fieldType="PanelField"/>
			<fieldrel id="5468700807F2201" stepNo="step_1" baseSchema="CDB_CHANGE" fieldID="545c6cd307F0229" visiable="1" required="1" fieldType="SelectField"/>
			<fieldrel id="546844a807F0216" stepNo="step_1" baseSchema="CDB_CHANGE" fieldID="545c6aea07F0227" visiable="1" required="1" fieldType="PanelField"/>
			<fieldrel id="546844a807F0225" stepNo="step_1" baseSchema="CDB_CHANGE" fieldID="545c710907F0238" visiable="1" required="0" fieldType="CharacterField"/>
			<fieldrel id="548f9a520CA0361" stepNo="step_1" baseSchema="CDB_CHANGE" fieldID="548f97300CA0335" visiable="1" required="1" fieldType="CharacterField"/>
			<fieldrel id="546ed2b507F0866" stepNo="step_1" baseSchema="CDB_CHANGE" fieldID="545c74f507F0269" visiable="1" required="1" fieldType="AttachmentField"/>
			<fieldrel id="548f9a520CA0353" stepNo="step_1" baseSchema="CDB_CHANGE" fieldID="548f91950CA0327" visiable="1" required="1" fieldType="SelectField"/>
			<fieldrel id="546844a807F0226" stepNo="step_1" baseSchema="CDB_CHANGE" fieldID="545c711c07F0239" visiable="1" required="0" fieldType="CharacterField"/>
			<fieldrel id="5468701707F2202" stepNo="step_1" baseSchema="CDB_CHANGE" fieldID="54686f2807F2199" visiable="0" required="0" fieldType="PanelField"/>
			<fieldrel id="54648f3907F0325" stepNo="step_1" baseSchema="CDB_CHANGE" fieldID="545c6a9507F0225" visiable="1" required="1" fieldType="CharacterField"/>
			<fieldrel id="546844a807F0215" stepNo="step_1" baseSchema="CDB_CHANGE" fieldID="545c692b07F0219" visiable="1" required="1" fieldType="PanelGroupField"/>
			<fieldrel id="546844a807F0214" stepNo="step_1" baseSchema="CDB_CHANGE" fieldID="545c683907F0214" visiable="1" required="1" fieldType="PanelField"/>
			<fieldrel id="546ae36207F0319" stepNo="step_1" baseSchema="CDB_CHANGE" fieldID="546ae34c07F0318" visiable="1" required="1" fieldType="SelectField"/>
			<fieldrel id="54648f3907F0320" stepNo="step_1" baseSchema="CDB_CHANGE" fieldID="545c694d07F0220" visiable="1" required="1" fieldType="CharacterField"/>
			<fieldrel id="546844a807F0250" stepNo="step_1" baseSchema="CDB_CHANGE" fieldID="545c75ed07F0275" visiable="0" required="0" fieldType="TimeField"/>
			<fieldrel id="548f9a520CA0354" stepNo="step_1" baseSchema="CDB_CHANGE" fieldID="548f921e0CA0328" visiable="1" required="1" fieldType="SelectField"/>
			<fieldrel id="54c8ffec03E0799" stepNo="step_1" baseSchema="CDB_CHANGE" fieldID="54c8ffd403E0797" visiable="0" required="1" fieldType="HiddenField"/>
			<fieldrel id="546bfda907F0553" stepNo="step_1" baseSchema="CDB_CHANGE" fieldID="545c73d307F0262" visiable="0" required="0" fieldType="PanelField"/>
			<fieldrel id="54695e6307F0232" stepNo="step_1" baseSchema="CDB_CHANGE" fieldID="54694f5807F0212" visiable="1" required="0" fieldType="PanelField"/>
			<fieldrel id="548f9a520CA0362" stepNo="step_1" baseSchema="CDB_CHANGE" fieldID="548f97b20CA0336" visiable="1" required="0" fieldType="TimeField"/>
			<fieldrel id="546844a807F0248" stepNo="step_1" baseSchema="CDB_CHANGE" fieldID="545c75d607F0274" visiable="0" required="0" fieldType="CharacterField"/>
			<fieldrel id="54648f3907F0323" stepNo="step_1" baseSchema="CDB_CHANGE" fieldID="545c6a6a07F0223" visiable="1" required="1" fieldType="CharacterField"/>
			<fieldrel id="549134e60CA0454" stepNo="step_1" baseSchema="CDB_CHANGE" fieldID="5491345d0CA0332" visiable="1" required="0" fieldType="CharacterField"/>
			<fieldrel id="546b56b007F0961" stepNo="step_1" baseSchema="CDB_CHANGE" fieldID="546b569b07F0960" visiable="0" required="0" fieldType="CharacterField"/>
			<fieldrel id="548f9a520CA0356" stepNo="step_1" baseSchema="CDB_CHANGE" fieldID="548f93aa0CA0330" visiable="1" required="1" fieldType="SelectField"/>
			<fieldrel id="546bfd2807F0341" stepNo="step_1" baseSchema="CDB_CHANGE" fieldID="545c723707F0244" visiable="0" required="0" fieldType="PanelField"/>
			<fieldrel id="548f9a520CA0360" stepNo="step_1" baseSchema="CDB_CHANGE" fieldID="548f96190CA0333" visiable="1" required="1" fieldType="SelectField"/>
			<fieldrel id="54648f3907F0324" stepNo="step_1" baseSchema="CDB_CHANGE" fieldID="545c6a7f07F0224" visiable="1" required="1" fieldType="CharacterField"/>
			<fieldrel id="546bfd6507F0443" stepNo="step_1" baseSchema="CDB_CHANGE" fieldID="545c749207F0265" visiable="0" required="0" fieldType="CharacterField"/>
			<fieldrel id="548fd0ba0CA0406" stepNo="step_1" baseSchema="CDB_CHANGE" fieldID="548fd0950CA0405" visiable="1" required="1" fieldType="HiddenField"/>
			<fieldrel id="548f9a520CA0358" stepNo="step_1" baseSchema="CDB_CHANGE" fieldID="548f95bb0CA0332" visiable="1" required="1" fieldType="SelectField"/>
			<fieldrel id="546844a807F0213" stepNo="step_1" baseSchema="CDB_CHANGE" fieldID="545c679207F0169" visiable="1" required="1" fieldType="PanelGroupField"/>
			<fieldrel id="54d34b4a03E0629" stepNo="step_1" baseSchema="CDB_CHANGE" fieldID="54d34b2503E0628" visiable="1" required="1" fieldType="SelectField"/>
			<fieldrel id="54695e6307F0233" stepNo="step_1" baseSchema="CDB_CHANGE" fieldID="54694f7707F0213" visiable="1" required="0" fieldType="ViewField"/>
			<fieldrel id="546844a807F0224" stepNo="step_1" baseSchema="CDB_CHANGE" fieldID="545c70ef07F0237" visiable="1" required="0" fieldType="CharacterField"/>
			<fieldrel id="548f9a520CA0359" stepNo="step_1" baseSchema="CDB_CHANGE" fieldID="548f96740CA0334" visiable="1" required="0" fieldType="CharacterField"/>
			<fieldrel id="54648f3907F0322" stepNo="step_1" baseSchema="CDB_CHANGE" fieldID="545c6a5807F0222" visiable="1" required="1" fieldType="CharacterField"/>
			<fieldrel id="548f9a520CA0352" stepNo="step_1" baseSchema="CDB_CHANGE" fieldID="548f90a00CA0326" visiable="1" required="1" fieldType="SelectField"/>
			<fieldrel id="54c9c8a10CA0491" stepNo="step_1" baseSchema="CDB_CHANGE" fieldID="54c9c8740CA0490" visiable="1" required="1" fieldType="HiddenField"/>
			<fieldrel id="546844a807F0221" stepNo="step_1" baseSchema="CDB_CHANGE" fieldID="545c705207F0234" visiable="1" required="1" fieldType="TimeField"/>
			<fieldrel id="546844a807F0227" stepNo="step_1" baseSchema="CDB_CHANGE" fieldID="545c716f07F0240" visiable="0" required="0" fieldType="PanelField"/>
			<fieldrel id="546ed2b507F0865" stepNo="step_1" baseSchema="CDB_CHANGE" fieldID="545c74dd07F0268" visiable="1" required="1" fieldType="PanelField"/>
			<fieldrel id="546bfd6507F0444" stepNo="step_1" baseSchema="CDB_CHANGE" fieldID="545c747e07F0264" visiable="0" required="0" fieldType="TimeField"/>
			<fieldrel id="54c8ffec03E0798" stepNo="step_1" baseSchema="CDB_CHANGE" fieldID="54c8ff8e03E0796" visiable="1" required="1" fieldType="SelectField"/>
		</fieldrels>
		<actions>
			<action id="546c017207F0830" stepNo="step_1" baseSchema="CDB_CHANGE" label="作废" actionName="CANCEL" actionType="CANCEL" isFree="0" hasNext="1" description="工单作废" isClose="1" hasDeploy="1" operate="add">
				<fieldrels>
					<fieldrel id="5486a5650CA0513" stepNo="step_1" baseSchema="CDB_CHANGE" actionName="CANCEL" fieldID="545c9b5a07F0779" visiable="1" required="1" fieldType="CharacterField"/>
				</fieldrels>
			</action>
			<action id="545c77a907F0290" stepNo="step_1" baseSchema="CDB_CHANGE" label="提交" actionName="toSubmit" actionType="NEXT" isFree="0" hasNext="1" description="标准变更，提交审批；非标准变更，提交修订" isClose="1" hasDeploy="1" operate="add">
				<fieldrels>
					<fieldrel id="5466a5e407F0341" stepNo="step_1" baseSchema="CDB_CHANGE" actionName="toSubmit" fieldID="5466a59e07F0340" visiable="1" required="0" fieldType="SelectField"/>
					<fieldrel id="5464920007F0654" stepNo="step_1" baseSchema="CDB_CHANGE" actionName="toSubmit" fieldID="546491eb07F0652" visiable="0" required="0" fieldType="CharacterField"/>
					<fieldrel id="545ec60d07F0206" stepNo="step_1" baseSchema="CDB_CHANGE" actionName="toSubmit" fieldID="545ec01307F0322" visiable="1" required="1" fieldType="CharacterField"/>
					<fieldrel id="545c9b6507F0782" stepNo="step_1" baseSchema="CDB_CHANGE" actionName="toSubmit" fieldID="545c9b5a07F0779" visiable="1" required="0" fieldType="CharacterField"/>
					<fieldrel id="545c9b6507F0780" stepNo="step_1" baseSchema="CDB_CHANGE" actionName="toSubmit" fieldID="545c9afe07F0777" visiable="0" required="0" fieldType="CharacterField"/>
					<fieldrel id="5469572607F0214" stepNo="step_1" baseSchema="CDB_CHANGE" actionName="toSubmit" fieldID="5469571207F0213" visiable="1" required="0" fieldType="CollectField"/>
				</fieldrels>
			</action>
			<action id="545c776307F0288" stepNo="step_1" baseSchema="CDB_CHANGE" label="保存" actionName="SAVE" actionType="SAVE" isFree="0" hasNext="0" description="仅保存当前填写的信息" isClose="0" hasDeploy="1" operate="add">
				<fieldrels/>
			</action>
		</actions>
	</step>
	<step id="545c770407F0285" stepNo="step_6" baseSchema="CDB_CHANGE" description="实施" roleName="实施" roleID="excute" roleProcessRoleType="5" actionType="DEAL" taskPolicy="SHARE" acceptOver="0" dealOver="0" hasDeploy="1" operate="add" hasSubFlow="0">
		<fieldrels>
			<fieldrel id="5465f68607F0251" stepNo="step_6" baseSchema="CDB_CHANGE" fieldID="545c718c07F0241" visiable="0" required="0" fieldType="CharacterField"/>
			<fieldrel id="5465f66d07F0249" stepNo="step_6" baseSchema="CDB_CHANGE" fieldID="545c729b07F0246" visiable="1" required="1" fieldType="TimeField"/>
			<fieldrel id="5465f66d07F0248" stepNo="step_6" baseSchema="CDB_CHANGE" fieldID="545c728007F0245" visiable="1" required="1" fieldType="TimeField"/>
			<fieldrel id="5468710b07F2218" stepNo="step_6" baseSchema="CDB_CHANGE" fieldID="54686f2807F2199" visiable="0" required="0" fieldType="PanelField"/>
			<fieldrel id="546c0cb407F2228" stepNo="step_6" baseSchema="CDB_CHANGE" fieldID="545c72d607F0248" visiable="1" required="0" fieldType="CharacterField"/>
			<fieldrel id="546ed21307F0352" stepNo="step_6" baseSchema="CDB_CHANGE" fieldID="545c74f507F0269" visiable="1" required="0" fieldType="AttachmentField"/>
			<fieldrel id="5465f66d07F0247" stepNo="step_6" baseSchema="CDB_CHANGE" fieldID="545c723707F0244" visiable="1" required="0" fieldType="PanelField"/>
			<fieldrel id="5465f66d07F0250" stepNo="step_6" baseSchema="CDB_CHANGE" fieldID="545c72b807F0247" visiable="1" required="1" fieldType="CharacterField"/>
			<fieldrel id="546ed21307F0351" stepNo="step_6" baseSchema="CDB_CHANGE" fieldID="545c74dd07F0268" visiable="1" required="1" fieldType="PanelField"/>
			<fieldrel id="5469600f07F0241" stepNo="step_6" baseSchema="CDB_CHANGE" fieldID="54694f7707F0213" visiable="1" required="0" fieldType="ViewField"/>
			<fieldrel id="5469600f07F0240" stepNo="step_6" baseSchema="CDB_CHANGE" fieldID="54694f5807F0212" visiable="1" required="0" fieldType="PanelField"/>
			<fieldrel id="5465edd007F0223" stepNo="step_6" baseSchema="CDB_CHANGE" fieldID="5465ea0a07F0204" visiable="0" required="0" fieldType="TimeField"/>
		</fieldrels>
		<actions>
			<action id="545c794d07F0350" stepNo="step_6" baseSchema="CDB_CHANGE" label="实施完成" actionName="finished" actionType="NEXT" isFree="0" hasNext="1" description="实施完成，提交验证" isClose="1" hasDeploy="1" operate="add">
				<fieldrels>
					<fieldrel id="5465d3b807F0796" stepNo="step_6" baseSchema="CDB_CHANGE" actionName="finished" fieldID="546491eb07F0652" visiable="0" required="0" fieldType="CharacterField"/>
					<fieldrel id="546881c207F3336" stepNo="step_6" baseSchema="CDB_CHANGE" actionName="finished" fieldID="5466a59e07F0340" visiable="1" required="0" fieldType="SelectField"/>
					<fieldrel id="5465d3b807F0795" stepNo="step_6" baseSchema="CDB_CHANGE" actionName="finished" fieldID="545ec01307F0322" visiable="1" required="1" fieldType="CharacterField"/>
					<fieldrel id="5465d3b807F0797" stepNo="step_6" baseSchema="CDB_CHANGE" actionName="finished" fieldID="545c9b5a07F0779" visiable="1" required="0" fieldType="CharacterField"/>
					<fieldrel id="5465d3b807F0794" stepNo="step_6" baseSchema="CDB_CHANGE" actionName="finished" fieldID="545c9afe07F0777" visiable="0" required="0" fieldType="CharacterField"/>
				</fieldrels>
			</action>
			<action id="55079d5903E2750" stepNo="step_6" baseSchema="CDB_CHANGE" label="实施取消" actionName="implementCancel" actionType="NEXT" isFree="0" hasNext="1" description="实施取消" isClose="1" hasDeploy="0" operate="add">
				<fieldrels>
					<fieldrel id="55079e2403E3073" stepNo="step_6" baseSchema="CDB_CHANGE" actionName="implementCancel" fieldID="5469b0ad07F0532" visiable="1" required="1" fieldType="SelectField"/>
					<fieldrel id="55079d6003E2751" stepNo="step_6" baseSchema="CDB_CHANGE" actionName="implementCancel" fieldID="545c9b5a07F0779" visiable="1" required="1" fieldType="CharacterField"/>
				</fieldrels>
			</action>
		</actions>
	</step>
	<step id="545c76c807F0282" stepNo="step_3" baseSchema="CDB_CHANGE" description="方案验证" roleName="方案验证" roleID="step_3" roleProcessRoleType="5" actionType="DEAL" taskPolicy="SHARE" acceptOver="0" dealOver="0" hasDeploy="1" operate="add" hasSubFlow="0">
		<fieldrels>
			<fieldrel id="546ed1f407F0348" stepNo="step_3" baseSchema="CDB_CHANGE" fieldID="545c74f507F0269" visiable="1" required="0" fieldType="AttachmentField"/>
			<fieldrel id="54695eb507F0234" stepNo="step_3" baseSchema="CDB_CHANGE" fieldID="54694f5807F0212" visiable="1" required="0" fieldType="PanelField"/>
			<fieldrel id="546c42c807F0949" stepNo="step_3" baseSchema="CDB_CHANGE" fieldID="545c71bf07F0243" visiable="1" required="1" fieldType="CharacterField"/>
			<fieldrel id="546870ad07F2209" stepNo="step_3" baseSchema="CDB_CHANGE" fieldID="5465e76a07F0201" visiable="0" required="0" fieldType="TimeField"/>
			<fieldrel id="546ed1f407F0347" stepNo="step_3" baseSchema="CDB_CHANGE" fieldID="545c74dd07F0268" visiable="1" required="1" fieldType="PanelField"/>
			<fieldrel id="5468707707F2207" stepNo="step_3" baseSchema="CDB_CHANGE" fieldID="54686f2807F2199" visiable="0" required="0" fieldType="PanelField"/>
			<fieldrel id="54695eb507F0235" stepNo="step_3" baseSchema="CDB_CHANGE" fieldID="54694f7707F0213" visiable="1" required="0" fieldType="ViewField"/>
			<fieldrel id="546870ad07F2208" stepNo="step_3" baseSchema="CDB_CHANGE" fieldID="545c757a07F0272" visiable="0" required="0" fieldType="CharacterField"/>
			<fieldrel id="546870ad07F2210" stepNo="step_3" baseSchema="CDB_CHANGE" fieldID="545c759007F0273" visiable="0" required="0" fieldType="TimeField"/>
		</fieldrels>
		<actions>
			<action id="545c788907F0345" stepNo="step_3" baseSchema="CDB_CHANGE" label="验证不通过" actionName="check2back" actionType="NEXT" isFree="0" hasNext="1" description="验证不通过，退回修订人" isClose="1" hasDeploy="1" operate="add">
				<fieldrels>
					<fieldrel id="546959fd07F0218" stepNo="step_3" baseSchema="CDB_CHANGE" actionName="check2back" fieldID="5469571207F0213" visiable="1" required="0" fieldType="CollectField"/>
					<fieldrel id="5465d38107F0786" stepNo="step_3" baseSchema="CDB_CHANGE" actionName="check2back" fieldID="545c9b5a07F0779" visiable="1" required="1" fieldType="CharacterField"/>
				</fieldrels>
			</action>
			<action id="545c786a07F0344" stepNo="step_3" baseSchema="CDB_CHANGE" label="验证通过" actionName="check2audit" actionType="NEXT" isFree="0" hasNext="1" description="验证完成，提交审批" isClose="1" hasDeploy="1" operate="add">
				<fieldrels>
					<fieldrel id="5465d37307F0783" stepNo="step_3" baseSchema="CDB_CHANGE" actionName="check2audit" fieldID="545ec01307F0322" visiable="1" required="1" fieldType="CharacterField"/>
					<fieldrel id="5468797907F2610" stepNo="step_3" baseSchema="CDB_CHANGE" actionName="check2audit" fieldID="5466a59e07F0340" visiable="1" required="0" fieldType="SelectField"/>
					<fieldrel id="5465d37307F0785" stepNo="step_3" baseSchema="CDB_CHANGE" actionName="check2audit" fieldID="545c9b5a07F0779" visiable="1" required="0" fieldType="CharacterField"/>
					<fieldrel id="5465d37307F0782" stepNo="step_3" baseSchema="CDB_CHANGE" actionName="check2audit" fieldID="545c9afe07F0777" visiable="0" required="0" fieldType="CharacterField"/>
					<fieldrel id="546959f307F0217" stepNo="step_3" baseSchema="CDB_CHANGE" actionName="check2audit" fieldID="5469571207F0213" visiable="1" required="0" fieldType="CollectField"/>
					<fieldrel id="5465d37307F0784" stepNo="step_3" baseSchema="CDB_CHANGE" actionName="check2audit" fieldID="546491eb07F0652" visiable="0" required="0" fieldType="CharacterField"/>
				</fieldrels>
			</action>
		</actions>
	</step>
	<step id="545c76b207F0281" stepNo="step_2" baseSchema="CDB_CHANGE" description="修订" roleName="修订" roleID="edit" roleProcessRoleType="5" actionType="DEAL" taskPolicy="SHARE" acceptOver="0" dealOver="0" hasDeploy="1" operate="add" hasSubFlow="0">
		<fieldrels>
			<fieldrel id="54ae501d03E0338" stepNo="step_2" baseSchema="CDB_CHANGE" fieldID="54ae4fdf03E0336" visiable="1" required="0" fieldType="TimeField"/>
			<fieldrel id="546c047d07F1046" stepNo="step_2" baseSchema="CDB_CHANGE" fieldID="545c6aea07F0227" visiable="1" required="1" fieldType="PanelField"/>
			<fieldrel id="546ed1e207F0345" stepNo="step_2" baseSchema="CDB_CHANGE" fieldID="545c74dd07F0268" visiable="1" required="1" fieldType="PanelField"/>
			<fieldrel id="546870c807F2211" stepNo="step_2" baseSchema="CDB_CHANGE" fieldID="545c752807F0270" visiable="0" required="0" fieldType="CharacterField"/>
			<fieldrel id="546efdbc07F0888" stepNo="step_2" baseSchema="CDB_CHANGE" fieldID="545c70ef07F0237" visiable="1" required="0" fieldType="CharacterField"/>
			<fieldrel id="546870c807F2213" stepNo="step_2" baseSchema="CDB_CHANGE" fieldID="545c755c07F0271" visiable="0" required="0" fieldType="TimeField"/>
			<fieldrel id="546ed1e207F0346" stepNo="step_2" baseSchema="CDB_CHANGE" fieldID="545c74f507F0269" visiable="1" required="0" fieldType="AttachmentField"/>
			<fieldrel id="546c428007F0818" stepNo="step_2" baseSchema="CDB_CHANGE" fieldID="545c70d707F0236" visiable="1" required="1" fieldType="CharacterField"/>
			<fieldrel id="546c428007F0820" stepNo="step_2" baseSchema="CDB_CHANGE" fieldID="545c711c07F0239" visiable="1" required="1" fieldType="CharacterField"/>
			<fieldrel id="5468702e07F2203" stepNo="step_2" baseSchema="CDB_CHANGE" fieldID="54686f2807F2199" visiable="0" required="0" fieldType="PanelField"/>
			<fieldrel id="546870c807F2212" stepNo="step_2" baseSchema="CDB_CHANGE" fieldID="5465e6f207F0200" visiable="0" required="0" fieldType="TimeField"/>
			<fieldrel id="546c428007F0819" stepNo="step_2" baseSchema="CDB_CHANGE" fieldID="545c710907F0238" visiable="1" required="1" fieldType="CharacterField"/>
		</fieldrels>
		<actions>
			<action id="545c783d07F0343" stepNo="step_2" baseSchema="CDB_CHANGE" label="退回" actionName="checkBack" actionType="NEXT" isFree="0" hasNext="1" description="退回建单人" isClose="1" hasDeploy="1" operate="add">
				<fieldrels>
					<fieldrel id="546959df07F0216" stepNo="step_2" baseSchema="CDB_CHANGE" actionName="checkBack" fieldID="5469571207F0213" visiable="0" required="0" fieldType="CollectField"/>
					<fieldrel id="5465d36207F0780" stepNo="step_2" baseSchema="CDB_CHANGE" actionName="checkBack" fieldID="545c9b5a07F0779" visiable="1" required="1" fieldType="CharacterField"/>
				</fieldrels>
			</action>
			<action id="545c780607F0342" stepNo="step_2" baseSchema="CDB_CHANGE" label="提交验证" actionName="caseCheck" actionType="NEXT" isFree="0" hasNext="1" description="提交验证" isClose="1" hasDeploy="1" operate="add">
				<fieldrels>
					<fieldrel id="5464c4f007F0972" stepNo="step_2" baseSchema="CDB_CHANGE" actionName="caseCheck" fieldID="545c9afe07F0777" visiable="0" required="0" fieldType="CharacterField"/>
					<fieldrel id="5464c4f007F0975" stepNo="step_2" baseSchema="CDB_CHANGE" actionName="caseCheck" fieldID="546491eb07F0652" visiable="0" required="0" fieldType="CharacterField"/>
					<fieldrel id="54686c1707F1749" stepNo="step_2" baseSchema="CDB_CHANGE" actionName="caseCheck" fieldID="5466a59e07F0340" visiable="1" required="0" fieldType="SelectField"/>
					<fieldrel id="5464c4f007F0973" stepNo="step_2" baseSchema="CDB_CHANGE" actionName="caseCheck" fieldID="545ec01307F0322" visiable="1" required="1" fieldType="CharacterField"/>
					<fieldrel id="5464c4f007F0976" stepNo="step_2" baseSchema="CDB_CHANGE" actionName="caseCheck" fieldID="545c9b5a07F0779" visiable="1" required="0" fieldType="CharacterField"/>
					<fieldrel id="546959d207F0215" stepNo="step_2" baseSchema="CDB_CHANGE" actionName="caseCheck" fieldID="5469571207F0213" visiable="1" required="0" fieldType="CollectField"/>
				</fieldrels>
			</action>
		</actions>
	</step>
	<step id="545c76dc07F0283" stepNo="step_4" baseSchema="CDB_CHANGE" description="审批" roleName="审批" roleID="audit" roleProcessRoleType="5" actionType="DEAL" taskPolicy="ONLY" acceptOver="0" dealOver="0" hasDeploy="1" operate="add" hasSubFlow="0">
		<fieldrels>
			<fieldrel id="54687bd107F2810" stepNo="step_4" baseSchema="CDB_CHANGE" fieldID="546873e907F2463" visiable="1" required="0" fieldType="CharacterField"/>
			<fieldrel id="54699b8b07F0243" stepNo="step_4" baseSchema="CDB_CHANGE" fieldID="545c744b07F0263" visiable="1" required="0" fieldType="SelectField"/>
			<fieldrel id="54699b8b07F0242" stepNo="step_4" baseSchema="CDB_CHANGE" fieldID="545c73d307F0262" visiable="0" required="0" fieldType="PanelField"/>
			<fieldrel id="54687be307F2811" stepNo="step_4" baseSchema="CDB_CHANGE" fieldID="54686f2807F2199" visiable="1" required="1" fieldType="PanelField"/>
			<fieldrel id="5465f62107F0241" stepNo="step_4" baseSchema="CDB_CHANGE" fieldID="545c75d607F0274" visiable="1" required="0" fieldType="CharacterField"/>
			<fieldrel id="5465f62107F0243" stepNo="step_4" baseSchema="CDB_CHANGE" fieldID="545c75ed07F0275" visiable="1" required="0" fieldType="TimeField"/>
			<fieldrel id="54695ed107F0237" stepNo="step_4" baseSchema="CDB_CHANGE" fieldID="54694f7707F0213" visiable="1" required="0" fieldType="ViewField"/>
			<fieldrel id="54699b8b07F0245" stepNo="step_4" baseSchema="CDB_CHANGE" fieldID="545c749207F0265" visiable="1" required="0" fieldType="CharacterField"/>
			<fieldrel id="54699b8b07F0244" stepNo="step_4" baseSchema="CDB_CHANGE" fieldID="5468614407F0882" visiable="1" required="0" fieldType="CharacterField"/>
			<fieldrel id="5465f62107F0242" stepNo="step_4" baseSchema="CDB_CHANGE" fieldID="5465e9a507F0202" visiable="1" required="0" fieldType="TimeField"/>
			<fieldrel id="54695ed107F0236" stepNo="step_4" baseSchema="CDB_CHANGE" fieldID="54694f5807F0212" visiable="1" required="0" fieldType="PanelField"/>
			<fieldrel id="54699b8b07F0246" stepNo="step_4" baseSchema="CDB_CHANGE" fieldID="545c747e07F0264" visiable="0" required="0" fieldType="TimeField"/>
			<fieldrel id="5468a5a607F1936" stepNo="step_4" baseSchema="CDB_CHANGE" fieldID="5468a53a07F1935" visiable="1" required="0" fieldType="CharacterField"/>
			<fieldrel id="54699b8b07F0247" stepNo="step_4" baseSchema="CDB_CHANGE" fieldID="545c74a607F0266" visiable="0" required="0" fieldType="CharacterField"/>
		</fieldrels>
		<actions>
			<action id="545c78d607F0347" stepNo="step_4" baseSchema="CDB_CHANGE" label="审批不通过" actionName="auditUnPass" actionType="NEXT" isFree="0" hasNext="1" description="审批不通过" isClose="1" hasDeploy="1" operate="add">
				<fieldrels>
					<fieldrel id="5468822207F3447" stepNo="step_4" baseSchema="CDB_CHANGE" actionName="auditUnPass" fieldID="545c9b5a07F0779" visiable="1" required="1" fieldType="CharacterField"/>
					<fieldrel id="5469b0dc07F0534" stepNo="step_4" baseSchema="CDB_CHANGE" actionName="auditUnPass" fieldID="5469b0ad07F0532" visiable="1" required="1" fieldType="SelectField"/>
					<fieldrel id="5469b0dc07F0535" stepNo="step_4" baseSchema="CDB_CHANGE" actionName="auditUnPass" fieldID="5469571207F0213" visiable="1" required="0" fieldType="CollectField"/>
					<fieldrel id="5469b0dc07F0533" stepNo="step_4" baseSchema="CDB_CHANGE" actionName="auditUnPass" fieldID="5469b04507F0531" visiable="1" required="1" fieldType="SelectField"/>
					<fieldrel id="5468a74b07F1938" stepNo="step_4" baseSchema="CDB_CHANGE" actionName="auditUnPass" fieldID="5468a73407F1937" visiable="1" required="1" fieldType="SelectField"/>
				</fieldrels>
			</action>
			<action id="545c78a907F0346" stepNo="step_4" baseSchema="CDB_CHANGE" label="审批通过" actionName="auditPassed" actionType="NEXT" isFree="0" hasNext="1" description="审批通过" isClose="1" hasDeploy="1" operate="add">
				<fieldrels>
					<fieldrel id="5468b50807F1444" stepNo="step_4" baseSchema="CDB_CHANGE" actionName="auditPassed" fieldID="545c9b5a07F0779" visiable="1" required="0" fieldType="CharacterField"/>
					<fieldrel id="5468b50807F1441" stepNo="step_4" baseSchema="CDB_CHANGE" actionName="auditPassed" fieldID="545c9afe07F0777" visiable="0" required="0" fieldType="CharacterField"/>
					<fieldrel id="5469b62907F0907" stepNo="step_4" baseSchema="CDB_CHANGE" actionName="auditPassed" fieldID="5469b60b07F0906" visiable="0" required="0" fieldType="CollectField"/>
					<fieldrel id="5468b50807F1440" stepNo="step_4" baseSchema="CDB_CHANGE" actionName="auditPassed" fieldID="545ec01307F0322" visiable="1" required="1" fieldType="CharacterField"/>
					<fieldrel id="5469b66d07F0909" stepNo="step_4" baseSchema="CDB_CHANGE" actionName="auditPassed" fieldID="5469b66107F0908" visiable="0" required="0" fieldType="AssignTreeField"/>
					<fieldrel id="5468b50807F1442" stepNo="step_4" baseSchema="CDB_CHANGE" actionName="auditPassed" fieldID="5466a59e07F0340" visiable="1" required="0" fieldType="SelectField"/>
					<fieldrel id="5468b50807F1443" stepNo="step_4" baseSchema="CDB_CHANGE" actionName="auditPassed" fieldID="546491eb07F0652" visiable="0" required="0" fieldType="CharacterField"/>
					<fieldrel id="546c0ad207F1838" stepNo="step_4" baseSchema="CDB_CHANGE" actionName="auditPassed" fieldID="5469571207F0213" visiable="1" required="0" fieldType="CollectField"/>
				</fieldrels>
			</action>
		</actions>
	</step>
	<step id="545c771207F0286" stepNo="step_7" baseSchema="CDB_CHANGE" description="验证" roleName="验证" roleID="check" roleProcessRoleType="5" actionType="DEAL" taskPolicy="SHARE" acceptOver="0" dealOver="0" hasDeploy="1" operate="add" hasSubFlow="0">
		<fieldrels>
			<fieldrel id="5468713d07F2219" stepNo="step_7" baseSchema="CDB_CHANGE" fieldID="54686f2807F2199" visiable="0" required="0" fieldType="PanelField"/>
			<fieldrel id="546c0fd907F3053" stepNo="step_7" baseSchema="CDB_CHANGE" fieldID="545c73d307F0262" visiable="0" required="1" fieldType="PanelField"/>
			<fieldrel id="546c0fd907F3054" stepNo="step_7" baseSchema="CDB_CHANGE" fieldID="545c744b07F0263" visiable="0" required="0" fieldType="SelectField"/>
			<fieldrel id="5469602907F0243" stepNo="step_7" baseSchema="CDB_CHANGE" fieldID="54694f7707F0213" visiable="1" required="0" fieldType="ViewField"/>
			<fieldrel id="54699c2a07F0261" stepNo="step_7" baseSchema="CDB_CHANGE" fieldID="545c74a607F0266" visiable="0" required="0" fieldType="CharacterField"/>
			<fieldrel id="546ed22007F0353" stepNo="step_7" baseSchema="CDB_CHANGE" fieldID="545c74dd07F0268" visiable="1" required="1" fieldType="PanelField"/>
			<fieldrel id="546c0e9507F2716" stepNo="step_7" baseSchema="CDB_CHANGE" fieldID="545c72d607F0248" visiable="1" required="1" fieldType="CharacterField"/>
			<fieldrel id="546c0fd907F3055" stepNo="step_7" baseSchema="CDB_CHANGE" fieldID="5468614407F0882" visiable="0" required="0" fieldType="CharacterField"/>
			<fieldrel id="546c0fd907F3056" stepNo="step_7" baseSchema="CDB_CHANGE" fieldID="545c749207F0265" visiable="1" required="0" fieldType="CharacterField"/>
			<fieldrel id="546ed22007F0354" stepNo="step_7" baseSchema="CDB_CHANGE" fieldID="545c74f507F0269" visiable="1" required="0" fieldType="AttachmentField"/>
			<fieldrel id="5469602907F0242" stepNo="step_7" baseSchema="CDB_CHANGE" fieldID="54694f5807F0212" visiable="1" required="0" fieldType="PanelField"/>
			<fieldrel id="5465f6b907F0256" stepNo="step_7" baseSchema="CDB_CHANGE" fieldID="5465ea2407F0205" visiable="0" required="0" fieldType="TimeField"/>
			<fieldrel id="546c0ead07F2717" stepNo="step_7" baseSchema="CDB_CHANGE" fieldID="545c723707F0244" visiable="1" required="1" fieldType="PanelField"/>
			<fieldrel id="546c0ead07F2720" stepNo="step_7" baseSchema="CDB_CHANGE" fieldID="545c72b807F0247" visiable="1" required="1" fieldType="CharacterField"/>
			<fieldrel id="546c0ead07F2719" stepNo="step_7" baseSchema="CDB_CHANGE" fieldID="545c729b07F0246" visiable="1" required="1" fieldType="TimeField"/>
			<fieldrel id="54699c2a07F0260" stepNo="step_7" baseSchema="CDB_CHANGE" fieldID="545c747e07F0264" visiable="0" required="0" fieldType="TimeField"/>
			<fieldrel id="546c0ead07F2718" stepNo="step_7" baseSchema="CDB_CHANGE" fieldID="545c728007F0245" visiable="1" required="1" fieldType="TimeField"/>
			<fieldrel id="5465f6b907F0255" stepNo="step_7" baseSchema="CDB_CHANGE" fieldID="545c71aa07F0242" visiable="0" required="0" fieldType="CharacterField"/>
		</fieldrels>
		<actions>
			<action id="5465d3f307F0803" stepNo="step_7" baseSchema="CDB_CHANGE" label="验证不通过" actionName="testUnPass" actionType="NEXT" isFree="0" hasNext="1" description="验证不通过，重新实施" isClose="1" hasDeploy="1" operate="add">
				<fieldrels>
					<fieldrel id="5465d40307F0804" stepNo="step_7" baseSchema="CDB_CHANGE" actionName="testUnPass" fieldID="545c9b5a07F0779" visiable="1" required="1" fieldType="CharacterField"/>
				</fieldrels>
			</action>
			<action id="545c797607F0351" stepNo="step_7" baseSchema="CDB_CHANGE" label="验证通过" actionName="checked" actionType="NEXT" isFree="0" hasNext="1" description="验证完成，发送至建单人回顾" isClose="1" hasDeploy="1" operate="add">
				<fieldrels>
					<fieldrel id="5465d3c507F0802" stepNo="step_7" baseSchema="CDB_CHANGE" actionName="checked" fieldID="545c9b5a07F0779" visiable="1" required="0" fieldType="CharacterField"/>
					<fieldrel id="5469b13307F0540" stepNo="step_7" baseSchema="CDB_CHANGE" actionName="checked" fieldID="5469b0ad07F0532" visiable="1" required="1" fieldType="SelectField"/>
					<fieldrel id="5469b13307F0539" stepNo="step_7" baseSchema="CDB_CHANGE" actionName="checked" fieldID="5469b04507F0531" visiable="1" required="1" fieldType="SelectField"/>
				</fieldrels>
			</action>
		</actions>
	</step>
	<step id="545c76f107F0284" stepNo="step_5" baseSchema="CDB_CHANGE" description="评审" roleName="评审" roleID="organizeAudit" roleProcessRoleType="5" actionType="DEAL" taskPolicy="SHARE" acceptOver="0" dealOver="0" hasDeploy="1" operate="add" hasSubFlow="0">
		<fieldrels>
			<fieldrel id="54699bd307F0252" stepNo="step_5" baseSchema="CDB_CHANGE" fieldID="545c749207F0265" visiable="1" required="0" fieldType="CharacterField"/>
			<fieldrel id="54699bd307F0249" stepNo="step_5" baseSchema="CDB_CHANGE" fieldID="545c73d307F0262" visiable="1" required="0" fieldType="PanelField"/>
			<fieldrel id="546c473907F1961" stepNo="step_5" baseSchema="CDB_CHANGE" fieldID="545c760d07F0276" visiable="1" required="0" fieldType="CharacterField"/>
			<fieldrel id="54d9a5fa03E3390" stepNo="step_5" baseSchema="CDB_CHANGE" fieldID="54c8ffd403E0797" visiable="1" required="0" fieldType="HiddenField"/>
			<fieldrel id="546ed20407F0350" stepNo="step_5" baseSchema="CDB_CHANGE" fieldID="545c74f507F0269" visiable="1" required="0" fieldType="AttachmentField"/>
			<fieldrel id="54d9a5fa03E3389" stepNo="step_5" baseSchema="CDB_CHANGE" fieldID="54c8ff8e03E0796" visiable="1" required="0" fieldType="SelectField"/>
			<fieldrel id="54695ee707F0239" stepNo="step_5" baseSchema="CDB_CHANGE" fieldID="54694f7707F0213" visiable="1" required="0" fieldType="ViewField"/>
			<fieldrel id="54699bd307F0253" stepNo="step_5" baseSchema="CDB_CHANGE" fieldID="545c747e07F0264" visiable="0" required="0" fieldType="TimeField"/>
			<fieldrel id="546870e607F2214" stepNo="step_5" baseSchema="CDB_CHANGE" fieldID="54686f2807F2199" visiable="0" required="0" fieldType="PanelField"/>
			<fieldrel id="546c473907F1963" stepNo="step_5" baseSchema="CDB_CHANGE" fieldID="545c761e07F0277" visiable="1" required="0" fieldType="TimeField"/>
			<fieldrel id="546c473907F1962" stepNo="step_5" baseSchema="CDB_CHANGE" fieldID="5465e9cd07F0203" visiable="1" required="0" fieldType="TimeField"/>
			<fieldrel id="54699bd307F0250" stepNo="step_5" baseSchema="CDB_CHANGE" fieldID="545c744b07F0263" visiable="1" required="0" fieldType="SelectField"/>
			<fieldrel id="54699bd307F0251" stepNo="step_5" baseSchema="CDB_CHANGE" fieldID="5468614407F0882" visiable="1" required="0" fieldType="CharacterField"/>
			<fieldrel id="546ed20407F0349" stepNo="step_5" baseSchema="CDB_CHANGE" fieldID="545c74dd07F0268" visiable="1" required="1" fieldType="PanelField"/>
			<fieldrel id="54695ee707F0238" stepNo="step_5" baseSchema="CDB_CHANGE" fieldID="54694f5807F0212" visiable="1" required="0" fieldType="PanelField"/>
			<fieldrel id="54699bd307F0254" stepNo="step_5" baseSchema="CDB_CHANGE" fieldID="545c74a607F0266" visiable="0" required="0" fieldType="CharacterField"/>
		</fieldrels>
		<actions>
			<action id="54f80c3803E3499" stepNo="step_5" baseSchema="CDB_CHANGE" label="保存" actionName="save1" actionType="SAVE" isFree="0" hasNext="0" description="保存" isClose="0" hasDeploy="1" operate="add">
				<fieldrels/>
			</action>
			<action id="545c792f07F0349" stepNo="step_5" baseSchema="CDB_CHANGE" label="评审不通过" actionName="organizeAuditUnpass" actionType="NEXT" isFree="0" hasNext="1" description="评审不通过" isClose="1" hasDeploy="1" operate="add">
				<fieldrels>
					<fieldrel id="54a3c5830CA2437" stepNo="step_5" baseSchema="CDB_CHANGE" actionName="organizeAuditUnpass" fieldID="5469b0ad07F0532" visiable="0" required="0" fieldType="SelectField"/>
					<fieldrel id="54a3c5830CA2438" stepNo="step_5" baseSchema="CDB_CHANGE" actionName="organizeAuditUnpass" fieldID="545c9b5a07F0779" visiable="1" required="1" fieldType="CharacterField"/>
					<fieldrel id="54a3c5830CA2439" stepNo="step_5" baseSchema="CDB_CHANGE" actionName="organizeAuditUnpass" fieldID="5469571207F0213" visiable="1" required="0" fieldType="CollectField"/>
					<fieldrel id="54a3c5830CA2436" stepNo="step_5" baseSchema="CDB_CHANGE" actionName="organizeAuditUnpass" fieldID="5469b04507F0531" visiable="0" required="0" fieldType="SelectField"/>
				</fieldrels>
			</action>
			<action id="545c790707F0348" stepNo="step_5" baseSchema="CDB_CHANGE" label="评审通过" actionName="organizeAuditPass" actionType="NEXT" isFree="0" hasNext="1" description="评审通过" isClose="1" hasDeploy="1" operate="add">
				<fieldrels>
					<fieldrel id="546881ae07F3335" stepNo="step_5" baseSchema="CDB_CHANGE" actionName="organizeAuditPass" fieldID="5466a59e07F0340" visiable="1" required="0" fieldType="SelectField"/>
					<fieldrel id="54913e980CA0577" stepNo="step_5" baseSchema="CDB_CHANGE" actionName="organizeAuditPass" fieldID="54913d550CA0573" visiable="1" required="1" fieldType="CharacterField"/>
					<fieldrel id="54913e980CA0579" stepNo="step_5" baseSchema="CDB_CHANGE" actionName="organizeAuditPass" fieldID="54913dbf0CA0575" visiable="1" required="1" fieldType="HiddenField"/>
					<fieldrel id="548669810CA0254" stepNo="step_5" baseSchema="CDB_CHANGE" actionName="organizeAuditPass" fieldID="5469571207F0213" visiable="1" required="1" fieldType="CollectField"/>
					<fieldrel id="54913e980CA0578" stepNo="step_5" baseSchema="CDB_CHANGE" actionName="organizeAuditPass" fieldID="54913d960CA0574" visiable="1" required="0" fieldType="CharacterField"/>
					<fieldrel id="54913e980CA0576" stepNo="step_5" baseSchema="CDB_CHANGE" actionName="organizeAuditPass" fieldID="54913d300CA0572" visiable="1" required="1" fieldType="TimeField"/>
					<fieldrel id="5465d39707F0790" stepNo="step_5" baseSchema="CDB_CHANGE" actionName="organizeAuditPass" fieldID="546491eb07F0652" visiable="0" required="0" fieldType="CharacterField"/>
					<fieldrel id="5465d39707F0788" stepNo="step_5" baseSchema="CDB_CHANGE" actionName="organizeAuditPass" fieldID="545c9afe07F0777" visiable="0" required="0" fieldType="CharacterField"/>
					<fieldrel id="5465d39707F0789" stepNo="step_5" baseSchema="CDB_CHANGE" actionName="organizeAuditPass" fieldID="545ec01307F0322" visiable="1" required="1" fieldType="CharacterField"/>
					<fieldrel id="5465d39707F0791" stepNo="step_5" baseSchema="CDB_CHANGE" actionName="organizeAuditPass" fieldID="545c9b5a07F0779" visiable="1" required="1" fieldType="CharacterField"/>
				</fieldrels>
			</action>
		</actions>
	</step>
</steps>
