<?xml version="1.0" encoding="UTF-8"?>

<workflow> 
  <start to="dp_1" statusId="s_1"/>  
  <steps> 
    <step id="dp_1" stepNo="step01" stepGroup="" statusId="s_1" desc="新建" taskPolicy="SHARE" auto="false" acceptOver="0" dealOver="0" type="DEAL"> 
      <prefuncs> 
        <func id="0">defaultDefInFunction</func> 
      </prefuncs>  
      <actor id="actor" roleID="R1" roleName="建单人" actorType="5" conditionsDesc=""/>  
      <actions> 
        <action id="0" name="提交问题" actionNo="toSubmit" linkpri="1" assignTree="" remap="0"> 
          <to stepId="dp_2"/> 
        </action> 
      </actions>  
      <metas> 
        <meta id="0" name="CUSTOMACTIONS"/>  
        <meta id="1" name="FLAGASSIGN">0</meta>  
        <meta id="2" name="FLAGCANCEL">0</meta>  
        <meta id="3" name="FLAGCLOSE">0</meta>  
        <meta id="4" name="FLAGCOPY">0</meta>  
        <meta id="5" name="FLAGRECALL">0</meta>  
        <meta id="6" name="FLAGSAVE">0</meta>  
        <meta id="7" name="FLAGTOASSISTAUDITING">0</meta>  
        <meta id="8" name="FLAGTOAUDITING">0</meta>  
        <meta id="9" name="FLAGTRANSFER">0</meta>  
        <meta id="10" name="FLAGTURNUP">0</meta> 
      </metas>  
      <subflows> 
        <condition/> 
      </subflows>  
      <postfuncs> 
        <func id="0">defaultDefOutFunction</func> 
      </postfuncs> 
    </step>  
    <step id="dp_2" stepNo="step02" stepGroup="" statusId="s_2" desc="分派" taskPolicy="SHARE" auto="false" acceptOver="0" dealOver="0" type="DEAL"> 
      <prefuncs> 
        <func id="0">defaultDefInFunction</func> 
      </prefuncs>  
      <actor id="actor" roleID="R2" roleName="分派角色" actorType="5" conditionsDesc=""/>  
      <actions> 
        <action id="0" name="分派" actionNo="TurnSend" linkpri="1" assignTree="" remap="0"> 
          <to stepId="dp_3"/> 
        </action>  
        <action id="1" name="退回" actionNo="ToBack" linkpri="1" assignTree="" remap="0"> 
          <to stepId="dp_1"/> 
        </action>  
        <action id="2" name="取消" actionNo="ToFinish" linkpri="1" assignTree="" remap="0"> 
          <to stepId="dp_6"/> 
        </action>  
        <action id="3" name="完成" actionNo="ToVerify" linkpri="1" assignTree="" remap="0"> 
          <to stepId="dp_4"/> 
        </action> 
      </actions>  
      <metas> 
        <meta id="0" name="CUSTOMACTIONS"/>  
        <meta id="1" name="FLAGASSIGN">0</meta>  
        <meta id="2" name="FLAGCANCEL">0</meta>  
        <meta id="3" name="FLAGCLOSE">0</meta>  
        <meta id="4" name="FLAGCOPY">0</meta>  
        <meta id="5" name="FLAGRECALL">0</meta>  
        <meta id="6" name="FLAGSAVE">0</meta>  
        <meta id="7" name="FLAGTOASSISTAUDITING">0</meta>  
        <meta id="8" name="FLAGTOAUDITING">0</meta>  
        <meta id="9" name="FLAGTRANSFER">0</meta>  
        <meta id="10" name="FLAGTURNUP">0</meta> 
      </metas>  
      <subflows> 
        <condition/> 
      </subflows>  
      <postfuncs> 
        <func id="0">defaultDefOutFunction</func> 
      </postfuncs> 
    </step>  
    <step id="dp_3" stepNo="step03" stepGroup="" statusId="s_3" desc="处理" taskPolicy="SHARE" auto="false" acceptOver="0" dealOver="0" type="DEAL"> 
      <prefuncs> 
        <func id="0">defaultDefInFunction</func> 
      </prefuncs>  
      <actor id="actor" roleID="R3" roleName="处理人" actorType="5" conditionsDesc=""/>  
      <actions> 
        <action id="0" name="退回" actionNo="ToBack01" linkpri="1" assignTree="" remap="0"> 
          <to stepId="dp_2"/> 
        </action>  
        <action id="1" name="完成" actionNo="ToFinist01" linkpri="1" assignTree="" remap="0"> 
          <to stepId="dp_4"/> 
        </action> 
      </actions>  
      <metas> 
        <meta id="0" name="CUSTOMACTIONS"/>  
        <meta id="1" name="FLAGASSIGN">0</meta>  
        <meta id="2" name="FLAGCANCEL">0</meta>  
        <meta id="3" name="FLAGCLOSE">0</meta>  
        <meta id="4" name="FLAGCOPY">0</meta>  
        <meta id="5" name="FLAGRECALL">0</meta>  
        <meta id="6" name="FLAGSAVE">0</meta>  
        <meta id="7" name="FLAGTOASSISTAUDITING">0</meta>  
        <meta id="8" name="FLAGTOAUDITING">0</meta>  
        <meta id="9" name="FLAGTRANSFER">0</meta>  
        <meta id="10" name="FLAGTURNUP">0</meta> 
      </metas>  
      <subflows> 
        <condition/> 
      </subflows>  
      <postfuncs> 
        <func id="0">defaultDefOutFunction</func> 
      </postfuncs> 
    </step>  
    <step id="dp_4" stepNo="step04" stepGroup="" statusId="s_5" desc="验证" taskPolicy="SHARE" auto="false" acceptOver="0" dealOver="0" type="DEAL"> 
      <prefuncs> 
        <func id="0">defaultDefInFunction</func> 
      </prefuncs>  
      <actor id="actor" roleID="R4" roleName="建单人" actorType="5" conditionsDesc=""/>  
      <actions> 
        <action id="0" name="通过" actionNo="ToPass" linkpri="1" assignTree="" remap="0"> 
          <to stepId="dp_5"/> 
        </action>  
        <action id="1" name="不通过" actionNo="NoPass" linkpri="1" assignTree="" remap="0"> 
          <to stepId="dp_2"/> 
        </action> 
      </actions>  
      <metas> 
        <meta id="0" name="CUSTOMACTIONS"/>  
        <meta id="1" name="FLAGASSIGN">0</meta>  
        <meta id="2" name="FLAGCANCEL">0</meta>  
        <meta id="3" name="FLAGCLOSE">0</meta>  
        <meta id="4" name="FLAGCOPY">0</meta>  
        <meta id="5" name="FLAGRECALL">0</meta>  
        <meta id="6" name="FLAGSAVE">0</meta>  
        <meta id="7" name="FLAGTOASSISTAUDITING">0</meta>  
        <meta id="8" name="FLAGTOAUDITING">0</meta>  
        <meta id="9" name="FLAGTRANSFER">0</meta>  
        <meta id="10" name="FLAGTURNUP">0</meta> 
      </metas>  
      <subflows> 
        <condition/> 
      </subflows>  
      <postfuncs> 
        <func id="0">defaultDefOutFunction</func> 
      </postfuncs> 
    </step>  
    <step id="dp_5" stepNo="step05" stepGroup="" statusId="s_7" desc="回顾" taskPolicy="SHARE" auto="false" acceptOver="0" dealOver="0" type="DEAL"> 
      <prefuncs> 
        <func id="0">defaultDefInFunction</func> 
      </prefuncs>  
      <actor id="actor" roleID="R5" roleName="工单处理人" actorType="5" conditionsDesc=""/>  
      <actions> 
        <action id="0" name="退回" actionNo="ToBack02" linkpri="1" assignTree="" remap="0"> 
          <to stepId="dp_4"/> 
        </action>  
        <action id="1" name="完成" actionNo="ToFinish02" linkpri="1" assignTree="" remap="0"> 
          <to endId="dp_7"/> 
        </action> 
      </actions>  
      <metas> 
        <meta id="0" name="CUSTOMACTIONS"/>  
        <meta id="1" name="FLAGASSIGN">0</meta>  
        <meta id="2" name="FLAGCANCEL">0</meta>  
        <meta id="3" name="FLAGCLOSE">0</meta>  
        <meta id="4" name="FLAGCOPY">0</meta>  
        <meta id="5" name="FLAGRECALL">0</meta>  
        <meta id="6" name="FLAGSAVE">0</meta>  
        <meta id="7" name="FLAGTOASSISTAUDITING">0</meta>  
        <meta id="8" name="FLAGTOAUDITING">0</meta>  
        <meta id="9" name="FLAGTRANSFER">0</meta>  
        <meta id="10" name="FLAGTURNUP">0</meta> 
      </metas>  
      <subflows> 
        <condition/> 
      </subflows>  
      <postfuncs> 
        <func id="0">defaultDefOutFunction</func> 
      </postfuncs> 
    </step>  
    <step id="dp_6" stepNo="step06" stepGroup="" statusId="s_6" desc="关单" taskPolicy="SHARE" auto="false" acceptOver="0" dealOver="0" type="DEAL"> 
      <prefuncs> 
        <func id="0">defaultDefInFunction</func> 
      </prefuncs>  
      <actor id="actor" roleID="R6" roleName="建单人" actorType="1" conditionsDesc="">roleKey:$CreateUser$</actor>  
      <actions> 
        <action id="0" name="关单" actionNo="Closed" linkpri="1" assignTree="" remap="0"> 
          <to endId="dp_7"/> 
        </action>  
        <action id="1" name="退回" actionNo="ToBack03" linkpri="1" assignTree="" remap="0"> 
          <to stepId="dp_2"/> 
        </action> 
      </actions>  
      <metas> 
        <meta id="0" name="CUSTOMACTIONS"/>  
        <meta id="1" name="FLAGASSIGN">0</meta>  
        <meta id="2" name="FLAGCANCEL">0</meta>  
        <meta id="3" name="FLAGCLOSE">0</meta>  
        <meta id="4" name="FLAGCOPY">0</meta>  
        <meta id="5" name="FLAGRECALL">0</meta>  
        <meta id="6" name="FLAGSAVE">0</meta>  
        <meta id="7" name="FLAGTOASSISTAUDITING">0</meta>  
        <meta id="8" name="FLAGTOAUDITING">0</meta>  
        <meta id="9" name="FLAGTRANSFER">0</meta>  
        <meta id="10" name="FLAGTURNUP">0</meta> 
      </metas>  
      <subflows> 
        <condition/> 
      </subflows>  
      <postfuncs> 
        <func id="0">defaultDefOutFunction</func> 
      </postfuncs> 
    </step> 
  </steps>  
  <splits/>  
  <joins/>  
  <ends> 
    <end id="dp_7" statusId="s_4"/> 
  </ends>  
  <statuses> 
    <status id="s_1" name="新建"/>  
    <status id="s_2" name="分派"/>  
    <status id="s_3" name="处理"/>  
    <status id="s_5" name="验证"/>  
    <status id="s_7" name="回顾"/>  
    <status id="s_6" name="关单"/>  
    <status id="s_4" name="已关闭"/> 
  </statuses> 
</workflow>
