<?xml version="1.0" encoding="UTF-8"?>

<fields>
	<field id="545c6cbb0CA0659" label="解决方案类型" fieldName="IncidentSolutionType" fieldType="SelectField" baseSchema="CBD_INCIDENT" visiable="1" orderNum="4" hasDeploy="1" operate="add" parentID="54587af60CA0471" needSave="1" length="128" colspan="1" type="collect" typeResource="最终方案:最终方案,临时方案:临时方案"/>
	<field id="54cb0a000A60250" label="报修开始时间" fieldName="reqRepairStartTime" fieldType="TimeField" baseSchema="CBD_INCIDENT" visiable="1" orderNum="7" hasDeploy="1" operate="add" parentID="54587af60CA0471" needSave="1" length="15" colspan="1" timeFormat="yyyy-MM-dd HH:mm:ss"/>
	<field id="545875c60CA0450" label="联系人信息" fieldName="ContactInfoPanel" fieldType="PanelField" baseSchema="CBD_INCIDENT" visiable="1" orderNum="1" hasDeploy="1" operate="add" parentID="5458753d0CA0449"/>
	<field id="546b40f30CA0221" label="关联知识" fieldName="kmBase" fieldType="PanelField" baseSchema="CBD_INCIDENT" visiable="1" orderNum="6" hasDeploy="1" operate="add" parentID="545871b10CA0424"/>
	<field id="54ab47010CA0253" label="满意度" fieldName="satisfaction_level" fieldType="SelectField" baseSchema="CBD_INCIDENT" visiable="1" orderNum="1" hasDeploy="1" operate="add" parentID="54ab45b20CA0252" needSave="1" defaultValue="非常满意" length="2000" colspan="1" type="collect" typeResource="非常满意:非常满意,不满意:不满意"/>
	<field id="545876d50CA0454" label="联系人工位" fieldName="ContactStation" fieldType="CharacterField" baseSchema="CBD_INCIDENT" visiable="1" orderNum="6" hasDeploy="1" operate="add" parentID="545875c60CA0450" needSave="1" defaultValue="${displayCxt.userInfo.station}" length="128" colspan="1" rowspan="1" isClob="0"/>
	<field id="549bc0fc0CA0239" label="处理时间" fieldName="DealTime" fieldType="HiddenField" baseSchema="CBD_INCIDENT" visiable="0" orderNum="103" hasDeploy="1" operate="add" parentID="545877c90CA0459" needSave="1" length="100" colspan="1" rowspan="1"/>
	<field id="54587a080CA0467" label="发生时间" fieldName="OccurrenceTime" fieldType="TimeField" baseSchema="CBD_INCIDENT" visiable="1" orderNum="7" hasDeploy="1" operate="add" parentID="545877c90CA0459" needSave="1" length="15" colspan="1" timeFormat="yyyy-MM-dd HH:mm:ss"/>
	<field id="54d17bae03E0370" label="处理人团队Id" fieldName="cdbDealTeamId" fieldType="HiddenField" baseSchema="CBD_INCIDENT" visiable="0" orderNum="11" hasDeploy="1" operate="add" parentID="545877c90CA0459" needSave="1" length="100" colspan="1" rowspan="1"/>
	<field id="54d974f403E3067" label="关联单号" fieldName="connBaseid" fieldType="HiddenField" baseSchema="CBD_INCIDENT" visiable="0" orderNum="100" hasDeploy="1" operate="add" parentID="545874570CA0447" needSave="1" length="254" colspan="1" rowspan="1"/>
	<field id="54a9360d0CA0242" label="超时原因" fieldName="timeout_reason" fieldType="CharacterField" baseSchema="CBD_INCIDENT" visiable="1" orderNum="10" hasDeploy="1" operate="add" parentID="54587af60CA0471" needSave="1" length="4000" colspan="4" rowspan="3" isClob="0"/>
	<field id="550a30d303D0647" label="解决时间上限(更换硬件)" fieldName="NoWorkingTimeLimit" fieldType="CharacterField" baseSchema="CBD_INCIDENT" visiable="1" orderNum="5" hasDeploy="1" operate="add" parentID="550a2ffa03D0523" needSave="1" length="100" colspan="1" rowspan="1" isClob="0"/>
	<field id="5458791b0CA0466" label="是否重大事件" fieldName="IsMajor" fieldType="SelectField" baseSchema="CBD_INCIDENT" visiable="1" orderNum="6" hasDeploy="1" operate="add" parentID="545877c90CA0459" needSave="1" defaultValue="否" length="128" colspan="1" type="collect" typeResource="是:是,否:否"/>
	<field id="545877410CA0457" label="联系人电话" fieldName="ContactTel" fieldType="CharacterField" baseSchema="CBD_INCIDENT" visiable="1" orderNum="7" hasDeploy="1" operate="add" parentID="545875c60CA0450" needSave="1" defaultValue="${displayCxt.userInfo.phone}" length="128" colspan="1" rowspan="1" isClob="0"/>
	<field id="5462b87a0CA0223" label="联系人OA号" fieldName="ContactOA" fieldType="CharacterField" baseSchema="CBD_INCIDENT" visiable="1" orderNum="3" hasDeploy="1" operate="add" parentID="545875c60CA0450" needSave="1" defaultValue="${displayCxt.userInfo.oaNumber}" length="128" colspan="1" rowspan="1" isClob="0"/>
	<field id="545ed9180CA1086" label="关联系统" fieldName="AssociateSystem" fieldType="SelectField" baseSchema="CBD_INCIDENT" visiable="1" orderNum="2" hasDeploy="1" operate="add" parentID="545877c90CA0459" needSave="1" length="128" colspan="1" type="table" typeResource="bs_t_sm_dicitem:dicfullname:dicfullname" paras="dtcode='cdb_system'"/>
	<field id="5458769c0CA0453" label="联系人部门" fieldName="ContactDepartment" fieldType="CharacterField" baseSchema="CBD_INCIDENT" visiable="1" orderNum="2" hasDeploy="1" operate="add" parentID="545875c60CA0450" needSave="1" defaultValue="${displayCxt.userInfo.cdbDepName}" length="128" colspan="1" rowspan="1" isClob="0"/>
	<field id="546553540CA0246" fieldName="treatmentRecordView" fieldType="ViewField" baseSchema="CBD_INCIDENT" visiable="1" orderNum="0" hasDeploy="1" operate="add" parentID="546553180CA0243" pageurl="${ctx}/workflow/sheet/query/BaseInfoViewBpp.jsp?baseschema=${displayCxt.baseSchema}&amp;baseid=${displayCxt.baseID}&amp;tplid=${displayCxt.defCode} " colspan="4" rowspan="20" type="include"/>
	<field id="550a342703D0824" label="处理时限" fieldName="BASEDEALOUTTIME" fieldType="CharacterField" baseSchema="CBD_INCIDENT" visiable="1" orderNum="6" hasDeploy="1" operate="add" parentID="550a2ffa03D0523" needSave="1" length="100" colspan="1" rowspan="1" isClob="0"/>
	<field id="545877250CA0456" label="联系人手机" fieldName="ContactPhone" fieldType="CharacterField" baseSchema="CBD_INCIDENT" visiable="1" orderNum="4" hasDeploy="1" operate="add" parentID="545875c60CA0450" needSave="1" defaultValue="${displayCxt.userInfo.mobile}" length="128" colspan="1" rowspan="1" isClob="0"/>
	<field id="550a341003D0823" label="响应时限" fieldName="BASEACCEPTOUTTIME" fieldType="CharacterField" baseSchema="CBD_INCIDENT" visiable="1" orderNum="3" hasDeploy="1" operate="add" parentID="550a2ffa03D0523" needSave="1" length="100" colspan="1" rowspan="1" isClob="0"/>
	<field id="546337190CA0235" label="联系人ID" fieldName="ContactPersonId" fieldType="HiddenField" baseSchema="CBD_INCIDENT" visiable="0" orderNum="0" hasDeploy="1" operate="add" parentID="545875c60CA0450" needSave="1" defaultValue="${displayCxt.userInfo.loginName}" length="50" colspan="1" rowspan="1"/>
	<field id="545c6ae00CA0403" label="原因分类" fieldName="IncidentSourceClass" fieldType="SelectField" baseSchema="CBD_INCIDENT" visiable="1" orderNum="0" hasDeploy="1" operate="add" parentID="54587af60CA0471" needSave="1" length="128" colspan="1" type="table" typeResource="bs_t_sm_commonTree:fullname:fullname" paras="type='incCauseClass'"/>
	<field id="54c0aa0803E0743" label="建单人团队名" fieldName="cdbTeamName" fieldType="HiddenField" baseSchema="CBD_INCIDENT" visiable="0" orderNum="12" hasDeploy="1" operate="add" parentID="545877c90CA0459" needSave="1" defaultValue="${displayCxt.userInfo.cdbTeamName}" length="100" colspan="1" rowspan="1"/>
	<field id="550a308903D0645" label="解决时间上限(不更硬件)" fieldName="WorkingTimeLimit" fieldType="CharacterField" baseSchema="CBD_INCIDENT" visiable="1" orderNum="4" hasDeploy="1" operate="add" parentID="550a2ffa03D0523" needSave="1" length="100" colspan="1" rowspan="1" isClob="0"/>
	<field id="54587aa60CA0470" label="附件列表" fieldName="AttachmentsList" fieldType="AttachmentField" baseSchema="CBD_INCIDENT" visiable="1" orderNum="0" hasDeploy="1" operate="add" parentID="5459cf900CA0637"/>
	<field id="545877c90CA0459" label="事件信息" fieldName="IncidentInfoPanel" fieldType="PanelField" baseSchema="CBD_INCIDENT" visiable="1" orderNum="1" hasDeploy="1" operate="add" parentID="5458753d0CA0449"/>
	<field id="545ee0100CA1187" label="现象分类" fieldName="IncidentPhenoClass" fieldType="SelectField" baseSchema="CBD_INCIDENT" visiable="1" orderNum="0" hasDeploy="1" operate="add" parentID="545877c90CA0459" needSave="1" length="128" colspan="1" type="table" typeResource="bs_t_sm_commonTree:fullname:fullname" paras="type='incPhenoClass'"/>
	<field id="54ab45b20CA0252" label="满意度" fieldName="SatisfactionPanel" fieldType="PanelField" baseSchema="CBD_INCIDENT" visiable="1" orderNum="20" hasDeploy="1" operate="add" parentID="5458753d0CA0449"/>
	<field id="5464a0150CA0373" label="关联工单" fieldName="relationsheet" fieldType="PanelField" baseSchema="CBD_INCIDENT" visiable="1" orderNum="2" hasDeploy="1" operate="add" parentID="545871b10CA0424"/>
	<field id="54587a460CA0468" label="事件标签" fieldName="IncidentLable" fieldType="CharacterField" baseSchema="CBD_INCIDENT" visiable="0" orderNum="8" hasDeploy="1" operate="add" parentID="545877c90CA0459" needSave="1" length="128" colspan="1" rowspan="1" isClob="0"/>
	<field id="550a2ffa03D0523" label="服务说明区域" fieldName="serviceArea" fieldType="PanelField" baseSchema="CBD_INCIDENT" visiable="1" orderNum="0" hasDeploy="1" operate="add" parentID="5458753d0CA0449"/>
	<field id="54759b0e0CA0894" label="事件标识" fieldName="IncidentIdentification" fieldType="CollectField" baseSchema="CBD_INCIDENT" visiable="1" orderNum="8" hasDeploy="1" operate="add" parentID="545877c90CA0459" needSave="1" defaultValue="内部事件" length="20" colspan="1" type="collect" rowspan="1" typeResource="内部事件:内部事件,外部事件:外部事件" showType="radio"/>
	<field id="54587c3d0CA0478" label="事件原因" fieldName="IncidentReason" fieldType="CharacterField" baseSchema="CBD_INCIDENT" visiable="1" orderNum="11" hasDeploy="1" operate="add" parentID="54587af60CA0471" needSave="1" length="4000" colspan="4" rowspan="3" isClob="0"/>
	<field id="546b414d0CA0222" fieldName="view_kmBase" fieldType="ViewField" baseSchema="CBD_INCIDENT" visiable="1" orderNum="1" hasDeploy="1" operate="add" parentID="546b40f30CA0221" pageurl="${ctx}/extractKnowledge/showKnowledge.action?baseSchema=${displayCxt.baseSchema}&amp;baseId=${displayCxt.baseID}" colspan="4" rowspan="10" type="frame"/>
	<field id="5460d1a60CA0231" label="事件紧急度" fieldName="Incident_UrgentDgree" fieldType="SelectField" baseSchema="CBD_INCIDENT" visiable="1" orderNum="4" hasDeploy="1" operate="add" parentID="545877c90CA0459" needSave="1" defaultValue="3" length="128" colspan="1" type="sysdic" typeResource="Incident_UrgentDgree"/>
	<field id="5461a6690CA0219" label="VIP等级" fieldName="IsVIP" fieldType="CharacterField" baseSchema="CBD_INCIDENT" visiable="1" orderNum="8" hasDeploy="1" operate="add" parentID="545875c60CA0450" needSave="1" defaultValue="${displayCxt.userInfo.isVip}" length="128" colspan="1" rowspan="1" isClob="0"/>
	<field id="54d17b8b03E0369" label="处理人团队名" fieldName="cdbDealTeamName" fieldType="HiddenField" baseSchema="CBD_INCIDENT" visiable="0" orderNum="10" hasDeploy="1" operate="add" parentID="545877c90CA0459" needSave="1" length="100" colspan="1" rowspan="1"/>
	<field id="545877000CA0455" label="联系人职位" fieldName="ContactPosition" fieldType="CharacterField" baseSchema="CBD_INCIDENT" visiable="1" orderNum="5" hasDeploy="1" operate="add" parentID="545875c60CA0450" needSave="1" defaultValue="${displayCxt.userInfo.position}" length="128" colspan="1" rowspan="1" isClob="0"/>
	<field id="545871b10CA0424" label="工单主体部分" fieldName="PG_Main" fieldType="PanelGroupField" baseSchema="CBD_INCIDENT" visiable="1" orderNum="0" hasDeploy="1" operate="add" parentID="main" titleVisible="1" colspan="8" type="tab"/>
	<field id="54587a840CA0469" label="事件描述" fieldName="IncidentDes" fieldType="CharacterField" baseSchema="CBD_INCIDENT" visiable="1" orderNum="9" hasDeploy="1" operate="add" parentID="545877c90CA0459" needSave="1" length="4000" colspan="4" rowspan="3" isClob="0"/>
	<field id="54cb0a200A60251" label="维修结束时间" fieldName="repairedEndTime" fieldType="TimeField" baseSchema="CBD_INCIDENT" visiable="1" orderNum="8" hasDeploy="1" operate="add" parentID="54587af60CA0471" needSave="1" length="15" colspan="1" timeFormat="yyyy-MM-dd HH:mm:ss"/>
	<field id="5459c9a30CA0342" label="标题" fieldName="BaseSummary" fieldType="CharacterField" baseSchema="CBD_INCIDENT" visiable="1" orderNum="0" hasDeploy="1" operate="add" parentID="545874570CA0447" needSave="1" length="255" colspan="4" rowspan="1" isClob="0"/>
	<field id="545874570CA0447" label="主表单信息" fieldName="P_Main" fieldType="PanelField" baseSchema="CBD_INCIDENT" visiable="1" orderNum="0" hasDeploy="1" operate="add" parentID="545871b10CA0424"/>
	<field id="54ffb66603D0451" label="报修天数" fieldName="RepairDays" fieldType="CharacterField" baseSchema="CBD_INCIDENT" visiable="1" orderNum="9" hasDeploy="1" operate="add" parentID="54587af60CA0471" needSave="1" length="10" colspan="1" rowspan="1" isClob="0"/>
	<field id="550a303703D0525" label="非工作日响应时间" fieldName="NoWorkingDaysRespTime" fieldType="CharacterField" baseSchema="CBD_INCIDENT" visiable="1" orderNum="2" hasDeploy="1" operate="add" parentID="550a2ffa03D0523" needSave="1" length="100" colspan="1" rowspan="1" isClob="0"/>
	<field id="549bbffc0CA0236" label="受理时限" fieldName="AcceptanceTimeLimit" fieldType="HiddenField" baseSchema="CBD_INCIDENT" visiable="0" orderNum="100" hasDeploy="1" operate="add" parentID="545877c90CA0459" needSave="1" length="100" colspan="1" rowspan="1"/>
	<field id="5460d16f0CA0230" label="事件影响度" fieldName="Incident_EffectDgree" fieldType="SelectField" baseSchema="CBD_INCIDENT" visiable="1" orderNum="3" hasDeploy="1" operate="add" parentID="545877c90CA0459" needSave="1" defaultValue="3" length="128" colspan="1" type="sysdic" typeResource="Incident_EffectDgree"/>
	<field id="546553180CA0243" label="流程记录" fieldName="treatmentRecord" fieldType="PanelField" baseSchema="CBD_INCIDENT" visiable="1" orderNum="3" hasDeploy="1" operate="add" parentID="545871b10CA0424"/>
	<field id="5458753d0CA0449" label="工单详细信息容器组" fieldName="DetailTicketGP" fieldType="PanelGroupField" baseSchema="CBD_INCIDENT" visiable="1" orderNum="7" hasDeploy="1" operate="add" parentID="545874570CA0447" titleVisible="1" colspan="4" type="panel"/>
	<field id="54587c0f0CA0477" label="解决方案" fieldName="Solution" fieldType="CharacterField" baseSchema="CBD_INCIDENT" visiable="1" orderNum="12" hasDeploy="1" operate="add" parentID="54587af60CA0471" needSave="1" length="4000" colspan="4" rowspan="3" isClob="0"/>
	<field id="546551610CA0221" fieldName="relationshipView" fieldType="ViewField" baseSchema="CBD_INCIDENT" visiable="1" orderNum="0" hasDeploy="1" operate="add" parentID="5464a0150CA0373" pageurl="${ctx}/relatesheet/list.action?baseSchema=${displayCxt.fieldMap['BASESCHEMA']}&amp;baseId=${displayCxt.fieldMap['BASEID']}&amp;baseSn=${displayCxt.fieldMap['BASESN']}}&amp;relateSchema=PBCCRC_CHANGE,PBCCRC_PROBLEM &amp;taskId=${displayCxt.taskID}&amp;status=${displayCxt.fieldMap['BASESTATUS']}&amp;flagActive=${displayCxt.currentTask.flagActive}？RelateData=1" colspan="4" rowspan="20" type="include"/>
	<field id="5458765b0CA0452" label="联系人单位" fieldName="ContactPersonSite" fieldType="CharacterField" baseSchema="CBD_INCIDENT" visiable="1" orderNum="1" hasDeploy="1" operate="add" parentID="545875c60CA0450" needSave="1" defaultValue="${displayCxt.userInfo.cdbUnitName}" length="128" colspan="1" rowspan="1" isClob="0"/>
	<field id="54587b930CA0474" label="服务中断时间(分钟)" fieldName="ServiceInterruptionTime" fieldType="CharacterField" baseSchema="CBD_INCIDENT" visiable="1" orderNum="2" hasDeploy="1" operate="add" parentID="54587af60CA0471" needSave="1" defaultValue="0" length="128" colspan="1" rowspan="1" isClob="0"/>
	<field id="549a70170CA0227" label="viplevel" fieldName="viplevel" fieldType="HiddenField" baseSchema="CBD_INCIDENT" visiable="0" orderNum="9" hasDeploy="1" operate="add" parentID="545875c60CA0450" needSave="1" length="128" colspan="1" rowspan="1"/>
	<field id="545c68c90CA0277" label="来源" fieldName="IcidentSource" fieldType="SelectField" baseSchema="CBD_INCIDENT" visiable="1" orderNum="1" hasDeploy="1" operate="add" parentID="545877c90CA0459" needSave="1" length="128" colspan="1" type="sysdic" typeResource="eventSource"/>
	<field id="5458762b0CA0451" label="联系人" fieldName="ContactPerson" fieldType="CharacterField" baseSchema="CBD_INCIDENT" visiable="1" orderNum="0" hasDeploy="1" operate="add" parentID="545875c60CA0450" needSave="1" defaultValue="${displayCxt.userInfo.fullName}" length="99" colspan="1" rowspan="1" isClob="0"/>
	<field id="5468ab090CA0741" label="处理记录" fieldName="DealRecord" fieldType="PanelField" baseSchema="CBD_INCIDENT" visiable="1" orderNum="6" hasDeploy="1" operate="add" parentID="5458753d0CA0449"/>
	<field id="549bc0cc0CA0238" label="处理时限" fieldName="DealTimeLimit" fieldType="HiddenField" baseSchema="CBD_INCIDENT" visiable="0" orderNum="102" hasDeploy="1" operate="add" parentID="545877c90CA0459" needSave="1" length="100" colspan="1" rowspan="1"/>
	<field id="54587b630CA0473" label="恢复时间" fieldName="RecoveryTime" fieldType="TimeField" baseSchema="CBD_INCIDENT" visiable="1" orderNum="1" hasDeploy="1" operate="add" parentID="54587af60CA0471" needSave="1" length="15" colspan="1" timeFormat="yyyy-MM-dd HH:mm:ss"/>
	<field id="549bc0510CA0237" label="受理时间" fieldName="AcceptanceTime" fieldType="HiddenField" baseSchema="CBD_INCIDENT" visiable="0" orderNum="101" hasDeploy="1" operate="add" parentID="545877c90CA0459" needSave="1" length="100" colspan="1" rowspan="1"/>
	<field id="550a302103D0524" label="工作日响应时间" fieldName="DaysResponseTime" fieldType="CharacterField" baseSchema="CBD_INCIDENT" visiable="1" orderNum="1" hasDeploy="1" operate="add" parentID="550a2ffa03D0523" needSave="1" length="100" colspan="1" rowspan="1" isClob="0"/>
	<field id="5459cf900CA0637" label="附件列表" fieldName="AttachmentListPanel" fieldType="PanelField" baseSchema="CBD_INCIDENT" visiable="1" orderNum="4" hasDeploy="1" operate="add" parentID="5458753d0CA0449"/>
	<field id="545c6b7b0CA0413" label="事件性质" fieldName="IncidentPropertie" fieldType="SelectField" baseSchema="CBD_INCIDENT" visiable="1" orderNum="3" hasDeploy="1" operate="add" parentID="54587af60CA0471" needSave="1" length="128" colspan="1" type="sysdic" typeResource="property"/>
	<field id="545878ec0CA0465" label="优先级" fieldName="Priority" fieldType="CharacterField" baseSchema="CBD_INCIDENT" visiable="1" orderNum="5" hasDeploy="1" operate="add" parentID="545877c90CA0459" needSave="1" defaultValue="4" length="128" colspan="1" rowspan="1" isClob="0"/>
	<field id="54bf796d0630256" label="现象分类ID" fieldName="IncidentPhenoClassID" fieldType="HiddenField" baseSchema="CBD_INCIDENT" visiable="0" orderNum="0" hasDeploy="1" operate="add" parentID="545877c90CA0459" needSave="1" length="128" colspan="1" rowspan="1"/>
	<field id="54cf53890CA0532" label="要求服务实施时间" fieldName="requireDealTime" fieldType="TimeField" baseSchema="CBD_INCIDENT" visiable="1" orderNum="9" hasDeploy="1" operate="add" parentID="545877c90CA0459" needSave="1" length="15" colspan="1" timeFormat="yyyy-MM-dd HH:mm:ss"/>
	<field id="54587c640CA0479" label="处理过程" fieldName="ProcedureProcessing" fieldType="CharacterField" baseSchema="CBD_INCIDENT" visiable="1" orderNum="13" hasDeploy="1" operate="add" parentID="54587af60CA0471" needSave="1" length="4000" colspan="4" rowspan="3" isClob="0"/>
	<field id="54689d760CA0229" label="受理时间" fieldName="acceptTime" fieldType="CharacterField" baseSchema="CBD_INCIDENT" visiable="0" orderNum="0" hasDeploy="1" operate="add" parentID="54587af60CA0471" needSave="1" length="100" colspan="1" rowspan="1" isClob="0"/>
	<field id="5468a9770CA0507" label="处理记录" fieldName="deal_records" fieldType="ViewField" baseSchema="CBD_INCIDENT" visiable="1" orderNum="10" hasDeploy="1" operate="add" parentID="5468ab090CA0741" pageurl="${ctx}/wfrecord/showWfRecords.action?baseschema=${displayCxt.baseSchema}&amp;baseid=${displayCxt.baseID}&amp;recordViewFieldName=deal_records" colspan="4" rowspan="4" type="include"/>
	<field id="5468a1d70CA1071" label="关单受理时间" fieldName="closeUserAcceptTime" fieldType="CharacterField" baseSchema="CBD_INCIDENT" visiable="0" orderNum="0" hasDeploy="1" operate="add" parentID="546553180CA0243" needSave="1" length="100" colspan="1" rowspan="1" isClob="0"/>
	<field id="549bee6a0CA0229" label="是否第三方支持" fieldName="isThirdpartSupport" fieldType="CollectField" baseSchema="CBD_INCIDENT" visiable="1" orderNum="5" hasDeploy="1" operate="add" parentID="54587af60CA0471" needSave="1" defaultValue="否" length="100" colspan="1" type="collect" rowspan="1" typeResource="否:否,是:是" showType="radio"/>
	<field id="54c0aa3303E0744" label="建单人团队Id" fieldName="cdbTeamId" fieldType="HiddenField" baseSchema="CBD_INCIDENT" visiable="0" orderNum="13" hasDeploy="1" operate="add" parentID="545877c90CA0459" needSave="1" defaultValue="${displayCxt.userInfo.cdbTeamId}" length="100" colspan="1" rowspan="1"/>
	<field id="54ab474e0CA0254" label="满意度评价" fieldName="satisfaction_content" fieldType="CharacterField" baseSchema="CBD_INCIDENT" visiable="1" orderNum="2" hasDeploy="1" operate="add" parentID="54ab45b20CA0252" needSave="1" length="4000" colspan="4" rowspan="3" isClob="0"/>
	<field id="54feaf810CA0425" label="事件提交时间" fieldName="submit_time" fieldType="HiddenField" baseSchema="CBD_INCIDENT" visiable="0" orderNum="0" hasDeploy="1" operate="add" parentID="545874570CA0447" needSave="1" length="2000" colspan="1" rowspan="1"/>
	<field id="54587af60CA0471" label="处理过程" fieldName="ProcessPanel" fieldType="PanelField" baseSchema="CBD_INCIDENT" visiable="1" orderNum="2" hasDeploy="1" operate="add" parentID="5458753d0CA0449"/>
	<field id="54d324c10CA0250" label="处理组ID" fieldName="deal_group" fieldType="HiddenField" baseSchema="CBD_INCIDENT" visiable="0" orderNum="5" hasDeploy="1" operate="add" parentID="action" needSave="1" length="2000" colspan="1" rowspan="1"/>
	<field id="5465a8b90CA0352" label="处理人" fieldName="deal_person" fieldType="CharacterField" baseSchema="CBD_INCIDENT" visiable="1" orderNum="10" hasDeploy="1" operate="add" parentID="action" needSave="1" length="128" colspan="1" rowspan="1" isClob="0"/>
	<field id="54587d090CA0481" label="处理意见" fieldName="Description" fieldType="CharacterField" baseSchema="CBD_INCIDENT" visiable="1" orderNum="100" hasDeploy="1" operate="add" parentID="action" needSave="1" length="2000" colspan="4" rowspan="3" isClob="0"/>
	<field id="5465a9530CA0354" label="处理组" fieldName="view_deal_group" fieldType="CharacterField" baseSchema="CBD_INCIDENT" visiable="1" orderNum="5" hasDeploy="1" operate="add" parentID="action" needSave="1" length="128" colspan="1" rowspan="1" isClob="0"/>
	<field id="54587ccb0CA0480" label="派发人" fieldName="DistributePerson" fieldType="AssignTreeField" baseSchema="CBD_INCIDENT" visiable="1" orderNum="0" hasDeploy="1" operate="add" parentID="action" singleSelect="1" rowspan="1" colspan="1" next="1"/>
	<field id="546bf1500CA0855" label="基本结论" fieldName="closeCode" fieldType="SelectField" baseSchema="CBD_INCIDENT" visiable="1" orderNum="12" hasDeploy="1" operate="add" parentID="action" needSave="1" length="100" colspan="1" type="collect" typeResource="已解决:已解决,临时解决:临时解决,误报:误报"/>
	<field id="546813a70CA0221" label="通知" fieldName="notify" fieldType="CollectField" baseSchema="CBD_INCIDENT" visiable="1" orderNum="100" hasDeploy="1" operate="add" parentID="action" needSave="1" defaultValue="短信" length="100" colspan="4" type="collect" rowspan="1" typeResource="短信:短信,邮件:邮件" showType="checkbox"/>
	<field id="5465aa320CA0355" label="处理人" fieldName="view_deal_person" fieldType="SelectField" baseSchema="CBD_INCIDENT" visiable="1" orderNum="10" hasDeploy="1" operate="add" parentID="action" needSave="1" length="128" colspan="1" type="collect" typeResource=" : "/>
</fields>
