<?xml version="1.0" encoding="UTF-8"?>

<steps>
	<step id="545f19380CA1664" stepNo="step03" baseSchema="CBD_INCIDENT" description="待关闭" roleName="建单人" roleID="R5" roleProcessRoleType="1" roleKey="$CreateUser$" actionType="DEAL" taskPolicy="SHARE" acceptOver="0" dealOver="0" hasDeploy="1" operate="add" hasSubFlow="0">
		<fieldrels>
			<fieldrel id="5468ab6c0CA0745" stepNo="step03" baseSchema="CBD_INCIDENT" fieldID="5468ab090CA0741" visiable="1" required="1" fieldType="PanelField"/>
			<fieldrel id="54ab49770CA0437" stepNo="step03" baseSchema="CBD_INCIDENT" fieldID="54ab474e0CA0254" visiable="1" required="0" fieldType="CharacterField"/>
			<fieldrel id="5468ab6c0CA0746" stepNo="step03" baseSchema="CBD_INCIDENT" fieldID="5468a9770CA0507" visiable="1" required="1" fieldType="ViewField"/>
			<fieldrel id="54ab49770CA0435" stepNo="step03" baseSchema="CBD_INCIDENT" fieldID="54ab45b20CA0252" visiable="1" required="1" fieldType="PanelField"/>
			<fieldrel id="54ab49770CA0436" stepNo="step03" baseSchema="CBD_INCIDENT" fieldID="54ab47010CA0253" visiable="1" required="0" fieldType="SelectField"/>
			<fieldrel id="5468a2040CA1072" stepNo="step03" baseSchema="CBD_INCIDENT" fieldID="5468a1d70CA1071" visiable="0" required="0" fieldType="CharacterField"/>
		</fieldrels>
		<actions>
			<action id="545f1f170CA1793" stepNo="step03" baseSchema="CBD_INCIDENT" label="转派" actionName="RenextReview" actionType="RENEXT" isFree="0" hasNext="1" description="点击此按钮，可以将工单转交给其他处理组" isClose="1" hasDeploy="1" operate="add">
				<fieldrels>
					<fieldrel id="5475a44e0CA1375" stepNo="step03" baseSchema="CBD_INCIDENT" actionName="RenextReview" fieldID="546813a70CA0221" visiable="1" required="0" fieldType="CollectField"/>
					<fieldrel id="545f21d90CA1866" stepNo="step03" baseSchema="CBD_INCIDENT" actionName="RenextReview" fieldID="54587d090CA0481" visiable="1" required="0" fieldType="CharacterField"/>
					<fieldrel id="545f21d90CA1865" stepNo="step03" baseSchema="CBD_INCIDENT" actionName="RenextReview" fieldID="54587ccb0CA0480" visiable="1" required="1" fieldType="AssignTreeField"/>
				</fieldrels>
			</action>
			<action id="545f1f7d0CA1794" stepNo="step03" baseSchema="CBD_INCIDENT" label="退回" actionName="SendBackReview" actionType="NEXT" isFree="0" hasNext="1" description="此工单退还给上一环节处理人" isClose="1" hasDeploy="1" operate="add">
				<fieldrels>
					<fieldrel id="545f21eb0CA1867" stepNo="step03" baseSchema="CBD_INCIDENT" actionName="SendBackReview" fieldID="54587d090CA0481" visiable="1" required="1" fieldType="CharacterField"/>
				</fieldrels>
			</action>
			<action id="546839c80CA0221" stepNo="step03" baseSchema="CBD_INCIDENT" label="受理" actionName="AcceptedReview" actionType="ACCEPT" isFree="0" hasNext="0" description="确认受理工单，点击后，方可对工单进行下一步操作" isClose="0" hasDeploy="1" operate="add">
				<fieldrels/>
			</action>
			<action id="545f1ed60CA1792" stepNo="step03" baseSchema="CBD_INCIDENT" label="关单" actionName="ToClose" actionType="NEXT" isFree="0" hasNext="1" description="确认问题已经解决，点击关单后，此工单不能重新在系统中流转" isClose="1" hasDeploy="1" operate="add">
				<fieldrels>
					<fieldrel id="545f21f50CA1868" stepNo="step03" baseSchema="CBD_INCIDENT" actionName="ToClose" fieldID="54587d090CA0481" visiable="1" required="1" fieldType="CharacterField"/>
					<fieldrel id="546bf1a00CA0858" stepNo="step03" baseSchema="CBD_INCIDENT" actionName="ToClose" fieldID="546bf1500CA0855" visiable="1" required="1" fieldType="SelectField"/>
				</fieldrels>
			</action>
		</actions>
	</step>
	<step id="54587db40CA0486" stepNo="step01" baseSchema="CBD_INCIDENT" description="受理建单" roleName="建单人" roleID="R0" roleProcessRoleType="5" actionType="DEAL" taskPolicy="SHARE" acceptOver="0" dealOver="0" hasDeploy="1" operate="add" hasSubFlow="0">
		<fieldrels>
			<fieldrel id="545ef9090CA0281" stepNo="step01" baseSchema="CBD_INCIDENT" fieldID="545ee0100CA1187" visiable="1" required="1" fieldType="SelectField"/>
			<fieldrel id="5463231e0CA0236" stepNo="step01" baseSchema="CBD_INCIDENT" fieldID="545877410CA0457" visiable="1" required="0" fieldType="CharacterField"/>
			<fieldrel id="550a311403D0652" stepNo="step01" baseSchema="CBD_INCIDENT" fieldID="550a308903D0645" visiable="1" required="0" fieldType="CharacterField"/>
			<fieldrel id="550a311403D0653" stepNo="step01" baseSchema="CBD_INCIDENT" fieldID="550a30d303D0647" visiable="1" required="0" fieldType="CharacterField"/>
			<fieldrel id="54d9750003E3068" stepNo="step01" baseSchema="CBD_INCIDENT" fieldID="54d974f403E3067" visiable="0" required="0" fieldType="HiddenField"/>
			<fieldrel id="54bf79960630375" stepNo="step01" baseSchema="CBD_INCIDENT" fieldID="54bf796d0630256" visiable="1" required="1" fieldType="HiddenField"/>
			<fieldrel id="550a343903D0825" stepNo="step01" baseSchema="CBD_INCIDENT" fieldID="550a341003D0823" visiable="1" required="0" fieldType="CharacterField"/>
			<fieldrel id="54c0aa4203E0745" stepNo="step01" baseSchema="CBD_INCIDENT" fieldID="54c0aa0803E0743" visiable="0" required="0" fieldType="HiddenField"/>
			<fieldrel id="5460d33e0CA0221" stepNo="step01" baseSchema="CBD_INCIDENT" fieldID="5460d16f0CA0230" visiable="1" required="1" fieldType="SelectField"/>
			<fieldrel id="54d961ac03E0377" stepNo="step01" baseSchema="CBD_INCIDENT" fieldID="54d17b8b03E0369" visiable="0" required="0" fieldType="HiddenField"/>
			<fieldrel id="54c0aa4203E0746" stepNo="step01" baseSchema="CBD_INCIDENT" fieldID="54c0aa3303E0744" visiable="0" required="0" fieldType="HiddenField"/>
			<fieldrel id="5463231e0CA0233" stepNo="step01" baseSchema="CBD_INCIDENT" fieldID="545876d50CA0454" visiable="1" required="0" fieldType="CharacterField"/>
			<fieldrel id="549bce850CA0441" stepNo="step01" baseSchema="CBD_INCIDENT" fieldID="549bbffc0CA0236" visiable="1" required="0" fieldType="HiddenField"/>
			<fieldrel id="545ef9090CA0282" stepNo="step01" baseSchema="CBD_INCIDENT" fieldID="545ed9180CA1086" visiable="1" required="0" fieldType="SelectField"/>
			<fieldrel id="5468ab450CA0742" stepNo="step01" baseSchema="CBD_INCIDENT" fieldID="5468ab090CA0741" visiable="1" required="1" fieldType="PanelField"/>
			<fieldrel id="5463231e0CA0231" stepNo="step01" baseSchema="CBD_INCIDENT" fieldID="5458769c0CA0453" visiable="1" required="0" fieldType="CharacterField"/>
			<fieldrel id="546c082e0CA1266" stepNo="step01" baseSchema="CBD_INCIDENT" fieldID="545878ec0CA0465" visiable="1" required="1" fieldType="CharacterField"/>
			<fieldrel id="549bce850CA0444" stepNo="step01" baseSchema="CBD_INCIDENT" fieldID="549bc0fc0CA0239" visiable="1" required="0" fieldType="HiddenField"/>
			<fieldrel id="54587e510CA0492" stepNo="step01" baseSchema="CBD_INCIDENT" fieldID="5458753d0CA0449" visiable="1" required="0" fieldType="PanelGroupField"/>
			<fieldrel id="54689e520CA0387" stepNo="step01" baseSchema="CBD_INCIDENT" fieldID="54689d760CA0229" visiable="0" required="0" fieldType="CharacterField"/>
			<fieldrel id="550a311403D0649" stepNo="step01" baseSchema="CBD_INCIDENT" fieldID="550a302103D0524" visiable="1" required="0" fieldType="CharacterField"/>
			<fieldrel id="5468a9d80CA0624" stepNo="step01" baseSchema="CBD_INCIDENT" fieldID="5468a9770CA0507" visiable="1" required="1" fieldType="ViewField"/>
			<fieldrel id="54587e510CA0522" stepNo="step01" baseSchema="CBD_INCIDENT" fieldID="54587c640CA0479" visiable="1" required="0" fieldType="CharacterField"/>
			<fieldrel id="54587e510CA0514" stepNo="step01" baseSchema="CBD_INCIDENT" fieldID="54587af60CA0471" visiable="1" required="0" fieldType="PanelField"/>
			<fieldrel id="54a9369a0CA0253" stepNo="step01" baseSchema="CBD_INCIDENT" fieldID="54a9360d0CA0242" visiable="1" required="0" fieldType="CharacterField"/>
			<fieldrel id="54587e510CA0521" stepNo="step01" baseSchema="CBD_INCIDENT" fieldID="54587c3d0CA0478" visiable="1" required="0" fieldType="CharacterField"/>
			<fieldrel id="549bce850CA0442" stepNo="step01" baseSchema="CBD_INCIDENT" fieldID="549bc0510CA0237" visiable="1" required="0" fieldType="HiddenField"/>
			<fieldrel id="54587e510CA0517" stepNo="step01" baseSchema="CBD_INCIDENT" fieldID="54587b930CA0474" visiable="1" required="0" fieldType="CharacterField"/>
			<fieldrel id="54cf53c60CA0545" stepNo="step01" baseSchema="CBD_INCIDENT" fieldID="54cf53890CA0532" visiable="1" required="0" fieldType="TimeField"/>
			<fieldrel id="54759b310CA0895" stepNo="step01" baseSchema="CBD_INCIDENT" fieldID="54759b0e0CA0894" visiable="1" required="1" fieldType="CollectField"/>
			<fieldrel id="549a83b90CA0644" stepNo="step01" baseSchema="CBD_INCIDENT" fieldID="549a70170CA0227" visiable="1" required="1" fieldType="HiddenField"/>
			<fieldrel id="54ffb68d03D0452" stepNo="step01" baseSchema="CBD_INCIDENT" fieldID="54ffb66603D0451" visiable="1" required="0" fieldType="CharacterField"/>
			<fieldrel id="54feb0350CA0438" stepNo="step01" baseSchema="CBD_INCIDENT" fieldID="54feaf810CA0425" visiable="1" required="0" fieldType="HiddenField"/>
			<fieldrel id="54cb0a320A60253" stepNo="step01" baseSchema="CBD_INCIDENT" fieldID="54cb0a200A60251" visiable="1" required="0" fieldType="TimeField"/>
			<fieldrel id="5463231e0CA0230" stepNo="step01" baseSchema="CBD_INCIDENT" fieldID="5458765b0CA0452" visiable="1" required="0" fieldType="CharacterField"/>
			<fieldrel id="5463231e0CA0234" stepNo="step01" baseSchema="CBD_INCIDENT" fieldID="545877000CA0455" visiable="1" required="0" fieldType="CharacterField"/>
			<fieldrel id="545c30a70CA0252" stepNo="step01" baseSchema="CBD_INCIDENT" fieldID="5459cf900CA0637" visiable="1" required="1" fieldType="PanelField"/>
			<fieldrel id="5463231e0CA0232" stepNo="step01" baseSchema="CBD_INCIDENT" fieldID="5462b87a0CA0223" visiable="1" required="0" fieldType="CharacterField"/>
			<fieldrel id="54587e510CA0490" stepNo="step01" baseSchema="CBD_INCIDENT" fieldID="545874570CA0447" visiable="1" required="0" fieldType="PanelField"/>
			<fieldrel id="5463231e0CA0229" stepNo="step01" baseSchema="CBD_INCIDENT" fieldID="545875c60CA0450" visiable="1" required="1" fieldType="PanelField"/>
			<fieldrel id="54587e510CA0520" stepNo="step01" baseSchema="CBD_INCIDENT" fieldID="54587c0f0CA0477" visiable="1" required="0" fieldType="CharacterField"/>
			<fieldrel id="54cb0a320A60252" stepNo="step01" baseSchema="CBD_INCIDENT" fieldID="54cb0a000A60250" visiable="1" required="0" fieldType="TimeField"/>
			<fieldrel id="545c6b970CA0423" stepNo="step01" baseSchema="CBD_INCIDENT" fieldID="545c6ae00CA0403" visiable="1" required="0" fieldType="SelectField"/>
			<fieldrel id="54587e510CA0502" stepNo="step01" baseSchema="CBD_INCIDENT" fieldID="545877c90CA0459" visiable="1" required="0" fieldType="PanelField"/>
			<fieldrel id="54587e510CA0513" stepNo="step01" baseSchema="CBD_INCIDENT" fieldID="54587aa60CA0470" visiable="1" required="0" fieldType="AttachmentField"/>
			<fieldrel id="545c6b970CA0424" stepNo="step01" baseSchema="CBD_INCIDENT" fieldID="545c6b7b0CA0413" visiable="1" required="0" fieldType="SelectField"/>
			<fieldrel id="5459c9f50CA0449" stepNo="step01" baseSchema="CBD_INCIDENT" fieldID="5459c9a30CA0342" visiable="1" required="1" fieldType="CharacterField"/>
			<fieldrel id="550a311403D0650" stepNo="step01" baseSchema="CBD_INCIDENT" fieldID="550a303703D0525" visiable="1" required="0" fieldType="CharacterField"/>
			<fieldrel id="54587e510CA0509" stepNo="step01" baseSchema="CBD_INCIDENT" fieldID="5458791b0CA0466" visiable="1" required="1" fieldType="SelectField"/>
			<fieldrel id="550a343903D0826" stepNo="step01" baseSchema="CBD_INCIDENT" fieldID="550a342703D0824" visiable="1" required="0" fieldType="CharacterField"/>
			<fieldrel id="5463374f0CA0236" stepNo="step01" baseSchema="CBD_INCIDENT" fieldID="546337190CA0235" visiable="1" required="1" fieldType="HiddenField"/>
			<fieldrel id="5463231e0CA0235" stepNo="step01" baseSchema="CBD_INCIDENT" fieldID="545877250CA0456" visiable="1" required="0" fieldType="CharacterField"/>
			<fieldrel id="54587e510CA0516" stepNo="step01" baseSchema="CBD_INCIDENT" fieldID="54587b630CA0473" visiable="1" required="0" fieldType="TimeField"/>
			<fieldrel id="5468a9d80CA0625" stepNo="step01" baseSchema="CBD_INCIDENT" fieldID="546553540CA0246" visiable="1" required="1" fieldType="ViewField"/>
			<fieldrel id="54587e510CA0510" stepNo="step01" baseSchema="CBD_INCIDENT" fieldID="54587a080CA0467" visiable="1" required="1" fieldType="TimeField"/>
			<fieldrel id="545c68dc0CA0279" stepNo="step01" baseSchema="CBD_INCIDENT" fieldID="545c68c90CA0277" visiable="1" required="1" fieldType="SelectField"/>
			<fieldrel id="5460d33e0CA0222" stepNo="step01" baseSchema="CBD_INCIDENT" fieldID="5460d1a60CA0231" visiable="1" required="1" fieldType="SelectField"/>
			<fieldrel id="5463231e0CA0237" stepNo="step01" baseSchema="CBD_INCIDENT" fieldID="5461a6690CA0219" visiable="1" required="0" fieldType="CharacterField"/>
			<fieldrel id="54587e510CA0489" stepNo="step01" baseSchema="CBD_INCIDENT" fieldID="545871b10CA0424" visiable="1" required="0" fieldType="PanelGroupField"/>
			<fieldrel id="549bce850CA0443" stepNo="step01" baseSchema="CBD_INCIDENT" fieldID="549bc0cc0CA0238" visiable="1" required="0" fieldType="HiddenField"/>
			<fieldrel id="545c6cfb0CA0660" stepNo="step01" baseSchema="CBD_INCIDENT" fieldID="545c6cbb0CA0659" visiable="1" required="0" fieldType="SelectField"/>
			<fieldrel id="5468a9d80CA0623" stepNo="step01" baseSchema="CBD_INCIDENT" fieldID="546553180CA0243" visiable="1" required="1" fieldType="PanelField"/>
			<fieldrel id="549bef850CA0347" stepNo="step01" baseSchema="CBD_INCIDENT" fieldID="549bee6a0CA0229" visiable="1" required="0" fieldType="CollectField"/>
			<fieldrel id="54587e510CA0494" stepNo="step01" baseSchema="CBD_INCIDENT" fieldID="5458762b0CA0451" visiable="1" required="0" fieldType="CharacterField"/>
			<fieldrel id="54587e510CA0512" stepNo="step01" baseSchema="CBD_INCIDENT" fieldID="54587a840CA0469" visiable="1" required="1" fieldType="CharacterField"/>
			<fieldrel id="54d961ac03E0378" stepNo="step01" baseSchema="CBD_INCIDENT" fieldID="54d17bae03E0370" visiable="0" required="0" fieldType="HiddenField"/>
		</fieldrels>
		<actions>
			<action id="54587f340CA0526" stepNo="step01" baseSchema="CBD_INCIDENT" label="保存" actionName="SAVEStep01" actionType="SAVE" isFree="0" hasNext="0" description="保存所填信息方可进行下一步操作" isClose="0" hasDeploy="1" operate="add">
				<fieldrels/>
			</action>
			<action id="54587f0c0CA0525" stepNo="step01" baseSchema="CBD_INCIDENT" label="提交处理" actionName="ASSIGNStep01" actionType="NEXT" isFree="0" hasNext="1" description="将填写的服务请求或事件信息提交给相应处理组" isClose="1" hasDeploy="1" operate="add">
				<fieldrels>
					<fieldrel id="54d324df0CA0251" stepNo="step01" baseSchema="CBD_INCIDENT" actionName="ASSIGNStep01" fieldID="54d324c10CA0250" visiable="1" required="1" fieldType="HiddenField"/>
					<fieldrel id="5465aa760CA0360" stepNo="step01" baseSchema="CBD_INCIDENT" actionName="ASSIGNStep01" fieldID="5465aa320CA0355" visiable="1" required="0" fieldType="SelectField"/>
					<fieldrel id="545892000CA0498" stepNo="step01" baseSchema="CBD_INCIDENT" actionName="ASSIGNStep01" fieldID="54587d090CA0481" visiable="1" required="1" fieldType="CharacterField"/>
					<fieldrel id="5465aa760CA0359" stepNo="step01" baseSchema="CBD_INCIDENT" actionName="ASSIGNStep01" fieldID="5465a9530CA0354" visiable="1" required="0" fieldType="CharacterField"/>
					<fieldrel id="5475a34c0CA1372" stepNo="step01" baseSchema="CBD_INCIDENT" actionName="ASSIGNStep01" fieldID="546813a70CA0221" visiable="1" required="0" fieldType="CollectField"/>
					<fieldrel id="5465aa760CA0357" stepNo="step01" baseSchema="CBD_INCIDENT" actionName="ASSIGNStep01" fieldID="5465a8b90CA0352" visiable="0" required="0" fieldType="CharacterField"/>
				</fieldrels>
			</action>
			<action id="545974170CA0215" stepNo="step01" baseSchema="CBD_INCIDENT" label="关单" actionName="ToFinishStep01" actionType="NEXT" isFree="0" hasNext="1" description="确认问题已经解决，点击关单后，此工单不能重新在系统中流转" isClose="1" hasDeploy="1" operate="add">
				<fieldrels>
					<fieldrel id="546bf1650CA0856" stepNo="step01" baseSchema="CBD_INCIDENT" actionName="ToFinishStep01" fieldID="546bf1500CA0855" visiable="1" required="1" fieldType="SelectField"/>
					<fieldrel id="545975b30CA0216" stepNo="step01" baseSchema="CBD_INCIDENT" actionName="ToFinishStep01" fieldID="54587d090CA0481" visiable="1" required="1" fieldType="CharacterField"/>
				</fieldrels>
			</action>
			<action id="546c09020CA1323" stepNo="step01" baseSchema="CBD_INCIDENT" label="作废" actionName="CANCEL" actionType="CANCEL" isFree="0" hasNext="1" description="用户误建或不需要继续提交的工单，点击作废后，此工单不能在系统中流转" isClose="1" hasDeploy="1" operate="add">
				<fieldrels>
					<fieldrel id="546c45220CA0347" stepNo="step01" baseSchema="CBD_INCIDENT" actionName="CANCEL" fieldID="54587d090CA0481" visiable="1" required="1" fieldType="CharacterField"/>
				</fieldrels>
			</action>
			<action id="54587ece0CA0523" stepNo="step01" baseSchema="CBD_INCIDENT" label="转派" actionName="RENEXTStep01" actionType="RENEXT" isFree="0" hasNext="1" description="点击此按钮，可以将工单转交给其他处理组" isClose="1" hasDeploy="1" operate="add">
				<fieldrels>
					<fieldrel id="5475a3b20CA1373" stepNo="step01" baseSchema="CBD_INCIDENT" actionName="RENEXTStep01" fieldID="546813a70CA0221" visiable="1" required="0" fieldType="CollectField"/>
					<fieldrel id="545897a80CA0336" stepNo="step01" baseSchema="CBD_INCIDENT" actionName="RENEXTStep01" fieldID="54587ccb0CA0480" visiable="1" required="0" fieldType="AssignTreeField"/>
					<fieldrel id="545897a80CA0337" stepNo="step01" baseSchema="CBD_INCIDENT" actionName="RENEXTStep01" fieldID="54587d090CA0481" visiable="1" required="1" fieldType="CharacterField"/>
				</fieldrels>
			</action>
		</actions>
	</step>
	<step id="545996600CA0536" stepNo="step02" baseSchema="CBD_INCIDENT" description="处理中" roleName="处理人" roleID="R4" roleProcessRoleType="5" actionType="DEAL" taskPolicy="SHARE" acceptOver="0" dealOver="0" hasDeploy="1" operate="add" hasSubFlow="0">
		<fieldrels>
			<fieldrel id="546848aa0CA0476" stepNo="step02" baseSchema="CBD_INCIDENT" fieldID="54587c0f0CA0477" visiable="1" required="1" fieldType="CharacterField"/>
			<fieldrel id="54d17bc203E0372" stepNo="step02" baseSchema="CBD_INCIDENT" fieldID="54d17bae03E0370" visiable="0" required="0" fieldType="HiddenField"/>
			<fieldrel id="549bcedc0CA0447" stepNo="step02" baseSchema="CBD_INCIDENT" fieldID="549bc0cc0CA0238" visiable="1" required="0" fieldType="HiddenField"/>
			<fieldrel id="546848aa0CA0473" stepNo="step02" baseSchema="CBD_INCIDENT" fieldID="54587b930CA0474" visiable="1" required="1" fieldType="CharacterField"/>
			<fieldrel id="546848aa0CA0475" stepNo="step02" baseSchema="CBD_INCIDENT" fieldID="545c6cbb0CA0659" visiable="1" required="1" fieldType="SelectField"/>
			<fieldrel id="546848aa0CA0482" stepNo="step02" baseSchema="CBD_INCIDENT" fieldID="546551610CA0221" visiable="1" required="0" fieldType="ViewField"/>
			<fieldrel id="550a319303D0658" stepNo="step02" baseSchema="CBD_INCIDENT" fieldID="550a308903D0645" visiable="1" required="0" fieldType="CharacterField"/>
			<fieldrel id="546848aa0CA0484" stepNo="step02" baseSchema="CBD_INCIDENT" fieldID="546553540CA0246" visiable="1" required="0" fieldType="ViewField"/>
			<fieldrel id="54689e600CA0388" stepNo="step02" baseSchema="CBD_INCIDENT" fieldID="54689d760CA0229" visiable="0" required="0" fieldType="CharacterField"/>
			<fieldrel id="546848aa0CA0477" stepNo="step02" baseSchema="CBD_INCIDENT" fieldID="54587c3d0CA0478" visiable="1" required="1" fieldType="CharacterField"/>
			<fieldrel id="546848aa0CA0478" stepNo="step02" baseSchema="CBD_INCIDENT" fieldID="54587c640CA0479" visiable="1" required="1" fieldType="CharacterField"/>
			<fieldrel id="549bcedc0CA0448" stepNo="step02" baseSchema="CBD_INCIDENT" fieldID="549bc0fc0CA0239" visiable="1" required="0" fieldType="HiddenField"/>
			<fieldrel id="546848aa0CA0472" stepNo="step02" baseSchema="CBD_INCIDENT" fieldID="54587b630CA0473" visiable="1" required="1" fieldType="TimeField"/>
			<fieldrel id="550a319303D0655" stepNo="step02" baseSchema="CBD_INCIDENT" fieldID="550a302103D0524" visiable="1" required="0" fieldType="CharacterField"/>
			<fieldrel id="54cb0a570A60254" stepNo="step02" baseSchema="CBD_INCIDENT" fieldID="54cb0a000A60250" visiable="1" required="0" fieldType="TimeField"/>
			<fieldrel id="546848aa0CA0470" stepNo="step02" baseSchema="CBD_INCIDENT" fieldID="54587af60CA0471" visiable="1" required="1" fieldType="PanelField"/>
			<fieldrel id="546848aa0CA0480" stepNo="step02" baseSchema="CBD_INCIDENT" fieldID="54587aa60CA0470" visiable="1" required="0" fieldType="AttachmentField"/>
			<fieldrel id="546848aa0CA0481" stepNo="step02" baseSchema="CBD_INCIDENT" fieldID="5464a0150CA0373" visiable="1" required="0" fieldType="PanelField"/>
			<fieldrel id="546848aa0CA0471" stepNo="step02" baseSchema="CBD_INCIDENT" fieldID="545c6ae00CA0403" visiable="1" required="1" fieldType="SelectField"/>
			<fieldrel id="54d17bc203E0371" stepNo="step02" baseSchema="CBD_INCIDENT" fieldID="54d17b8b03E0369" visiable="0" required="0" fieldType="HiddenField"/>
			<fieldrel id="550a319303D0659" stepNo="step02" baseSchema="CBD_INCIDENT" fieldID="550a30d303D0647" visiable="1" required="0" fieldType="CharacterField"/>
			<fieldrel id="550a319303D0656" stepNo="step02" baseSchema="CBD_INCIDENT" fieldID="550a303703D0525" visiable="1" required="0" fieldType="CharacterField"/>
			<fieldrel id="54cb0a570A60255" stepNo="step02" baseSchema="CBD_INCIDENT" fieldID="54cb0a200A60251" visiable="1" required="0" fieldType="TimeField"/>
			<fieldrel id="550a347003D0828" stepNo="step02" baseSchema="CBD_INCIDENT" fieldID="550a342703D0824" visiable="1" required="0" fieldType="CharacterField"/>
			<fieldrel id="549bcedc0CA0446" stepNo="step02" baseSchema="CBD_INCIDENT" fieldID="549bc0510CA0237" visiable="1" required="0" fieldType="HiddenField"/>
			<fieldrel id="549befa20CA0348" stepNo="step02" baseSchema="CBD_INCIDENT" fieldID="549bee6a0CA0229" visiable="1" required="1" fieldType="CollectField"/>
			<fieldrel id="5468ab5f0CA0744" stepNo="step02" baseSchema="CBD_INCIDENT" fieldID="5468a9770CA0507" visiable="1" required="1" fieldType="ViewField"/>
			<fieldrel id="54a936b50CA0254" stepNo="step02" baseSchema="CBD_INCIDENT" fieldID="54a9360d0CA0242" visiable="1" required="0" fieldType="CharacterField"/>
			<fieldrel id="546848aa0CA0483" stepNo="step02" baseSchema="CBD_INCIDENT" fieldID="546553180CA0243" visiable="1" required="0" fieldType="PanelField"/>
			<fieldrel id="546848aa0CA0479" stepNo="step02" baseSchema="CBD_INCIDENT" fieldID="5459cf900CA0637" visiable="1" required="0" fieldType="PanelField"/>
			<fieldrel id="5468ab5f0CA0743" stepNo="step02" baseSchema="CBD_INCIDENT" fieldID="5468ab090CA0741" visiable="1" required="1" fieldType="PanelField"/>
			<fieldrel id="546848aa0CA0474" stepNo="step02" baseSchema="CBD_INCIDENT" fieldID="545c6b7b0CA0413" visiable="1" required="1" fieldType="SelectField"/>
			<fieldrel id="549bcedc0CA0445" stepNo="step02" baseSchema="CBD_INCIDENT" fieldID="549bbffc0CA0236" visiable="1" required="0" fieldType="HiddenField"/>
		</fieldrels>
		<actions>
			<action id="546ede7a0CA1493" stepNo="step02" baseSchema="CBD_INCIDENT" label="保存" actionName="SaveProcessing" actionType="SAVE" isFree="0" hasNext="0" description="保存所填信息方可进行下一步操作" isClose="0" hasDeploy="1" operate="add">
				<fieldrels/>
			</action>
			<action id="545996b10CA0537" stepNo="step02" baseSchema="CBD_INCIDENT" label="处理完成" actionName="ToFinishProcessing" actionType="NEXT" isFree="0" hasNext="1" description="对此工单处理完成后，点击此按钮可以将工单转交给关单人" isClose="1" hasDeploy="1" operate="add">
				<fieldrels>
					<fieldrel id="548a91d20CA0335" stepNo="step02" baseSchema="CBD_INCIDENT" actionName="ToFinishProcessing" fieldID="546813a70CA0221" visiable="1" required="1" fieldType="CollectField"/>
					<fieldrel id="545997850CA0549" stepNo="step02" baseSchema="CBD_INCIDENT" actionName="ToFinishProcessing" fieldID="54587d090CA0481" visiable="1" required="1" fieldType="CharacterField"/>
				</fieldrels>
			</action>
			<action id="546819d50CA0231" stepNo="step02" baseSchema="CBD_INCIDENT" label="受理" actionName="AcceptedProcessing" actionType="ACCEPT" isFree="0" hasNext="0" description="确认受理工单，点击后，方可对工单进行下一步操作" isClose="0" hasDeploy="1" operate="add">
				<fieldrels/>
			</action>
			<action id="545997040CA0547" stepNo="step02" baseSchema="CBD_INCIDENT" label="退回" actionName="SendBackProcessing" actionType="NEXT" isFree="0" hasNext="1" description="此工单退还给上一环节处理人" isClose="1" hasDeploy="1" operate="add">
				<fieldrels>
					<fieldrel id="545997980CA0550" stepNo="step02" baseSchema="CBD_INCIDENT" actionName="SendBackProcessing" fieldID="54587d090CA0481" visiable="1" required="1" fieldType="CharacterField"/>
				</fieldrels>
			</action>
			<action id="5459976a0CA0548" stepNo="step02" baseSchema="CBD_INCIDENT" label="转派" actionName="RenextProcessing" actionType="RENEXT" isFree="0" hasNext="1" description="点击此按钮，可以将工单转交给其他处理组" isClose="1" hasDeploy="1" operate="add">
				<fieldrels>
					<fieldrel id="545997a80CA0552" stepNo="step02" baseSchema="CBD_INCIDENT" actionName="RenextProcessing" fieldID="54587d090CA0481" visiable="1" required="1" fieldType="CharacterField"/>
					<fieldrel id="545997a80CA0551" stepNo="step02" baseSchema="CBD_INCIDENT" actionName="RenextProcessing" fieldID="54587ccb0CA0480" visiable="1" required="1" fieldType="AssignTreeField"/>
					<fieldrel id="5475a3cb0CA1374" stepNo="step02" baseSchema="CBD_INCIDENT" actionName="RenextProcessing" fieldID="546813a70CA0221" visiable="1" required="0" fieldType="CollectField"/>
				</fieldrels>
			</action>
		</actions>
	</step>
</steps>
