<?xml version="1.0" encoding="UTF-8"?>

<workflow id="549a898f0290435" sortId="544b1dfd07F0437" code="CBD_INCIDENT" name="事件工单" entryCount="193" todayEntryCount="17" wfCountType="D" wfType="1" wfDefaultVersion="CBD_INCIDENT-20141111025555" orderby="0" lastEntryTime="1426853624" baseCategoryCode="INC" baseCategoryIsDefaultFix="0" baseCategoryState="1" panelGroupID="545871b10CA0424" flowType="JSP" theme="classic">
	<version id="5458aa400CA0221" baseCode="CBD_INCIDENT" baseName="事件工单" code="CBD_INCIDENT-20141104062816" name="v1.0" isPublish="1" publishTime="1415096899" entryCount="0" todayEntryCount="0" createTime="1415096896" lastEntryTime="0" subflag="0"/>
	<version id="5458eccb0CA0234" baseCode="CBD_INCIDENT" baseName="事件工单" code="CBD_INCIDENT-20141104111211" name="v1.0" isPublish="1" publishTime="1415114020" entryCount="0" todayEntryCount="0" createTime="1415113931" lastEntryTime="0" subflag="0"/>
	<version id="5461b2fb0CA0233" baseCode="CBD_INCIDENT" baseName="事件工单" code="CBD_INCIDENT-20141111025555" name="v1.0" isPublish="1" publishTime="1419415678" entryCount="0" todayEntryCount="0" remark="null" createTime="1415688955" lastEntryTime="0" subflag="0"/>
	<version id="5458af260CA0235" baseCode="CBD_INCIDENT" baseName="事件工单" code="CBD_INCIDENT-20141104064910" name="v1.0" isPublish="1" publishTime="1415098708" entryCount="0" todayEntryCount="0" remark="null" createTime="1415098150" lastEntryTime="0" subflag="0"/>
	<version id="545900f30CA0227" baseCode="CBD_INCIDENT" baseName="事件工单" code="CBD_INCIDENT-20141105123811" name="v1.0" isPublish="1" publishTime="1415119094" entryCount="0" todayEntryCount="0" createTime="1415119091" lastEntryTime="0" subflag="0"/>
	<version id="545976dd0CA0243" baseCode="CBD_INCIDENT" baseName="事件工单" code="CBD_INCIDENT-20141105090117" name="v1.0" isPublish="1" publishTime="1415149280" entryCount="0" todayEntryCount="0" remark="null" createTime="1415149277" lastEntryTime="0" subflag="0"/>
	<version id="545999730CA0231" baseCode="CBD_INCIDENT" baseName="事件工单" code="CBD_INCIDENT-20141105112851" name="V1.0" isPublish="1" publishTime="1415158134" entryCount="0" todayEntryCount="0" remark="null" createTime="1415158131" lastEntryTime="0" subflag="0"/>
	<version id="54588fdd0CA0334" baseCode="CBD_INCIDENT" baseName="事件工单" code="CBD_INCIDENT-20141104043541" name="V1.0" isPublish="0" publishTime="0" entryCount="0" todayEntryCount="0" remark="null" createTime="1415090141" lastEntryTime="0" subflag="0"/>
</workflow>
