<?xml version="1.0" encoding="UTF-8"?>

<design type="flex"> 
  <processes> 
    <process id="dp_1" type="STEP" title="新建" content="新建" x="38" y="108" sid="s_1" sname="新建" imageurl="design/images/step.png" modelkey="eomsModel"/>  
    <process id="dp_10" type="SPLIT" title="" content="" x="849" y="119" sid="s_4" sname="评审中" imageurl="design/images/split.png" modelkey="null" desc="重大变更走评审"/>  
    <process id="dp_13" type="SPLIT" title="" content="" x="301" y="310" sid="s_2" sname="修订中" imageurl="design/images/split.png" modelkey="null" desc="标准变更回建单人"/>  
    <process id="dp_14" type="SPLIT" title="" content="" x="301" y="113" sid="s_2" sname="修订中" imageurl="design/images/split.png" modelkey="null" desc="标准变更直接到审批"/>  
    <process id="dp_15" type="END" title="" content="" x="1326" y="471" sid="s_6" sname="关闭" imageurl="design/images/end.png" modelkey="null"/>  
    <process id="dp_16" type="SPLIT" title="" content="" x="688" y="310" sid="s_5" sname="审批中" imageurl="design/images/split.png" modelkey="null" desc="否决直接关单"/>  
    <process id="dp_2" type="STEP" title="修订" content="修订" x="261" y="184" sid="s_2" sname="修订中" imageurl="design/images/step.png" modelkey="eomsModel"/>  
    <process id="dp_20" type="STEP" title="审批" content="审批" x="648" y="229" sid="s_5" sname="审批中" imageurl="design/images/step.png" modelkey="eomsModel"/>  
    <process id="dp_22" type="SPLIT" title="" content="" x="1014" y="204" sid="s_8" sname="实施中" imageurl="design/images/split.png" modelkey="null" desc="非重大变更且预授权为否"/>  
    <process id="dp_3" type="STEP" title="方案验证" content="方案验证" x="478" y="229" sid="s_3" sname="方案验证中" imageurl="design/images/step.png" modelkey="eomsModel"/>  
    <process id="dp_5" type="STEP" title="评审" content="评审" x="809" y="331" sid="s_4" sname="评审中" imageurl="design/images/step.png" modelkey="eomsModel"/>  
    <process id="dp_6" type="STEP" title="实施" content="实施" x="974" y="395" sid="s_8" sname="实施中" imageurl="design/images/step.png" modelkey="eomsModel"/>  
    <process id="dp_7" type="STEP" title="验证" content="验证" x="1144" y="466" sid="s_9" sname="验证中" imageurl="design/images/step.png" modelkey="eomsModel"/>  
    <process id="p_BEGIN" type="BEGIN" title="" content="" x="38" y="28" sid="s_1" sname="新建" imageurl="design/images/start.png" modelkey="null"/> 
  </processes>  
  <links> 
    <link id="l_1" bprocess="p_BEGIN" eprocess="dp_1" type="LINK" bpoint="-1" epoint="1" name="" actionNo="" linkpri="1" assignTree="" remap="0"/>  
    <link id="l_12" bprocess="dp_10" eprocess="dp_5" type="YES" bpoint="-1" epoint="1" name="" actionNo="" linkpri="1" assignTree="" remap="0"/>  
    <link id="l_19" bprocess="dp_13" eprocess="dp_1" type="YES" bpoint="-2" epoint="-1" name="" actionNo="" linkpri="1" assignTree="" remap="0"/>  
    <link id="l_21" bprocess="dp_1" eprocess="dp_14" type="LINK" bpoint="2" epoint="-2" name="提交" actionNo="toSubmit" linkpri="1" assignTree="" remap="0"/>  
    <link id="l_22" bprocess="dp_14" eprocess="dp_2" type="NO" bpoint="-1" epoint="1" name="" actionNo="" linkpri="1" assignTree="" remap="0"/>  
    <link id="l_24" bprocess="dp_7" eprocess="dp_6" type="LINK" bpoint="-2" epoint="-1" name="验证不通过" actionNo="testUnPass" linkpri="1" assignTree="" remap="0"/>  
    <link id="l_27" bprocess="dp_16" eprocess="dp_13" type="NO" bpoint="-2" epoint="2" name="" actionNo="" linkpri="1" assignTree="" remap="0"/>  
    <link id="l_29" bprocess="dp_13" eprocess="dp_2" type="NO" bpoint="1" epoint="-1" name="" actionNo="" linkpri="1" assignTree="" remap="0"/>  
    <link id="l_3" bprocess="dp_2" eprocess="dp_3" type="LINK" bpoint="2" epoint="1" name="提交验证" actionNo="caseCheck" linkpri="1" assignTree="" remap="0"/>  
    <link id="l_31" bprocess="dp_16" eprocess="dp_15" type="YES" bpoint="-1" epoint="-1" name="" actionNo="" linkpri="1" assignTree="" remap="0"/>  
    <link id="l_32" bprocess="dp_5" eprocess="dp_15" type="LINK" bpoint="-1" epoint="-1" name="评审不通过" actionNo="organizeAuditUnpass" linkpri="1" assignTree="" remap="0"/>  
    <link id="l_33" bprocess="dp_2" eprocess="dp_1" type="LINK" bpoint="-2" epoint="-1" name="退回" actionNo="checkBack" linkpri="1" assignTree="" remap="0"/>  
    <link id="l_47" bprocess="dp_7" eprocess="dp_15" type="LINK" bpoint="2" epoint="-2" name="验证通过" actionNo="checked" linkpri="1" assignTree="" remap="0"/>  
    <link id="l_48" bprocess="dp_14" eprocess="dp_20" type="YES" bpoint="2" epoint="1" name="" actionNo="" linkpri="1" assignTree="" remap="0"/>  
    <link id="l_52" bprocess="dp_20" eprocess="dp_10" type="LINK" bpoint="2" epoint="-2" name="审批通过" actionNo="auditPassed" linkpri="1" assignTree="" remap="0"/>  
    <link id="l_53" bprocess="dp_20" eprocess="dp_16" type="LINK" bpoint="-1" epoint="1" name="审批不通过" actionNo="auditUnPass" linkpri="1" assignTree="" remap="0"/>  
    <link id="l_54" bprocess="dp_3" eprocess="dp_2" type="LINK" bpoint="-2" epoint="-1" name="验证不通过" actionNo="check2back" linkpri="1" assignTree="" remap="0"/>  
    <link id="l_55" bprocess="dp_3" eprocess="dp_20" type="LINK" bpoint="2" epoint="-2" name="验证通过" actionNo="check2audit" linkpri="1" assignTree="" remap="0"/>  
    <link id="l_56" bprocess="dp_10" eprocess="dp_22" type="NO" bpoint="2" epoint="-2" name="" actionNo="" linkpri="1" assignTree="" remap="0"/>  
    <link id="l_57" bprocess="dp_22" eprocess="dp_6" type="NO" bpoint="-1" epoint="1" name="" actionNo="" linkpri="1" assignTree="" remap="0"/>  
    <link id="l_58" bprocess="dp_22" eprocess="dp_5" type="YES" bpoint="-2" epoint="1" name="" actionNo="" linkpri="1" assignTree="" remap="0"/>  
    <link id="l_59" bprocess="dp_6" eprocess="dp_15" type="LINK" bpoint="-1" epoint="-1" name="实施取消" actionNo="implementCancel" linkpri="1" assignTree="" remap="0"/>  
    <link id="l_7" bprocess="dp_5" eprocess="dp_6" type="LINK" bpoint="2" epoint="1" name="评审通过" actionNo="organizeAuditPass" linkpri="1" assignTree="" remap="0"/>  
    <link id="l_8" bprocess="dp_6" eprocess="dp_7" type="LINK" bpoint="2" epoint="1" name="实施完成" actionNo="finished" linkpri="1" assignTree="" remap="0"/> 
  </links>  
  <statuses> 
    <status id="s_1" index="0" name="新建" width="222" desc="新建"/>  
    <status id="s_2" index="1" name="修订中" width="209" desc="修订中"/>  
    <status id="s_3" index="2" name="方案验证中" width="199" desc="方案验证中"/>  
    <status id="s_5" index="3" name="审批中" width="165" desc="审批中"/>  
    <status id="s_4" index="4" name="评审中" width="164" desc="评审中"/>  
    <status id="s_8" index="5" name="实施中" width="164" desc="实施中"/>  
    <status id="s_9" index="6" name="验证中" width="175" desc="验证中"/>  
    <status id="s_6" index="7" name="关闭" width="177" desc="关闭"/> 
  </statuses> 
</design>
