<?xml version="1.0" encoding="UTF-8"?>

<workflow> 
  <start to="dp_13" statusId="s_1"/>  
  <steps> 
    <step id="dp_13" stepNo="step_1" stepGroup="" statusId="s_1" desc="新建" taskPolicy="SHARE" auto="false" acceptOver="0" dealOver="0" type="DEAL"> 
      <prefuncs> 
        <func id="0">defaultDefInFunction</func> 
      </prefuncs>  
      <actor id="actor" roleID="createUser" roleName="新建" actorType="5" conditionsDesc=""/>  
      <actions> 
        <action id="0" name="提交" actionNo="submit" linkpri="1" assignTree="" remap="0"> 
          <to stepId="dp_22"/> 
        </action> 
      </actions>  
      <metas> 
        <meta id="0" name="CUSTOMACTIONS"/>  
        <meta id="1" name="FLAGASSIGN">0</meta>  
        <meta id="2" name="FLAGCANCEL">0</meta>  
        <meta id="3" name="FLAGCLOSE">0</meta>  
        <meta id="4" name="FLAGCOPY">0</meta>  
        <meta id="5" name="FLAGRECALL">0</meta>  
        <meta id="6" name="FLAGSAVE">0</meta>  
        <meta id="7" name="FLAGTOASSISTAUDITING">0</meta>  
        <meta id="8" name="FLAGTOAUDITING">0</meta>  
        <meta id="9" name="FLAGTRANSFER">0</meta>  
        <meta id="10" name="FLAGTURNUP">0</meta> 
      </metas>  
      <subflows> 
        <condition/> 
      </subflows>  
      <postfuncs> 
        <func id="0">defaultDefOutFunction</func> 
      </postfuncs> 
    </step>  
    <step id="dp_15" stepNo="step_3" stepGroup="" statusId="s_6" desc="方案验证" taskPolicy="ONLY" auto="false" acceptOver="0" dealOver="0" type="DEAL"> 
      <prefuncs> 
        <func id="0">defaultDefInFunction</func> 
      </prefuncs>  
      <actor id="actor" roleID="step_3" roleName="方案验证" actorType="5" conditionsDesc=""/>  
      <actions> 
        <action id="0" name="验证不通过" actionNo="check2back" linkpri="1" assignTree="" remap="0"> 
          <to stepId="dp_22"/> 
        </action>  
        <action id="1" name="验证通过" actionNo="check2audit" linkpri="1" assignTree="" remap="0"> 
          <to stepId="dp_16"/> 
        </action> 
      </actions>  
      <metas> 
        <meta id="0" name="CUSTOMACTIONS"/>  
        <meta id="1" name="FLAGASSIGN">0</meta>  
        <meta id="2" name="FLAGCANCEL">0</meta>  
        <meta id="3" name="FLAGCLOSE">0</meta>  
        <meta id="4" name="FLAGCOPY">0</meta>  
        <meta id="5" name="FLAGRECALL">0</meta>  
        <meta id="6" name="FLAGSAVE">0</meta>  
        <meta id="7" name="FLAGTOASSISTAUDITING">0</meta>  
        <meta id="8" name="FLAGTOAUDITING">0</meta>  
        <meta id="9" name="FLAGTRANSFER">0</meta>  
        <meta id="10" name="FLAGTURNUP">0</meta> 
      </metas>  
      <subflows> 
        <condition/> 
      </subflows>  
      <postfuncs> 
        <func id="0">defaultDefOutFunction</func> 
      </postfuncs> 
    </step>  
    <step id="dp_16" stepNo="step_4" stepGroup="" statusId="s_3" desc="审批" taskPolicy="ONLY" auto="false" acceptOver="0" dealOver="0" type="DEAL"> 
      <prefuncs> 
        <func id="0">defaultDefInFunction</func> 
      </prefuncs>  
      <actor id="actor" roleID="audit" roleName="审批" actorType="5" conditionsDesc=""/>  
      <actions> 
        <action id="0" name="审批不通过" actionNo="auditUnPass" linkpri="1" assignTree="" remap="0"> 
          <to splitId="dp_21"/> 
        </action>  
        <action id="1" name="审批通过" actionNo="auditPassed" linkpri="1" assignTree="" remap="0"> 
          <to stepId="dp_23"/> 
        </action> 
      </actions>  
      <metas> 
        <meta id="0" name="CUSTOMACTIONS"/>  
        <meta id="1" name="FLAGASSIGN">0</meta>  
        <meta id="2" name="FLAGCANCEL">0</meta>  
        <meta id="3" name="FLAGCLOSE">0</meta>  
        <meta id="4" name="FLAGCOPY">0</meta>  
        <meta id="5" name="FLAGRECALL">0</meta>  
        <meta id="6" name="FLAGSAVE">0</meta>  
        <meta id="7" name="FLAGTOASSISTAUDITING">0</meta>  
        <meta id="8" name="FLAGTOAUDITING">0</meta>  
        <meta id="9" name="FLAGTRANSFER">0</meta>  
        <meta id="10" name="FLAGTURNUP">0</meta> 
      </metas>  
      <subflows> 
        <condition/> 
      </subflows>  
      <postfuncs> 
        <func id="0">defaultDefOutFunction</func> 
      </postfuncs> 
    </step>  
    <step id="dp_19" stepNo="step_7" stepGroup="" statusId="s_10" desc="验证" taskPolicy="ONLY" auto="false" acceptOver="0" dealOver="0" type="DEAL"> 
      <prefuncs> 
        <func id="0">defaultDefInFunction</func> 
      </prefuncs>  
      <actor id="actor" roleID="check" roleName="验证" actorType="5" conditionsDesc=""/>  
      <actions> 
        <action id="0" name="验证不通过" actionNo="testUnPass" linkpri="1" assignTree="" remap="0"> 
          <to stepId="dp_24"/> 
        </action>  
        <action id="1" name="验证通过" actionNo="checked" linkpri="1" assignTree="" remap="0"> 
          <to endId="dp_20"/> 
        </action> 
      </actions>  
      <metas> 
        <meta id="0" name="CUSTOMACTIONS"/>  
        <meta id="1" name="FLAGASSIGN">0</meta>  
        <meta id="2" name="FLAGCANCEL">0</meta>  
        <meta id="3" name="FLAGCLOSE">0</meta>  
        <meta id="4" name="FLAGCOPY">0</meta>  
        <meta id="5" name="FLAGRECALL">0</meta>  
        <meta id="6" name="FLAGSAVE">0</meta>  
        <meta id="7" name="FLAGTOASSISTAUDITING">0</meta>  
        <meta id="8" name="FLAGTOAUDITING">0</meta>  
        <meta id="9" name="FLAGTRANSFER">0</meta>  
        <meta id="10" name="FLAGTURNUP">0</meta> 
      </metas>  
      <subflows> 
        <condition/> 
      </subflows>  
      <postfuncs> 
        <func id="0">defaultDefOutFunction</func> 
      </postfuncs> 
    </step>  
    <step id="dp_22" stepNo="step_2" stepGroup="" statusId="s_2" desc="方案编写" taskPolicy="ONLY" auto="false" acceptOver="0" dealOver="0" type="DEAL"> 
      <prefuncs> 
        <func id="0">defaultDefInFunction</func> 
      </prefuncs>  
      <actor id="actor" roleID="edit" roleName="编写" actorType="1" conditionsDesc="">roleKey:</actor>  
      <actions> 
        <action id="0" name="提交验证" actionNo="caseCheck" linkpri="1" assignTree="" remap="0"> 
          <to stepId="dp_15"/> 
        </action>  
        <action id="1" name="退回" actionNo="ToBack" linkpri="1" assignTree="" remap="0"> 
          <to stepId="dp_13"/> 
        </action> 
      </actions>  
      <metas> 
        <meta id="0" name="CUSTOMACTIONS"/>  
        <meta id="1" name="FLAGASSIGN">0</meta>  
        <meta id="2" name="FLAGCANCEL">0</meta>  
        <meta id="3" name="FLAGCLOSE">0</meta>  
        <meta id="4" name="FLAGCOPY">0</meta>  
        <meta id="5" name="FLAGRECALL">0</meta>  
        <meta id="6" name="FLAGSAVE">0</meta>  
        <meta id="7" name="FLAGTOASSISTAUDITING">0</meta>  
        <meta id="8" name="FLAGTOAUDITING">0</meta>  
        <meta id="9" name="FLAGTRANSFER">0</meta>  
        <meta id="10" name="FLAGTURNUP">0</meta> 
      </metas>  
      <subflows> 
        <condition/> 
      </subflows>  
      <postfuncs> 
        <func id="0">defaultDefOutFunction</func> 
      </postfuncs> 
    </step>  
    <step id="dp_23" stepNo="step_5" stepGroup="" statusId="s_5" desc="评审" taskPolicy="ONLY" auto="false" acceptOver="0" dealOver="0" type="DEAL"> 
      <prefuncs> 
        <func id="0">defaultDefInFunction</func> 
      </prefuncs>  
      <actor id="actor" roleID="organizeAudit" roleName="评审" actorType="5" conditionsDesc=""/>  
      <actions> 
        <action id="0" name="评审不通过" actionNo="organizeAuditUnpass" linkpri="1" assignTree="" remap="0"> 
          <to endId="dp_20"/> 
        </action>  
        <action id="1" name="评审通过" actionNo="organizeAuditPass" linkpri="1" assignTree="" remap="0"> 
          <to stepId="dp_24"/> 
        </action> 
      </actions>  
      <metas> 
        <meta id="0" name="CUSTOMACTIONS"/>  
        <meta id="1" name="FLAGASSIGN">0</meta>  
        <meta id="2" name="FLAGCANCEL">0</meta>  
        <meta id="3" name="FLAGCLOSE">0</meta>  
        <meta id="4" name="FLAGCOPY">0</meta>  
        <meta id="5" name="FLAGRECALL">0</meta>  
        <meta id="6" name="FLAGSAVE">0</meta>  
        <meta id="7" name="FLAGTOASSISTAUDITING">0</meta>  
        <meta id="8" name="FLAGTOAUDITING">0</meta>  
        <meta id="9" name="FLAGTRANSFER">0</meta>  
        <meta id="10" name="FLAGTURNUP">0</meta> 
      </metas>  
      <subflows> 
        <condition/> 
      </subflows>  
      <postfuncs> 
        <func id="0">defaultDefOutFunction</func> 
      </postfuncs> 
    </step>  
    <step id="dp_24" stepNo="step_6" stepGroup="" statusId="s_9" desc="实施" taskPolicy="ONLY" auto="false" acceptOver="0" dealOver="0" type="DEAL"> 
      <prefuncs> 
        <func id="0">defaultDefInFunction</func> 
      </prefuncs>  
      <actor id="actor" roleID="excute" roleName="实施" actorType="5" conditionsDesc=""/>  
      <actions> 
        <action id="0" name="实施完成" actionNo="finished" linkpri="1" assignTree="" remap="0"> 
          <to stepId="dp_19"/> 
        </action>  
        <action id="1" name="实施取消" actionNo="implementCancel" linkpri="1" assignTree="" remap="0"> 
          <to endId="dp_20"/> 
        </action> 
      </actions>  
      <metas> 
        <meta id="0" name="CUSTOMACTIONS"/>  
        <meta id="1" name="FLAGASSIGN">0</meta>  
        <meta id="2" name="FLAGCANCEL">0</meta>  
        <meta id="3" name="FLAGCLOSE">0</meta>  
        <meta id="4" name="FLAGCOPY">0</meta>  
        <meta id="5" name="FLAGRECALL">0</meta>  
        <meta id="6" name="FLAGSAVE">0</meta>  
        <meta id="7" name="FLAGTOASSISTAUDITING">0</meta>  
        <meta id="8" name="FLAGTOAUDITING">0</meta>  
        <meta id="9" name="FLAGTRANSFER">0</meta>  
        <meta id="10" name="FLAGTURNUP">0</meta> 
      </metas>  
      <subflows> 
        <condition/> 
      </subflows>  
      <postfuncs> 
        <func id="0">defaultDefOutFunction</func> 
      </postfuncs> 
    </step> 
  </steps>  
  <splits> 
    <split id="dp_21" statusId="s_3" desc=""> 
      <tos> 
        <to id="0" endId="dp_20" priority="1" assignTree="" remap="0"/>  
        <to id="1" stepId="dp_22" priority="1" assignTree="" remap="0"/> 
      </tos>  
      <condition conditionClass="" type="script">dp_20:'$auditResult$'='否决'#dp_22:$else$</condition> 
    </split> 
  </splits>  
  <joins/>  
  <ends> 
    <end id="dp_20" statusId="s_4"/> 
  </ends>  
  <statuses> 
    <status id="s_1" name="新建"/>  
    <status id="s_2" name="方案编写中"/>  
    <status id="s_6" name="方案验证中"/>  
    <status id="s_3" name="审批中"/>  
    <status id="s_5" name="评审中"/>  
    <status id="s_9" name="实施中"/>  
    <status id="s_10" name="验证中"/>  
    <status id="s_4" name="已关闭"/> 
  </statuses> 
</workflow>
