<?xml version="1.0" encoding="UTF-8"?>

<fields>
	<field id="544b38bf07F0397" label="请求人单位" fieldName="requestUserDept" fieldType="CharacterField" baseSchema="CDB_SERVICEREQUEST" visiable="1" orderNum="10" hasDeploy="1" operate="add" parentID="544b370f07F0396" needSave="1" defaultValue="${displayCxt.userInfo.cdbUnitName}" length="100" colspan="1" rowspan="1" isClob="0"/>
	<field id="544df22307F0600" label="服务审批人" fieldName="auditor" fieldType="CharacterField" baseSchema="CDB_SERVICEREQUEST" visiable="0" orderNum="46" hasDeploy="1" operate="add" parentID="544b3bff07F0405" needSave="1" length="100" colspan="1" rowspan="1" isClob="0"/>
	<field id="54caf21f0A60250" label="报修开始时间" fieldName="reqRepairStartTime" fieldType="TimeField" baseSchema="CDB_SERVICEREQUEST" visiable="1" orderNum="55" hasDeploy="1" operate="add" parentID="546c48770291677" needSave="1" length="15" colspan="1" timeFormat="yyyy-MM-dd HH:mm:ss"/>
	<field id="544b33ab07F0385" label="主表单信息" fieldName="cdb_servicerequest" fieldType="PanelField" baseSchema="CDB_SERVICEREQUEST" visiable="1" orderNum="1" hasDeploy="1" operate="add" parentID="544b1f5407F0204"/>
	<field id="544b3b2f07F0403" label="请求人手机" fieldName="requestUserMobile" fieldType="CharacterField" baseSchema="CDB_SERVICEREQUEST" visiable="1" orderNum="25" hasDeploy="1" operate="add" parentID="544b370f07F0396" needSave="1" defaultValue="${displayCxt.userInfo.mobile}" length="100" colspan="1" rowspan="1" isClob="0"/>
	<field id="54abeb600CA0645" label="满意度" fieldName="satisfaction_level" fieldType="SelectField" baseSchema="CDB_SERVICEREQUEST" visiable="1" orderNum="1" hasDeploy="1" operate="add" parentID="54abeace0CA0643" needSave="1" defaultValue="非常满意" length="2000" colspan="1" type="collect" typeResource="非常满意:非常满意,不满意:不满意"/>
	<field id="54d02d6003E0704" label="处理人团队Id" fieldName="cdbDealTeamId" fieldType="HiddenField" baseSchema="CDB_SERVICEREQUEST" visiable="0" orderNum="49" hasDeploy="1" operate="add" parentID="544b3bff07F0405" needSave="1" length="100" colspan="1" rowspan="1"/>
	<field id="54a3ae770291370" label="超时原因" fieldName="timeout_reason" fieldType="CharacterField" baseSchema="CDB_SERVICEREQUEST" visiable="1" orderNum="60" hasDeploy="1" operate="add" parentID="546c48770291677" needSave="1" length="4000" colspan="4" rowspan="3" isClob="0"/>
	<field id="544df1fc07F0599" label="服务审批时间" fieldName="auditTime" fieldType="CharacterField" baseSchema="CDB_SERVICEREQUEST" visiable="0" orderNum="45" hasDeploy="1" operate="add" parentID="544b3bff07F0405" needSave="1" length="100" colspan="1" rowspan="1" isClob="0"/>
	<field id="550a8c7803D0495" label="解决时间上限(更换硬件)" fieldName="NoWorkingTimeLimit" fieldType="CharacterField" baseSchema="CDB_SERVICEREQUEST" visiable="1" orderNum="5" hasDeploy="1" operate="add" parentID="550a8bf803D0491" needSave="1" length="100" colspan="1" rowspan="1" isClob="0"/>
	<field id="5460585d05F0222" label="VIP用户" fieldName="ISVIP" fieldType="CharacterField" baseSchema="CDB_SERVICEREQUEST" visiable="1" orderNum="60" hasDeploy="1" operate="add" parentID="544b370f07F0396" needSave="1" defaultValue="${displayCxt.userInfo.isVip}" length="20" colspan="1" rowspan="1" isClob="0"/>
	<field id="544df1cc07F0597" label="服务处理时间" fieldName="dealTime" fieldType="CharacterField" baseSchema="CDB_SERVICEREQUEST" visiable="0" orderNum="43" hasDeploy="1" operate="add" parentID="544b3bff07F0405" needSave="1" length="100" colspan="1" rowspan="1" isClob="0"/>
	<field id="550a8cdb03D0497" label="处理时限" fieldName="BASEDEALOUTTIME" fieldType="CharacterField" baseSchema="CDB_SERVICEREQUEST" visiable="1" orderNum="6" hasDeploy="1" operate="add" parentID="550a8bf803D0491" needSave="1" length="100" colspan="1" rowspan="1" isClob="0"/>
	<field id="54558a1908C0215" label="服务分类" fieldName="service_category" fieldType="SelectField" baseSchema="CDB_SERVICEREQUEST" visiable="1" orderNum="10" hasDeploy="1" operate="add" parentID="544b3bff07F0405" needSave="1" length="100" colspan="1" type="bean" typeResource="serviceCategorySelect"/>
	<field id="5465a3a30171862" label="提交请求人名字" fieldName="submit_request_person_name" fieldType="HiddenField" baseSchema="CDB_SERVICEREQUEST" visiable="0" orderNum="0" hasDeploy="1" operate="add" parentID="544b3bff07F0405" needSave="1" length="100" colspan="1" rowspan="1"/>
	<field id="544b551907F0213" label="附件" fieldName="requestAttachment" fieldType="AttachmentField" baseSchema="CDB_SERVICEREQUEST" visiable="1" orderNum="50" hasDeploy="1" operate="add" parentID="546c47290291333"/>
	<field id="550a8cba03D0496" label="响应时限" fieldName="BASEACCEPTOUTTIME" fieldType="CharacterField" baseSchema="CDB_SERVICEREQUEST" visiable="1" orderNum="3" hasDeploy="1" operate="add" parentID="550a8bf803D0491" needSave="1" length="100" colspan="1" rowspan="1" isClob="0"/>
	<field id="545b0f1205F0701" label="点击获取模板按钮下载模板" fieldName="download_template" fieldType="ButtonField" baseSchema="CDB_SERVICEREQUEST" visiable="1" orderNum="40" hasDeploy="1" operate="add" parentID="544b3bff07F0405" buttonCode="getTemplate:获取模板" colspan="1" rowspan="1"/>
	<field id="54c0ac5703E1185" label="建单人团队名称" fieldName="cdbTeamName" fieldType="HiddenField" baseSchema="CDB_SERVICEREQUEST" visiable="0" orderNum="51" hasDeploy="1" operate="add" parentID="5466b6600170221" needSave="1" defaultValue="${displayCxt.userInfo.cdbTeamName}" length="100" colspan="1" rowspan="1"/>
	<field id="550a8c5903D0494" label="解决时间上限(不更硬件)" fieldName="WorkingTimeLimit" fieldType="CharacterField" baseSchema="CDB_SERVICEREQUEST" visiable="1" orderNum="4" hasDeploy="1" operate="add" parentID="550a8bf803D0491" needSave="1" length="100" colspan="1" rowspan="1" isClob="0"/>
	<field id="54c0558b0630370" label="服务分类ID" fieldName="service_categoryID" fieldType="HiddenField" baseSchema="CDB_SERVICEREQUEST" visiable="0" orderNum="10" hasDeploy="1" operate="add" parentID="544b3bff07F0405" needSave="1" length="100" colspan="1" rowspan="1"/>
	<field id="54abeace0CA0643" label="满意度" fieldName="SatisfactionPanel" fieldType="PanelField" baseSchema="CDB_SERVICEREQUEST" visiable="1" orderNum="100" hasDeploy="1" operate="add" parentID="544b366d07F0394"/>
	<field id="544b38de07F0398" label="请求人部门" fieldName="requestUserGroup" fieldType="CharacterField" baseSchema="CDB_SERVICEREQUEST" visiable="1" orderNum="15" hasDeploy="1" operate="add" parentID="544b370f07F0396" needSave="1" defaultValue="${displayCxt.userInfo.cdbDepName}" length="100" colspan="1" rowspan="1" isClob="0"/>
	<field id="544b35dc07F0391" label="关联工单" fieldName="relationsheet" fieldType="PanelField" baseSchema="CDB_SERVICEREQUEST" visiable="1" orderNum="2" hasDeploy="1" operate="add" parentID="544b1f5407F0204"/>
	<field id="5466b6600170221" label="处理记录" fieldName="records" fieldType="PanelField" baseSchema="CDB_SERVICEREQUEST" visiable="1" orderNum="50" hasDeploy="1" operate="add" parentID="544b366d07F0394"/>
	<field id="546dc5140290862" label="审批人受理时间" fieldName="audit_accept_time" fieldType="HiddenField" baseSchema="CDB_SERVICEREQUEST" visiable="0" orderNum="0" hasDeploy="1" operate="add" parentID="544b33ab07F0385" needSave="1" length="20" colspan="1" rowspan="1"/>
	<field id="550a8bf803D0491" label="服务说明区域" fieldName="serviceArea" fieldType="PanelField" baseSchema="CDB_SERVICEREQUEST" visiable="1" orderNum="0" hasDeploy="1" operate="add" parentID="544b366d07F0394"/>
	<field id="544b391907F0399" label="请求人OA号" fieldName="requestUserOA" fieldType="CharacterField" baseSchema="CDB_SERVICEREQUEST" visiable="1" orderNum="20" hasDeploy="1" operate="add" parentID="544b370f07F0396" needSave="1" defaultValue="${displayCxt.userInfo.oaNumber}" length="100" colspan="1" rowspan="1" isClob="0"/>
	<field id="546c48770291677" label="处理信息" fieldName="deal_info_box" fieldType="PanelField" baseSchema="CDB_SERVICEREQUEST" visiable="1" orderNum="30" hasDeploy="1" operate="add" parentID="544b366d07F0394"/>
	<field id="549cb3ec0290253" label="处理时间" fieldName="DealTime2" fieldType="HiddenField" baseSchema="CDB_SERVICEREQUEST" visiable="0" orderNum="0" hasDeploy="1" operate="add" parentID="544b33ab07F0385" needSave="1" length="2000" colspan="1" rowspan="1"/>
	<field id="545ec51f05F0486" label="关联系统" fieldName="relation_system" fieldType="SelectField" baseSchema="CDB_SERVICEREQUEST" visiable="1" orderNum="3" hasDeploy="1" operate="add" parentID="544b3bff07F0405" needSave="1" length="100" colspan="1" type="table" typeResource="bs_t_sm_dicitem:dicfullname:dicfullname" paras="dtcode = 'cdb_system'"/>
	<field id="54d02d3b03E0703" label="处理人团队名称" fieldName="cdbDealTeamName" fieldType="HiddenField" baseSchema="CDB_SERVICEREQUEST" visiable="0" orderNum="48" hasDeploy="1" operate="add" parentID="544b3bff07F0405" needSave="1" length="100" colspan="1" rowspan="1"/>
	<field id="544b535a07F0209" label="服务请求标签" fieldName="requestTitle" fieldType="CharacterField" baseSchema="CDB_SERVICEREQUEST" visiable="0" orderNum="35" hasDeploy="1" operate="add" parentID="544b3bff07F0405" needSave="1" length="100" colspan="1" rowspan="1" isClob="0"/>
	<field id="546c48f60291678" label="处理过程与解决方案" fieldName="deal_process_solution" fieldType="CharacterField" baseSchema="CDB_SERVICEREQUEST" visiable="1" orderNum="10" hasDeploy="1" operate="add" parentID="546c48770291677" needSave="1" length="1000" colspan="3" rowspan="4" isClob="0"/>
	<field id="549dfd210120250" label="二级服务分类" fieldName="service_category_2" fieldType="HiddenField" baseSchema="CDB_SERVICEREQUEST" visiable="0" orderNum="0" hasDeploy="1" operate="add" parentID="544b33ab07F0385" needSave="1" length="2000" colspan="1" rowspan="1"/>
	<field id="544b558107F0215" fieldName="workflowlogpage" fieldType="ViewField" baseSchema="CDB_SERVICEREQUEST" visiable="1" orderNum="1" hasDeploy="1" operate="add" parentID="544b35ef07F0392" pageurl="${ctx}/workflow/sheet/query/BaseInfoViewBpp.jsp?baseschema=${displayCxt.baseSchema}&amp;baseid=${displayCxt.baseID}&amp;tplid=${displayCxt.defCode}" colspan="4" rowspan="20" type="include"/>
	<field id="549dfcff0120249" label="一级服务分类" fieldName="service_category_1" fieldType="HiddenField" baseSchema="CDB_SERVICEREQUEST" visiable="0" orderNum="0" hasDeploy="1" operate="add" parentID="544b33ab07F0385" needSave="1" length="2000" colspan="1" rowspan="1"/>
	<field id="549dfd310120251" label="三级服务分类" fieldName="service_category_3" fieldType="HiddenField" baseSchema="CDB_SERVICEREQUEST" visiable="0" orderNum="0" hasDeploy="1" operate="add" parentID="544b33ab07F0385" needSave="1" length="2000" colspan="1" rowspan="1"/>
	<field id="544b1f5407F0204" label="工单主体部分" fieldName="PG_Main" fieldType="PanelGroupField" baseSchema="CDB_SERVICEREQUEST" visiable="1" orderNum="0" hasDeploy="1" operate="add" parentID="main" titleVisible="1" colspan="8" type="tab"/>
	<field id="54caf2410A60251" label="维修结束时间" fieldName="repairedEndTime" fieldType="TimeField" baseSchema="CDB_SERVICEREQUEST" visiable="1" orderNum="56" hasDeploy="1" operate="add" parentID="546c48770291677" needSave="1" length="15" colspan="1" timeFormat="yyyy-MM-dd HH:mm:ss"/>
	<field id="544b366d07F0394" label="工单信息" fieldName="sheetinfo" fieldType="PanelGroupField" baseSchema="CDB_SERVICEREQUEST" visiable="1" orderNum="5" hasDeploy="1" operate="add" parentID="544b33ab07F0385" titleVisible="1" colspan="4" type="panel"/>
	<field id="5459c55c05F0398" label="服务处理人受理时间" fieldName="dealUserAcceptTime" fieldType="CharacterField" baseSchema="CDB_SERVICEREQUEST" visiable="0" orderNum="45" hasDeploy="1" operate="add" parentID="544b3bff07F0405" needSave="1" length="100" colspan="1" rowspan="1" isClob="0"/>
	<field id="544df9c407F1082" label="标题" fieldName="BaseSummary" fieldType="CharacterField" baseSchema="CDB_SERVICEREQUEST" visiable="1" orderNum="1" hasDeploy="1" operate="add" parentID="544b33ab07F0385" needSave="1" length="1000" colspan="4" rowspan="1" isClob="0"/>
	<field id="545c283105F0369" label="提交请求人" fieldName="submit_request_person" fieldType="HiddenField" baseSchema="CDB_SERVICEREQUEST" visiable="0" orderNum="0" hasDeploy="1" operate="add" parentID="544b3bff07F0405" needSave="1" length="50" colspan="1" rowspan="1"/>
	<field id="5500f53503D0429" label="报修天数" fieldName="RepairDays" fieldType="CharacterField" baseSchema="CDB_SERVICEREQUEST" visiable="1" orderNum="57" hasDeploy="1" operate="add" parentID="546c48770291677" needSave="1" defaultValue="0" length="10" colspan="1" rowspan="1" isClob="0"/>
	<field id="550a8c3603D0493" label="非工作日响应时间" fieldName="NoWorkingDaysRespTime" fieldType="CharacterField" baseSchema="CDB_SERVICEREQUEST" visiable="1" orderNum="2" hasDeploy="1" operate="add" parentID="550a8bf803D0491" needSave="1" length="100" colspan="1" rowspan="1" isClob="0"/>
	<field id="544df1e507F0598" label="服务处理人" fieldName="dealUser" fieldType="CharacterField" baseSchema="CDB_SERVICEREQUEST" visiable="0" orderNum="44" hasDeploy="1" operate="add" parentID="544b3bff07F0405" needSave="1" length="100" colspan="1" rowspan="1" isClob="0"/>
	<field id="544b3b4607F0404" label="请求人电话" fieldName="requestUserPhone" fieldType="CharacterField" baseSchema="CDB_SERVICEREQUEST" visiable="1" orderNum="45" hasDeploy="1" operate="add" parentID="544b370f07F0396" needSave="1" defaultValue="${displayCxt.userInfo.phone}" length="100" colspan="1" rowspan="1" isClob="0"/>
	<field id="549cb3990290250" label="受理时限" fieldName="AcceptanceTimeLimit" fieldType="HiddenField" baseSchema="CDB_SERVICEREQUEST" visiable="0" orderNum="0" hasDeploy="1" operate="add" parentID="544b33ab07F0385" needSave="1" length="2000" colspan="1" rowspan="1"/>
	<field id="5460630c05F0220" label="服务请求优先级" fieldName="requestLevel" fieldType="CharacterField" baseSchema="CDB_SERVICEREQUEST" visiable="1" orderNum="45" hasDeploy="1" operate="add" parentID="544b3bff07F0405" needSave="1" length="20" colspan="1" rowspan="1" isClob="0"/>
	<field id="544b3bff07F0405" label="服务请求信息" fieldName="requestInfo" fieldType="PanelField" baseSchema="CDB_SERVICEREQUEST" visiable="1" orderNum="10" hasDeploy="1" operate="add" parentID="544b366d07F0394"/>
	<field id="5462f11f0170329" label="请求人ID" fieldName="requestUserID" fieldType="HiddenField" baseSchema="CDB_SERVICEREQUEST" visiable="0" orderNum="0" hasDeploy="1" operate="add" parentID="544b370f07F0396" needSave="1" defaultValue="${displayCxt.userInfo.loginName}" length="100" colspan="1" rowspan="1"/>
	<field id="544b549c07F0212" label="服务请求描述" fieldName="requestDesc" fieldType="CharacterField" baseSchema="CDB_SERVICEREQUEST" visiable="1" orderNum="47" hasDeploy="1" operate="add" parentID="544b3bff07F0405" needSave="1" length="4000" colspan="4" rowspan="4" isClob="1"/>
	<field id="546490830170373" fieldName="relationsheetView" fieldType="ViewField" baseSchema="CDB_SERVICEREQUEST" visiable="1" orderNum="0" hasDeploy="1" operate="add" parentID="544b35dc07F0391" pageurl="${ctx}/relatesheet/list.action?baseSchema=${displayCxt.fieldMap['BASESCHEMA']}&amp;baseId=${displayCxt.fieldMap['BASEID']}&amp;baseSn=${displayCxt.fieldMap['BASESN']}}&amp;relateSchema=PBCCRC_CHANGE,PBCCRC_PROBLEM &amp;taskId=${displayCxt.taskID}&amp;status=${displayCxt.fieldMap['BASESTATUS']}&amp;flagActive=${displayCxt.currentTask.flagActive}？RelateData=1" colspan="4" rowspan="20" type="include"/>
	<field id="544b370f07F0396" label="请求人信息" fieldName="requestUserInfo" fieldType="PanelField" baseSchema="CDB_SERVICEREQUEST" visiable="1" orderNum="6" hasDeploy="1" operate="add" parentID="544b366d07F0394"/>
	<field id="549a6f890290412" label="VIP等级" fieldName="viplevel" fieldType="HiddenField" baseSchema="CDB_SERVICEREQUEST" visiable="0" orderNum="60" hasDeploy="1" operate="add" parentID="544b33ab07F0385" needSave="1" length="100" colspan="1" rowspan="1"/>
	<field id="54a126770290254" label="处理人登录名" fieldName="dealuserloginname" fieldType="HiddenField" baseSchema="CDB_SERVICEREQUEST" visiable="0" orderNum="0" hasDeploy="1" operate="add" parentID="544b33ab07F0385" needSave="1" length="2000" colspan="1" rowspan="1"/>
	<field id="544b532207F0208" label="服务项ID" fieldName="requestId" fieldType="HiddenField" baseSchema="CDB_SERVICEREQUEST" visiable="0" orderNum="30" hasDeploy="1" operate="add" parentID="544b3bff07F0405" needSave="1" length="100" colspan="1" rowspan="1"/>
	<field id="549cb3d40290252" label="处理时限" fieldName="DealTimeLimit" fieldType="HiddenField" baseSchema="CDB_SERVICEREQUEST" visiable="0" orderNum="0" hasDeploy="1" operate="add" parentID="544b33ab07F0385" needSave="1" length="2000" colspan="1" rowspan="1"/>
	<field id="549cb3bd0290251" label="受理时间" fieldName="AcceptanceTime" fieldType="HiddenField" baseSchema="CDB_SERVICEREQUEST" visiable="0" orderNum="0" hasDeploy="1" operate="add" parentID="544b33ab07F0385" needSave="1" length="2000" colspan="1" rowspan="1"/>
	<field id="546c47290291333" label="附件" fieldName="attachment" fieldType="PanelField" baseSchema="CDB_SERVICEREQUEST" visiable="1" orderNum="40" hasDeploy="1" operate="add" parentID="544b366d07F0394"/>
	<field id="550a8c1c03D0492" label="工作日响应时间" fieldName="DaysResponseTime" fieldType="CharacterField" baseSchema="CDB_SERVICEREQUEST" visiable="1" orderNum="1" hasDeploy="1" operate="add" parentID="550a8bf803D0491" needSave="1" length="100" colspan="1" rowspan="1" isClob="0"/>
	<field id="544b35ef07F0392" label="流程记录" fieldName="workflowlog" fieldType="PanelField" baseSchema="CDB_SERVICEREQUEST" visiable="1" orderNum="3" hasDeploy="1" operate="add" parentID="544b1f5407F0204"/>
	<field id="544b3c3b07F0406" label="来源" fieldName="dataResource" fieldType="SelectField" baseSchema="CDB_SERVICEREQUEST" visiable="1" orderNum="1" hasDeploy="1" operate="add" parentID="544b3bff07F0405" needSave="1" length="100" colspan="1" type="sysdic" typeResource="resouce"/>
	<field id="54a0b54d0290621" label="处理完成时间" fieldName="deal_finish_time" fieldType="HiddenField" baseSchema="CDB_SERVICEREQUEST" visiable="0" orderNum="0" hasDeploy="1" operate="add" parentID="544b33ab07F0385" needSave="1" length="2000" colspan="1" rowspan="1"/>
	<field id="544b39b107F0400" label="请求人工位" fieldName="requestUserSite" fieldType="CharacterField" baseSchema="CDB_SERVICEREQUEST" visiable="1" orderNum="50" hasDeploy="1" operate="add" parentID="544b370f07F0396" needSave="1" defaultValue="${displayCxt.userInfo.station}" length="100" colspan="1" rowspan="1" isClob="0"/>
	<field id="544df1b307F0596" label="服务受理人" fieldName="acceptUser" fieldType="CharacterField" baseSchema="CDB_SERVICEREQUEST" visiable="0" orderNum="42" hasDeploy="1" operate="add" parentID="544b3bff07F0405" needSave="1" length="100" colspan="1" rowspan="1" isClob="0"/>
	<field id="54559d8f08C0240" label="审批序列，1受理人，2...审批人" fieldName="audit_sequence" fieldType="HiddenField" baseSchema="CDB_SERVICEREQUEST" visiable="0" orderNum="0" hasDeploy="1" operate="add" parentID="544b33ab07F0385" needSave="1" length="50" colspan="1" rowspan="1"/>
	<field id="544b53b407F0210" label="要求服务实施时间" fieldName="requireDealTime" fieldType="TimeField" baseSchema="CDB_SERVICEREQUEST" visiable="1" orderNum="5" hasDeploy="1" operate="add" parentID="544b3bff07F0405" needSave="1" length="15" colspan="1" timeFormat="yyyy-MM-dd HH:mm:ss"/>
	<field id="544df18007F0595" label="服务受理时间" fieldName="acceptTime" fieldType="CharacterField" baseSchema="CDB_SERVICEREQUEST" visiable="0" orderNum="41" hasDeploy="1" operate="add" parentID="544b3bff07F0405" needSave="1" length="100" colspan="1" rowspan="1" isClob="0"/>
	<field id="5466bbc50170222" fieldName="deal_records" fieldType="ViewField" baseSchema="CDB_SERVICEREQUEST" visiable="1" orderNum="0" hasDeploy="1" operate="add" parentID="5466b6600170221" pageurl="${ctx}/wfrecord/showWfRecords.action?baseschema=${displayCxt.baseSchema}&amp;baseid=${displayCxt.baseID}&amp;recordViewFieldName=deal_records" colspan="3" rowspan="1" type="include"/>
	<field id="5459c60805F0399" label="关单人受理时间" fieldName="closeUserAcceptTime" fieldType="CharacterField" baseSchema="CDB_SERVICEREQUEST" visiable="0" orderNum="49" hasDeploy="1" operate="add" parentID="544b3bff07F0405" needSave="1" length="20" colspan="1" rowspan="1" isClob="0"/>
	<field id="549b83dd0290662" label="是否第三方支持" fieldName="isThirdpartSupport" fieldType="CollectField" baseSchema="CDB_SERVICEREQUEST" visiable="1" orderNum="50" hasDeploy="1" operate="add" parentID="546c48770291677" needSave="1" defaultValue="否" length="2000" colspan="1" type="collect" rowspan="1" typeResource="否:否,是:是" showType="radio"/>
	<field id="544b39ed07F0401" label="请求人职位" fieldName="requestUserPosition" fieldType="CharacterField" baseSchema="CDB_SERVICEREQUEST" visiable="1" orderNum="30" hasDeploy="1" operate="add" parentID="544b370f07F0396" needSave="1" defaultValue="${displayCxt.userInfo.position}" length="100" colspan="1" rowspan="1" isClob="0"/>
	<field id="54c1be810291101" label="自助服务工单" fieldName="isSelfHelp" fieldType="HiddenField" baseSchema="CDB_SERVICEREQUEST" visiable="0" orderNum="0" hasDeploy="1" operate="add" parentID="544b33ab07F0385" needSave="1" length="100" colspan="1" rowspan="1"/>
	<field id="54c0ac7c03E1186" label="建单人团队Id" fieldName="cdbTeamId" fieldType="HiddenField" baseSchema="CDB_SERVICEREQUEST" visiable="0" orderNum="52" hasDeploy="1" operate="add" parentID="5466b6600170221" needSave="1" defaultValue="${displayCxt.userInfo.cdbTeamId}" length="100" colspan="1" rowspan="1"/>
	<field id="54abebac0CA0646" label="满意度评价" fieldName="satisfaction_content" fieldType="CharacterField" baseSchema="CDB_SERVICEREQUEST" visiable="1" orderNum="2" hasDeploy="1" operate="add" parentID="54abeace0CA0643" needSave="1" length="4000" colspan="4" rowspan="3" isClob="0"/>
	<field id="54a0b28d0290296" label="服务提交时间" fieldName="submit_time" fieldType="HiddenField" baseSchema="CDB_SERVICEREQUEST" visiable="0" orderNum="0" hasDeploy="1" operate="add" parentID="544b33ab07F0385" needSave="1" length="2000" colspan="1" rowspan="1"/>
	<field id="544b36cb07F0395" label="请求人" fieldName="requestUser" fieldType="CharacterField" baseSchema="CDB_SERVICEREQUEST" visiable="1" orderNum="1" hasDeploy="1" operate="add" parentID="544b370f07F0396" needSave="1" defaultValue="${displayCxt.userInfo.fullName}" length="100" colspan="1" rowspan="1" isClob="0"/>
	<field id="5451a4a608C0334" label="处理人" fieldName="dealPerson" fieldType="AssignTreeField" baseSchema="CDB_SERVICEREQUEST" visiable="1" orderNum="15" hasDeploy="1" operate="add" parentID="action" singleSelect="1" rowspan="1" colspan="1" next="1"/>
	<field id="5456458208C0434" label="处理人" fieldName="deal_person" fieldType="SelectField" baseSchema="CDB_SERVICEREQUEST" visiable="1" orderNum="10" hasDeploy="1" operate="add" parentID="action" needSave="1" length="100" colspan="1" type="collect" typeResource="清空:"/>
	<field id="545f11c805F0250" label="处理组" fieldName="view_deal_group" fieldType="CharacterField" baseSchema="CDB_SERVICEREQUEST" visiable="1" orderNum="5" hasDeploy="1" operate="add" parentID="action" needSave="1" length="100" colspan="1" rowspan="1" isClob="0"/>
	<field id="5465fd110170396" label="占位格" fieldName="placeholder" fieldType="BlankField" baseSchema="CDB_SERVICEREQUEST" visiable="1" orderNum="1" hasDeploy="1" operate="add" parentID="action" colspan="1" rowspan="1"/>
	<field id="545e2a6c05F0755" label="处理组id" fieldName="deal_group_id" fieldType="HiddenField" baseSchema="CDB_SERVICEREQUEST" visiable="0" orderNum="5" hasDeploy="1" operate="add" parentID="action" needSave="1" length="50" colspan="1" rowspan="1"/>
	<field id="546adc060292395" label="基本结论" fieldName="close_code" fieldType="SelectField" baseSchema="CDB_SERVICEREQUEST" visiable="1" orderNum="10" hasDeploy="1" operate="add" parentID="action" needSave="1" length="50" colspan="1" type="collect" typeResource="1:已解决,2:临时解决,3:审批不通过,4:处理取消"/>
	<field id="5458862c05F0202" label="处理人id" fieldName="deal_person_id" fieldType="HiddenField" baseSchema="CDB_SERVICEREQUEST" visiable="0" orderNum="0" hasDeploy="1" operate="add" parentID="action" needSave="1" length="100" colspan="1" rowspan="1"/>
	<field id="54cf3b330292223" label="处理组ID" fieldName="deal_group" fieldType="HiddenField" baseSchema="CDB_SERVICEREQUEST" visiable="0" orderNum="5" hasDeploy="1" operate="add" parentID="action" needSave="1" length="2000" colspan="1" rowspan="1"/>
	<field id="545ac8a605F0208" label="是否审批升级" fieldName="is_audit_level_up" fieldType="CollectField" baseSchema="CDB_SERVICEREQUEST" visiable="1" orderNum="3" hasDeploy="1" operate="add" parentID="action" needSave="1" length="10" colspan="1" type="collect" rowspan="1" typeResource="是:是" showType="checkbox"/>
	<field id="546adbc40292394" label="满意度" fieldName="satisfaction" fieldType="SelectField" baseSchema="CDB_SERVICEREQUEST" visiable="1" orderNum="20" hasDeploy="1" operate="add" parentID="action" needSave="1" length="50" colspan="1" type="collect" typeResource="非常满意:非常满意,不满意:不满意"/>
	<field id="5458959005F0560" label="审批意见" fieldName="audit_info" fieldType="CharacterField" baseSchema="CDB_SERVICEREQUEST" visiable="1" orderNum="100" hasDeploy="1" operate="add" parentID="action" needSave="1" length="1000" colspan="4" rowspan="5" isClob="0"/>
	<field id="5466f66f0171080" label="通知" fieldName="notify" fieldType="CollectField" baseSchema="CDB_SERVICEREQUEST" visiable="1" orderNum="110" hasDeploy="1" operate="add" parentID="action" needSave="1" defaultValue="短信" length="100" colspan="1" type="collect" rowspan="1" typeResource="短信:短信,邮件:邮件" showType="checkbox"/>
	<field id="545f29cb05F0795" label="处理人" fieldName="view_deal_person" fieldType="SelectField" baseSchema="CDB_SERVICEREQUEST" visiable="1" orderNum="10" hasDeploy="1" operate="add" parentID="action" needSave="1" length="100" colspan="1" type="collect" typeResource=" : "/>
	<field id="544de3b207F0206" label="处理说明" fieldName="dealInfo" fieldType="CharacterField" baseSchema="CDB_SERVICEREQUEST" visiable="1" orderNum="30" hasDeploy="1" operate="add" parentID="action" needSave="1" length="1000" colspan="4" rowspan="5" isClob="0"/>
</fields>
