<?xml version="1.0" encoding="UTF-8"?>

<steps>
	<step id="544b5bb607F0192" stepNo="step01" baseSchema="CDB_SERVICEREQUEST" description="新建工单" roleName="建单人" roleID="CreatePerson" roleProcessRoleType="5" actionType="DEAL" taskPolicy="ONLY" acceptOver="0" dealOver="0" hasDeploy="1" operate="add" hasSubFlow="0">
		<fieldrels>
			<fieldrel id="549dfe9b0120252" stepNo="step01" baseSchema="CDB_SERVICEREQUEST" fieldID="549dfd210120250" visiable="1" required="1" fieldType="HiddenField"/>
			<fieldrel id="545ec38f05F0250" stepNo="step01" baseSchema="CDB_SERVICEREQUEST" fieldID="544b39b107F0400" visiable="1" required="0" fieldType="CharacterField"/>
			<fieldrel id="550a8cfb03D0498" stepNo="step01" baseSchema="CDB_SERVICEREQUEST" fieldID="550a8c1c03D0492" visiable="1" required="0" fieldType="CharacterField"/>
			<fieldrel id="550a8cfb03D0501" stepNo="step01" baseSchema="CDB_SERVICEREQUEST" fieldID="550a8c5903D0494" visiable="1" required="0" fieldType="CharacterField"/>
			<fieldrel id="5460631d05F0221" stepNo="step01" baseSchema="CDB_SERVICEREQUEST" fieldID="5460630c05F0220" visiable="1" required="0" fieldType="CharacterField"/>
			<fieldrel id="545ec38f05F0253" stepNo="step01" baseSchema="CDB_SERVICEREQUEST" fieldID="544b3b2f07F0403" visiable="1" required="0" fieldType="CharacterField"/>
			<fieldrel id="54d96c5803E0944" stepNo="step01" baseSchema="CDB_SERVICEREQUEST" fieldID="54d02d6003E0704" visiable="0" required="0" fieldType="HiddenField"/>
			<fieldrel id="5462f1350170330" stepNo="step01" baseSchema="CDB_SERVICEREQUEST" fieldID="5462f11f0170329" visiable="1" required="1" fieldType="HiddenField"/>
			<fieldrel id="5465a48d0171866" stepNo="step01" baseSchema="CDB_SERVICEREQUEST" fieldID="5465a3a30171862" visiable="1" required="0" fieldType="HiddenField"/>
			<fieldrel id="545ec38f05F0248" stepNo="step01" baseSchema="CDB_SERVICEREQUEST" fieldID="544b38de07F0398" visiable="1" required="0" fieldType="CharacterField"/>
			<fieldrel id="550a8cfb03D0503" stepNo="step01" baseSchema="CDB_SERVICEREQUEST" fieldID="550a8cdb03D0497" visiable="1" required="0" fieldType="CharacterField"/>
			<fieldrel id="549cb45a0290257" stepNo="step01" baseSchema="CDB_SERVICEREQUEST" fieldID="549cb3bd0290251" visiable="1" required="0" fieldType="HiddenField"/>
			<fieldrel id="545b3a7e05F1314" stepNo="step01" baseSchema="CDB_SERVICEREQUEST" fieldID="544b36cb07F0395" visiable="1" required="1" fieldType="CharacterField"/>
			<fieldrel id="549a6fa70290413" stepNo="step01" baseSchema="CDB_SERVICEREQUEST" fieldID="549a6f890290412" visiable="1" required="0" fieldType="HiddenField"/>
			<fieldrel id="549dfe9b0120253" stepNo="step01" baseSchema="CDB_SERVICEREQUEST" fieldID="549dfcff0120249" visiable="1" required="1" fieldType="HiddenField"/>
			<fieldrel id="54caf2990A60368" stepNo="step01" baseSchema="CDB_SERVICEREQUEST" fieldID="54caf21f0A60250" visiable="1" required="0" fieldType="TimeField"/>
			<fieldrel id="546c49b10291820" stepNo="step01" baseSchema="CDB_SERVICEREQUEST" fieldID="546c48f60291678" visiable="1" required="0" fieldType="CharacterField"/>
			<fieldrel id="5456f65408C0764" stepNo="step01" baseSchema="CDB_SERVICEREQUEST" fieldID="544b53b407F0210" visiable="1" required="0" fieldType="TimeField"/>
			<fieldrel id="54c1bf8a0291236" stepNo="step01" baseSchema="CDB_SERVICEREQUEST" fieldID="54c1be810291101" visiable="1" required="1" fieldType="HiddenField"/>
			<fieldrel id="545b19e205F0934" stepNo="step01" baseSchema="CDB_SERVICEREQUEST" fieldID="544b549c07F0212" visiable="1" required="1" fieldType="CharacterField"/>
			<fieldrel id="545c288205F0370" stepNo="step01" baseSchema="CDB_SERVICEREQUEST" fieldID="545c283105F0369" visiable="0" required="0" fieldType="HiddenField"/>
			<fieldrel id="54a0b29b0290297" stepNo="step01" baseSchema="CDB_SERVICEREQUEST" fieldID="54a0b28d0290296" visiable="1" required="0" fieldType="HiddenField"/>
			<fieldrel id="549dfe9b0120254" stepNo="step01" baseSchema="CDB_SERVICEREQUEST" fieldID="549dfd310120251" visiable="1" required="1" fieldType="HiddenField"/>
			<fieldrel id="549cb45a0290255" stepNo="step01" baseSchema="CDB_SERVICEREQUEST" fieldID="549cb3990290250" visiable="1" required="0" fieldType="HiddenField"/>
			<fieldrel id="5500f57303D0430" stepNo="step01" baseSchema="CDB_SERVICEREQUEST" fieldID="5500f53503D0429" visiable="1" required="0" fieldType="CharacterField"/>
			<fieldrel id="549cb45a0290256" stepNo="step01" baseSchema="CDB_SERVICEREQUEST" fieldID="549cb3d40290252" visiable="1" required="0" fieldType="HiddenField"/>
			<fieldrel id="545b19f905F0935" stepNo="step01" baseSchema="CDB_SERVICEREQUEST" fieldID="544b551907F0213" visiable="1" required="1" fieldType="AttachmentField"/>
			<fieldrel id="54c0ac9803E1188" stepNo="step01" baseSchema="CDB_SERVICEREQUEST" fieldID="54c0ac7c03E1186" visiable="0" required="0" fieldType="HiddenField"/>
			<fieldrel id="550a8cfb03D0499" stepNo="step01" baseSchema="CDB_SERVICEREQUEST" fieldID="550a8c3603D0493" visiable="1" required="0" fieldType="CharacterField"/>
			<fieldrel id="54caf2990A60369" stepNo="step01" baseSchema="CDB_SERVICEREQUEST" fieldID="54caf2410A60251" visiable="1" required="0" fieldType="TimeField"/>
			<fieldrel id="545ec38f05F0252" stepNo="step01" baseSchema="CDB_SERVICEREQUEST" fieldID="544b3b4607F0404" visiable="1" required="0" fieldType="CharacterField"/>
			<fieldrel id="545ec38f05F0249" stepNo="step01" baseSchema="CDB_SERVICEREQUEST" fieldID="544b391907F0399" visiable="1" required="0" fieldType="CharacterField"/>
			<fieldrel id="549cb45a0290254" stepNo="step01" baseSchema="CDB_SERVICEREQUEST" fieldID="549cb3ec0290253" visiable="1" required="0" fieldType="HiddenField"/>
			<fieldrel id="54d96c5803E0943" stepNo="step01" baseSchema="CDB_SERVICEREQUEST" fieldID="54d02d3b03E0703" visiable="0" required="0" fieldType="HiddenField"/>
			<fieldrel id="5460647805F0330" stepNo="step01" baseSchema="CDB_SERVICEREQUEST" fieldID="544b3c3b07F0406" visiable="1" required="1" fieldType="SelectField"/>
			<fieldrel id="54c0ac9803E1187" stepNo="step01" baseSchema="CDB_SERVICEREQUEST" fieldID="54c0ac5703E1185" visiable="0" required="0" fieldType="HiddenField"/>
			<fieldrel id="5451a52e08C0438" stepNo="step01" baseSchema="CDB_SERVICEREQUEST" fieldID="544df9c407F1082" visiable="1" required="1" fieldType="CharacterField"/>
			<fieldrel id="54c055ce0630371" stepNo="step01" baseSchema="CDB_SERVICEREQUEST" fieldID="54c0558b0630370" visiable="1" required="1" fieldType="HiddenField"/>
			<fieldrel id="550a8cfb03D0502" stepNo="step01" baseSchema="CDB_SERVICEREQUEST" fieldID="550a8c7803D0495" visiable="1" required="0" fieldType="CharacterField"/>
			<fieldrel id="545c8c9805F0280" stepNo="step01" baseSchema="CDB_SERVICEREQUEST" fieldID="544b38bf07F0397" visiable="1" required="0" fieldType="CharacterField"/>
			<fieldrel id="550a8cfb03D0500" stepNo="step01" baseSchema="CDB_SERVICEREQUEST" fieldID="550a8cba03D0496" visiable="1" required="0" fieldType="CharacterField"/>
			<fieldrel id="54a0b9d90291163" stepNo="step01" baseSchema="CDB_SERVICEREQUEST" fieldID="544df1e507F0598" visiable="0" required="0" fieldType="CharacterField"/>
			<fieldrel id="545ec38f05F0251" stepNo="step01" baseSchema="CDB_SERVICEREQUEST" fieldID="544b39ed07F0401" visiable="1" required="0" fieldType="CharacterField"/>
			<fieldrel id="54aceb780CA1176" stepNo="step01" baseSchema="CDB_SERVICEREQUEST" fieldID="549b83dd0290662" visiable="1" required="0" fieldType="CollectField"/>
			<fieldrel id="5460588505F0329" stepNo="step01" baseSchema="CDB_SERVICEREQUEST" fieldID="5460585d05F0222" visiable="1" required="0" fieldType="CharacterField"/>
			<fieldrel id="54aceb780CA1177" stepNo="step01" baseSchema="CDB_SERVICEREQUEST" fieldID="54a3ae770291370" visiable="1" required="0" fieldType="CharacterField"/>
			<fieldrel id="545ec54405F0493" stepNo="step01" baseSchema="CDB_SERVICEREQUEST" fieldID="545ec51f05F0486" visiable="1" required="0" fieldType="SelectField"/>
			<fieldrel id="54558b9708C0218" stepNo="step01" baseSchema="CDB_SERVICEREQUEST" fieldID="54558a1908C0215" visiable="1" required="1" fieldType="SelectField"/>
		</fieldrels>
		<actions>
			<action id="546c4f770292306" stepNo="step01" baseSchema="CDB_SERVICEREQUEST" label="作废" actionName="ToCancelFromRequest" actionType="CANCEL" isFree="0" hasNext="1" description="用户误建或不需要继续提交的工单，点击作废后，此工单不能在系统中流转" isClose="1" hasDeploy="1" operate="add">
				<fieldrels>
					<fieldrel id="546c4f820292307" stepNo="step01" baseSchema="CDB_SERVICEREQUEST" actionName="ToCancelFromRequest" fieldID="544de3b207F0206" visiable="1" required="1" fieldType="CharacterField"/>
				</fieldrels>
			</action>
			<action id="544b5e1807F0573" stepNo="step01" baseSchema="CDB_SERVICEREQUEST" label="保存" actionName="SAVE" actionType="SAVE" isFree="0" hasNext="0" description="保存所填信息方可进行下一步操作" isClose="0" hasDeploy="1" operate="add">
				<fieldrels/>
			</action>
			<action id="5455aee208C0335" stepNo="step01" baseSchema="CDB_SERVICEREQUEST" label="关单" actionName="ToCloseFromRequest" actionType="NEXT" isFree="0" hasNext="1" description="确认问题已经解决，点击关单后，此工单不能重新在系统中流转" isClose="1" hasDeploy="1" operate="add">
				<fieldrels>
					<fieldrel id="5455d62308C1079" stepNo="step01" baseSchema="CDB_SERVICEREQUEST" actionName="ToCloseFromRequest" fieldID="544de3b207F0206" visiable="1" required="1" fieldType="CharacterField"/>
					<fieldrel id="546adc370292396" stepNo="step01" baseSchema="CDB_SERVICEREQUEST" actionName="ToCloseFromRequest" fieldID="546adc060292395" visiable="1" required="1" fieldType="SelectField"/>
				</fieldrels>
			</action>
			<action id="549245f70290295" stepNo="step01" baseSchema="CDB_SERVICEREQUEST" label="送审" actionName="ToSendAudit" actionType="NEXT" isFree="0" hasNext="1" description="送审" isClose="1" hasDeploy="1" operate="add">
				<fieldrels>
					<fieldrel id="549246340290298" stepNo="step01" baseSchema="CDB_SERVICEREQUEST" actionName="ToSendAudit" fieldID="5451a4a608C0334" visiable="1" required="1" fieldType="AssignTreeField"/>
					<fieldrel id="549246160290297" stepNo="step01" baseSchema="CDB_SERVICEREQUEST" actionName="ToSendAudit" fieldID="544de3b207F0206" visiable="1" required="1" fieldType="CharacterField"/>
				</fieldrels>
			</action>
			<action id="544b67d307F0756" stepNo="step01" baseSchema="CDB_SERVICEREQUEST" label="提交请求" actionName="ToRequest" actionType="NEXT" isFree="0" hasNext="1" description="将填写的服务请求信息提交给相应处理组" isClose="1" hasDeploy="1" operate="add">
				<fieldrels>
					<fieldrel id="54cf3b520292224" stepNo="step01" baseSchema="CDB_SERVICEREQUEST" actionName="ToRequest" fieldID="54cf3b330292223" visiable="0" required="0" fieldType="HiddenField"/>
					<fieldrel id="545645a508C0435" stepNo="step01" baseSchema="CDB_SERVICEREQUEST" actionName="ToRequest" fieldID="5456458208C0434" visiable="0" required="0" fieldType="SelectField"/>
					<fieldrel id="5466f6b40171097" stepNo="step01" baseSchema="CDB_SERVICEREQUEST" actionName="ToRequest" fieldID="5466f66f0171080" visiable="1" required="0" fieldType="CollectField"/>
					<fieldrel id="544de3bd07F0207" stepNo="step01" baseSchema="CDB_SERVICEREQUEST" actionName="ToRequest" fieldID="544de3b207F0206" visiable="1" required="1" fieldType="CharacterField"/>
					<fieldrel id="545f12c605F0251" stepNo="step01" baseSchema="CDB_SERVICEREQUEST" actionName="ToRequest" fieldID="545f11c805F0250" visiable="1" required="0" fieldType="CharacterField"/>
					<fieldrel id="545f29eb05F0897" stepNo="step01" baseSchema="CDB_SERVICEREQUEST" actionName="ToRequest" fieldID="545f29cb05F0795" visiable="1" required="0" fieldType="SelectField"/>
				</fieldrels>
			</action>
			<action id="5455aeb108C0334" stepNo="step01" baseSchema="CDB_SERVICEREQUEST" label="转派" actionName="ToRenextToNew" actionType="RENEXT" isFree="0" hasNext="1" description="点击此按钮，可以将工单转交给其他处理组" isClose="1" hasDeploy="1" operate="add">
				<fieldrels>
					<fieldrel id="5458910c05F0382" stepNo="step01" baseSchema="CDB_SERVICEREQUEST" actionName="ToRenextToNew" fieldID="544de3b207F0206" visiable="1" required="1" fieldType="CharacterField"/>
					<fieldrel id="5467040c0170613" stepNo="step01" baseSchema="CDB_SERVICEREQUEST" actionName="ToRenextToNew" fieldID="5466f66f0171080" visiable="1" required="0" fieldType="CollectField"/>
					<fieldrel id="5456306c08C1405" stepNo="step01" baseSchema="CDB_SERVICEREQUEST" actionName="ToRenextToNew" fieldID="5451a4a608C0334" visiable="1" required="1" fieldType="AssignTreeField"/>
				</fieldrels>
			</action>
		</actions>
	</step>
	<step id="545896ec05F0567" stepNo="step07" baseSchema="CDB_SERVICEREQUEST" description="关单" roleName="建单人" roleID="CreatePerson" roleProcessRoleType="1" roleKey="CREATEUSER" actionType="DEAL" taskPolicy="ONLY" acceptOver="0" dealOver="0" hasDeploy="1" operate="add" hasSubFlow="0">
		<fieldrels>
			<fieldrel id="549cb5050290276" stepNo="step07" baseSchema="CDB_SERVICEREQUEST" fieldID="549cb3d40290252" visiable="1" required="0" fieldType="HiddenField"/>
			<fieldrel id="54abebce0CA0649" stepNo="step07" baseSchema="CDB_SERVICEREQUEST" fieldID="54abebac0CA0646" visiable="1" required="0" fieldType="CharacterField"/>
			<fieldrel id="54abebce0CA0647" stepNo="step07" baseSchema="CDB_SERVICEREQUEST" fieldID="54abeace0CA0643" visiable="1" required="0" fieldType="PanelField"/>
			<fieldrel id="549cb5050290277" stepNo="step07" baseSchema="CDB_SERVICEREQUEST" fieldID="549cb3bd0290251" visiable="1" required="0" fieldType="HiddenField"/>
			<fieldrel id="549cb5050290274" stepNo="step07" baseSchema="CDB_SERVICEREQUEST" fieldID="549cb3ec0290253" visiable="1" required="0" fieldType="HiddenField"/>
			<fieldrel id="549cb5050290275" stepNo="step07" baseSchema="CDB_SERVICEREQUEST" fieldID="549cb3990290250" visiable="1" required="0" fieldType="HiddenField"/>
			<fieldrel id="54abebce0CA0648" stepNo="step07" baseSchema="CDB_SERVICEREQUEST" fieldID="54abeb600CA0645" visiable="1" required="0" fieldType="SelectField"/>
			<fieldrel id="5459c66005F0401" stepNo="step07" baseSchema="CDB_SERVICEREQUEST" fieldID="5459c60805F0399" visiable="0" required="0" fieldType="CharacterField"/>
		</fieldrels>
		<actions>
			<action id="54589bbd05F0223" stepNo="step07" baseSchema="CDB_SERVICEREQUEST" label="受理" actionName="ToAcceptClose" actionType="ACCEPT" isFree="0" hasNext="0" description="确认受理工单，点击后，方可对工单进行下一步操作" isClose="0" hasDeploy="1" operate="add">
				<fieldrels/>
			</action>
			<action id="5459950205F0628" stepNo="step07" baseSchema="CDB_SERVICEREQUEST" label="退回" actionName="ToBackFromClose" actionType="NEXT" isFree="0" hasNext="1" description="此工单退还给上一环节处理人" isClose="1" hasDeploy="1" operate="add">
				<fieldrels>
					<fieldrel id="5459951105F0629" stepNo="step07" baseSchema="CDB_SERVICEREQUEST" actionName="ToBackFromClose" fieldID="544de3b207F0206" visiable="1" required="1" fieldType="CharacterField"/>
					<fieldrel id="546704ac0170619" stepNo="step07" baseSchema="CDB_SERVICEREQUEST" actionName="ToBackFromClose" fieldID="5466f66f0171080" visiable="1" required="0" fieldType="CollectField"/>
				</fieldrels>
			</action>
			<action id="5458ade205F0238" stepNo="step07" baseSchema="CDB_SERVICEREQUEST" label="关单" actionName="ToCloseFromDeal" actionType="NEXT" isFree="0" hasNext="1" description="确认问题已经解决，点击关单后，此工单不能重新在系统中流转" isClose="1" hasDeploy="1" operate="add">
				<fieldrels>
					<fieldrel id="5458aded05F0239" stepNo="step07" baseSchema="CDB_SERVICEREQUEST" actionName="ToCloseFromDeal" fieldID="544de3b207F0206" visiable="1" required="1" fieldType="CharacterField"/>
					<fieldrel id="546adc4a0292398" stepNo="step07" baseSchema="CDB_SERVICEREQUEST" actionName="ToCloseFromDeal" fieldID="546adc060292395" visiable="1" required="1" fieldType="SelectField"/>
					<fieldrel id="54c5fcd80290598" stepNo="step07" baseSchema="CDB_SERVICEREQUEST" actionName="ToCloseFromDeal" fieldID="546adbc40292394" visiable="0" required="0" fieldType="SelectField"/>
				</fieldrels>
			</action>
			<action id="545ae5a605F0541" stepNo="step07" baseSchema="CDB_SERVICEREQUEST" label="转派" actionName="ToRenextToClose" actionType="RENEXT" isFree="0" hasNext="1" description="点击此按钮，可以将工单转交给其他处理组" isClose="1" hasDeploy="1" operate="add">
				<fieldrels>
					<fieldrel id="545ae5b205F0543" stepNo="step07" baseSchema="CDB_SERVICEREQUEST" actionName="ToRenextToClose" fieldID="5451a4a608C0334" visiable="1" required="0" fieldType="AssignTreeField"/>
					<fieldrel id="545ae5b205F0542" stepNo="step07" baseSchema="CDB_SERVICEREQUEST" actionName="ToRenextToClose" fieldID="544de3b207F0206" visiable="1" required="1" fieldType="CharacterField"/>
					<fieldrel id="546d89e40293071" stepNo="step07" baseSchema="CDB_SERVICEREQUEST" actionName="ToRenextToClose" fieldID="5466f66f0171080" visiable="1" required="1" fieldType="CollectField"/>
				</fieldrels>
			</action>
		</actions>
	</step>
	<step id="5455b38808C0366" stepNo="step06" baseSchema="CDB_SERVICEREQUEST" description="处理" roleName="处理人" roleID="DEAL_PERSON" roleProcessRoleType="5" actionType="DEAL" taskPolicy="ONLY" acceptOver="0" dealOver="0" hasDeploy="1" operate="add" hasSubFlow="0">
		<fieldrels>
			<fieldrel id="549cb4de0290271" stepNo="step06" baseSchema="CDB_SERVICEREQUEST" fieldID="549cb3990290250" visiable="1" required="0" fieldType="HiddenField"/>
			<fieldrel id="54caf2e80A60373" stepNo="step06" baseSchema="CDB_SERVICEREQUEST" fieldID="54caf2410A60251" visiable="1" required="0" fieldType="TimeField"/>
			<fieldrel id="5459c65705F0400" stepNo="step06" baseSchema="CDB_SERVICEREQUEST" fieldID="5459c55c05F0398" visiable="0" required="0" fieldType="CharacterField"/>
			<fieldrel id="549cb4de0290273" stepNo="step06" baseSchema="CDB_SERVICEREQUEST" fieldID="549cb3bd0290251" visiable="1" required="0" fieldType="HiddenField"/>
			<fieldrel id="54a126aa0290256" stepNo="step06" baseSchema="CDB_SERVICEREQUEST" fieldID="54a126770290254" visiable="1" required="0" fieldType="HiddenField"/>
			<fieldrel id="549cb4de0290272" stepNo="step06" baseSchema="CDB_SERVICEREQUEST" fieldID="549cb3d40290252" visiable="1" required="0" fieldType="HiddenField"/>
			<fieldrel id="546ff36b0290727" stepNo="step06" baseSchema="CDB_SERVICEREQUEST" fieldID="544df18007F0595" visiable="0" required="0" fieldType="CharacterField"/>
			<fieldrel id="54a0b5600290622" stepNo="step06" baseSchema="CDB_SERVICEREQUEST" fieldID="54a0b54d0290621" visiable="1" required="0" fieldType="HiddenField"/>
			<fieldrel id="549cb4de0290270" stepNo="step06" baseSchema="CDB_SERVICEREQUEST" fieldID="549cb3ec0290253" visiable="1" required="0" fieldType="HiddenField"/>
			<fieldrel id="549ba50e0291252" stepNo="step06" baseSchema="CDB_SERVICEREQUEST" fieldID="549b83dd0290662" visiable="1" required="0" fieldType="CollectField"/>
			<fieldrel id="54d02d9e03E0706" stepNo="step06" baseSchema="CDB_SERVICEREQUEST" fieldID="54d02d6003E0704" visiable="0" required="0" fieldType="HiddenField"/>
			<fieldrel id="54a0ba300291165" stepNo="step06" baseSchema="CDB_SERVICEREQUEST" fieldID="544df1e507F0598" visiable="0" required="0" fieldType="CharacterField"/>
			<fieldrel id="54a3aeb50291371" stepNo="step06" baseSchema="CDB_SERVICEREQUEST" fieldID="54a3ae770291370" visiable="1" required="0" fieldType="CharacterField"/>
			<fieldrel id="546ff36b0290728" stepNo="step06" baseSchema="CDB_SERVICEREQUEST" fieldID="544df1b307F0596" visiable="0" required="0" fieldType="CharacterField"/>
			<fieldrel id="546c50c50292553" stepNo="step06" baseSchema="CDB_SERVICEREQUEST" fieldID="546c48f60291678" visiable="1" required="1" fieldType="CharacterField"/>
			<fieldrel id="54d02d9e03E0705" stepNo="step06" baseSchema="CDB_SERVICEREQUEST" fieldID="54d02d3b03E0703" visiable="0" required="0" fieldType="HiddenField"/>
			<fieldrel id="54caf2e80A60372" stepNo="step06" baseSchema="CDB_SERVICEREQUEST" fieldID="54caf21f0A60250" visiable="1" required="0" fieldType="TimeField"/>
		</fieldrels>
		<actions>
			<action id="5455b59008C0369" stepNo="step06" baseSchema="CDB_SERVICEREQUEST" label="退回" actionName="ToBackToAcceptFromDeal" actionType="NEXT" isFree="0" hasNext="1" description="此工单退还给上一环节处理人" isClose="1" hasDeploy="1" operate="add">
				<fieldrels>
					<fieldrel id="546704870170617" stepNo="step06" baseSchema="CDB_SERVICEREQUEST" actionName="ToBackToAcceptFromDeal" fieldID="5466f66f0171080" visiable="1" required="0" fieldType="CollectField"/>
					<fieldrel id="5459cb3705F0338" stepNo="step06" baseSchema="CDB_SERVICEREQUEST" actionName="ToBackToAcceptFromDeal" fieldID="544de3b207F0206" visiable="1" required="1" fieldType="CharacterField"/>
				</fieldrels>
			</action>
			<action id="546dbd230290419" stepNo="step06" baseSchema="CDB_SERVICEREQUEST" label="保存" actionName="ToSaveDeal" actionType="SAVE" isFree="0" hasNext="0" description="保存" isClose="0" hasDeploy="1" operate="add">
				<fieldrels/>
			</action>
			<action id="54589ca905F0224" stepNo="step06" baseSchema="CDB_SERVICEREQUEST" label="受理" actionName="ToAcceptDeal" actionType="ACCEPT" isFree="0" hasNext="0" description="确认受理工单，点击后，方可对工单进行下一步操作" isClose="0" hasDeploy="1" operate="add">
				<fieldrels/>
			</action>
			<action id="5459c9be05F0207" stepNo="step06" baseSchema="CDB_SERVICEREQUEST" label="转派" actionName="ToRenextToDeal" actionType="RENEXT" isFree="0" hasNext="1" description="点击此按钮，可以将工单转交给其他处理组" isClose="1" hasDeploy="1" operate="add">
				<fieldrels>
					<fieldrel id="5459c9cf05F0208" stepNo="step06" baseSchema="CDB_SERVICEREQUEST" actionName="ToRenextToDeal" fieldID="5451a4a608C0334" visiable="1" required="1" fieldType="AssignTreeField"/>
					<fieldrel id="546d89850292926" stepNo="step06" baseSchema="CDB_SERVICEREQUEST" actionName="ToRenextToDeal" fieldID="544de3b207F0206" visiable="1" required="1" fieldType="CharacterField"/>
					<fieldrel id="546704990170618" stepNo="step06" baseSchema="CDB_SERVICEREQUEST" actionName="ToRenextToDeal" fieldID="5466f66f0171080" visiable="1" required="0" fieldType="CollectField"/>
				</fieldrels>
			</action>
			<action id="5455b3b708C0367" stepNo="step06" baseSchema="CDB_SERVICEREQUEST" label="处理完成" actionName="ToDealFinishFromDeal" actionType="NEXT" isFree="0" hasNext="1" description="对此工单处理完成后，点击此按钮可以将工单转交给关单人" isClose="1" hasDeploy="1" operate="add">
				<fieldrels>
					<fieldrel id="5455b3cf08C0368" stepNo="step06" baseSchema="CDB_SERVICEREQUEST" actionName="ToDealFinishFromDeal" fieldID="544de3b207F0206" visiable="1" required="1" fieldType="CharacterField"/>
					<fieldrel id="546703380170289" stepNo="step06" baseSchema="CDB_SERVICEREQUEST" actionName="ToDealFinishFromDeal" fieldID="5466f66f0171080" visiable="1" required="0" fieldType="CollectField"/>
					<fieldrel id="5465a2bb0171717" stepNo="step06" baseSchema="CDB_SERVICEREQUEST" actionName="ToDealFinishFromDeal" fieldID="5456458208C0434" visiable="1" required="1" fieldType="SelectField"/>
				</fieldrels>
			</action>
		</actions>
	</step>
	<step id="5455afbd08C0336" stepNo="step05" baseSchema="CDB_SERVICEREQUEST" description="审批" roleName="审批人" roleID="AUDIT_PERSON" roleProcessRoleType="5" actionType="DEAL" taskPolicy="ONLY" acceptOver="0" dealOver="0" hasDeploy="1" operate="add" hasSubFlow="0">
		<fieldrels>
			<fieldrel id="549cb4c60290268" stepNo="step05" baseSchema="CDB_SERVICEREQUEST" fieldID="549cb3d40290252" visiable="1" required="0" fieldType="HiddenField"/>
			<fieldrel id="546ff2fd0290540" stepNo="step05" baseSchema="CDB_SERVICEREQUEST" fieldID="544df18007F0595" visiable="0" required="0" fieldType="CharacterField"/>
			<fieldrel id="549cb4c60290267" stepNo="step05" baseSchema="CDB_SERVICEREQUEST" fieldID="549cb3990290250" visiable="1" required="0" fieldType="HiddenField"/>
			<fieldrel id="549cb4c60290266" stepNo="step05" baseSchema="CDB_SERVICEREQUEST" fieldID="549cb3ec0290253" visiable="1" required="0" fieldType="HiddenField"/>
			<fieldrel id="545624e908C0599" stepNo="step05" baseSchema="CDB_SERVICEREQUEST" fieldID="54559d8f08C0240" visiable="0" required="0" fieldType="HiddenField"/>
			<fieldrel id="549cb4c60290269" stepNo="step05" baseSchema="CDB_SERVICEREQUEST" fieldID="549cb3bd0290251" visiable="1" required="0" fieldType="HiddenField"/>
			<fieldrel id="546dc5770290986" stepNo="step05" baseSchema="CDB_SERVICEREQUEST" fieldID="546dc5140290862" visiable="1" required="1" fieldType="HiddenField"/>
		</fieldrels>
		<actions>
			<action id="546dc4210290861" stepNo="step05" baseSchema="CDB_SERVICEREQUEST" label="受理" actionName="ToAcceptAudit" actionType="ACCEPT" isFree="0" hasNext="0" description="确认受理工单，点击后，方可对工单进行下一步操作" isClose="0" hasDeploy="1" operate="add">
				<fieldrels/>
			</action>
			<action id="5455b04308C0362" stepNo="step05" baseSchema="CDB_SERVICEREQUEST" label="通过" actionName="ToPass" actionType="NEXT" isFree="0" hasNext="1" description="点击此按钮确认审批通过并填写意见，此工单可以流转到下一环节处理人" isClose="1" hasDeploy="1" operate="add">
				<fieldrels>
					<fieldrel id="54cf3bd90292227" stepNo="step05" baseSchema="CDB_SERVICEREQUEST" actionName="ToPass" fieldID="54cf3b330292223" visiable="0" required="0" fieldType="HiddenField"/>
					<fieldrel id="545f62d305F0848" stepNo="step05" baseSchema="CDB_SERVICEREQUEST" actionName="ToPass" fieldID="5456458208C0434" visiable="0" required="0" fieldType="SelectField"/>
					<fieldrel id="5469fbf80290327" stepNo="step05" baseSchema="CDB_SERVICEREQUEST" actionName="ToPass" fieldID="545f29cb05F0795" visiable="1" required="0" fieldType="SelectField"/>
					<fieldrel id="5467032a0170288" stepNo="step05" baseSchema="CDB_SERVICEREQUEST" actionName="ToPass" fieldID="5466f66f0171080" visiable="1" required="0" fieldType="CollectField"/>
					<fieldrel id="5469f3610291054" stepNo="step05" baseSchema="CDB_SERVICEREQUEST" actionName="ToPass" fieldID="545f11c805F0250" visiable="1" required="0" fieldType="CharacterField"/>
					<fieldrel id="5455b18f08C0364" stepNo="step05" baseSchema="CDB_SERVICEREQUEST" actionName="ToPass" fieldID="544de3b207F0206" visiable="1" required="1" fieldType="CharacterField"/>
					<fieldrel id="545aca2605F0630" stepNo="step05" baseSchema="CDB_SERVICEREQUEST" actionName="ToPass" fieldID="5451a4a608C0334" visiable="1" required="0" fieldType="AssignTreeField"/>
					<fieldrel id="545ac8e305F0209" stepNo="step05" baseSchema="CDB_SERVICEREQUEST" actionName="ToPass" fieldID="545ac8a605F0208" visiable="1" required="0" fieldType="CollectField"/>
				</fieldrels>
			</action>
			<action id="5455b17a08C0363" stepNo="step05" baseSchema="CDB_SERVICEREQUEST" label="不通过" actionName="ToNoPass" actionType="NEXT" isFree="0" hasNext="1" description="点击此按钮确认审批不通过并填写意见，此工单会流转到下一环节处理人" isClose="1" hasDeploy="1" operate="add">
				<fieldrels>
					<fieldrel id="5455b1a008C0365" stepNo="step05" baseSchema="CDB_SERVICEREQUEST" actionName="ToNoPass" fieldID="544de3b207F0206" visiable="1" required="1" fieldType="CharacterField"/>
					<fieldrel id="546704690170616" stepNo="step05" baseSchema="CDB_SERVICEREQUEST" actionName="ToNoPass" fieldID="5466f66f0171080" visiable="1" required="0" fieldType="CollectField"/>
				</fieldrels>
			</action>
		</actions>
	</step>
	<step id="54519f1908C0268" stepNo="step03" baseSchema="CDB_SERVICEREQUEST" description="受理" roleName="受理人" roleID="ACCEPT_PERSON" roleProcessRoleType="5" actionType="DEAL" taskPolicy="ONLY" acceptOver="0" dealOver="0" hasDeploy="1" operate="add" hasSubFlow="0">
		<fieldrels>
			<fieldrel id="54caf2c00A60371" stepNo="step03" baseSchema="CDB_SERVICEREQUEST" fieldID="54caf2410A60251" visiable="1" required="0" fieldType="TimeField"/>
			<fieldrel id="549cb4b20290264" stepNo="step03" baseSchema="CDB_SERVICEREQUEST" fieldID="549cb3d40290252" visiable="1" required="0" fieldType="HiddenField"/>
			<fieldrel id="54d96e7803E1470" stepNo="step03" baseSchema="CDB_SERVICEREQUEST" fieldID="54d02d6003E0704" visiable="0" required="0" fieldType="HiddenField"/>
			<fieldrel id="54a0b5780290623" stepNo="step03" baseSchema="CDB_SERVICEREQUEST" fieldID="54a0b54d0290621" visiable="1" required="0" fieldType="HiddenField"/>
			<fieldrel id="54a1269d0290255" stepNo="step03" baseSchema="CDB_SERVICEREQUEST" fieldID="54a126770290254" visiable="1" required="0" fieldType="HiddenField"/>
			<fieldrel id="549cb4b20290263" stepNo="step03" baseSchema="CDB_SERVICEREQUEST" fieldID="549cb3990290250" visiable="1" required="0" fieldType="HiddenField"/>
			<fieldrel id="545724d708C0381" stepNo="step03" baseSchema="CDB_SERVICEREQUEST" fieldID="544df18007F0595" visiable="0" required="0" fieldType="CharacterField"/>
			<fieldrel id="550a8d5303D0514" stepNo="step03" baseSchema="CDB_SERVICEREQUEST" fieldID="550a8c7803D0495" visiable="1" required="0" fieldType="CharacterField"/>
			<fieldrel id="550a8d5303D0510" stepNo="step03" baseSchema="CDB_SERVICEREQUEST" fieldID="550a8c1c03D0492" visiable="1" required="0" fieldType="CharacterField"/>
			<fieldrel id="550a8d5303D0511" stepNo="step03" baseSchema="CDB_SERVICEREQUEST" fieldID="550a8c3603D0493" visiable="1" required="0" fieldType="CharacterField"/>
			<fieldrel id="54a0ba140291164" stepNo="step03" baseSchema="CDB_SERVICEREQUEST" fieldID="544df1e507F0598" visiable="0" required="0" fieldType="CharacterField"/>
			<fieldrel id="549cb4b20290265" stepNo="step03" baseSchema="CDB_SERVICEREQUEST" fieldID="549cb3bd0290251" visiable="1" required="0" fieldType="HiddenField"/>
			<fieldrel id="549cb4b20290262" stepNo="step03" baseSchema="CDB_SERVICEREQUEST" fieldID="549cb3ec0290253" visiable="1" required="0" fieldType="HiddenField"/>
			<fieldrel id="54acebbe0CA1178" stepNo="step03" baseSchema="CDB_SERVICEREQUEST" fieldID="549b83dd0290662" visiable="1" required="0" fieldType="CollectField"/>
			<fieldrel id="550a8d5303D0512" stepNo="step03" baseSchema="CDB_SERVICEREQUEST" fieldID="550a8cba03D0496" visiable="1" required="0" fieldType="CharacterField"/>
			<fieldrel id="546c51a20292770" stepNo="step03" baseSchema="CDB_SERVICEREQUEST" fieldID="546c48f60291678" visiable="1" required="0" fieldType="CharacterField"/>
			<fieldrel id="54acebbe0CA1179" stepNo="step03" baseSchema="CDB_SERVICEREQUEST" fieldID="54a3ae770291370" visiable="1" required="0" fieldType="CharacterField"/>
			<fieldrel id="550a8d5303D0515" stepNo="step03" baseSchema="CDB_SERVICEREQUEST" fieldID="550a8cdb03D0497" visiable="1" required="0" fieldType="CharacterField"/>
			<fieldrel id="54caf2c00A60370" stepNo="step03" baseSchema="CDB_SERVICEREQUEST" fieldID="54caf21f0A60250" visiable="1" required="0" fieldType="TimeField"/>
			<fieldrel id="550a8d5303D0513" stepNo="step03" baseSchema="CDB_SERVICEREQUEST" fieldID="550a8c5903D0494" visiable="1" required="0" fieldType="CharacterField"/>
			<fieldrel id="54d96e7803E1469" stepNo="step03" baseSchema="CDB_SERVICEREQUEST" fieldID="54d02d3b03E0703" visiable="0" required="0" fieldType="HiddenField"/>
			<fieldrel id="54588cb105F0214" stepNo="step03" baseSchema="CDB_SERVICEREQUEST" fieldID="544df1b307F0596" visiable="0" required="0" fieldType="CharacterField"/>
		</fieldrels>
		<actions>
			<action id="546dbc570290418" stepNo="step03" baseSchema="CDB_SERVICEREQUEST" label="保存" actionName="ToSaveAccept" actionType="SAVE" isFree="0" hasNext="0" description="保存" isClose="0" hasDeploy="1" operate="add">
				<fieldrels/>
			</action>
			<action id="54519f8108C0269" stepNo="step03" baseSchema="CDB_SERVICEREQUEST" label="受理" actionName="ToAcceptAccept" actionType="ACCEPT" isFree="0" hasNext="0" description="确认受理工单，点击后，方可对工单进行下一步操作" isClose="0" hasDeploy="1" operate="add">
				<fieldrels/>
			</action>
			<action id="54588f2a05F0432" stepNo="step03" baseSchema="CDB_SERVICEREQUEST" label="转派" actionName="ToRenextToAccept" actionType="RENEXT" isFree="0" hasNext="1" description="点击此按钮，可以将工单转交给其他处理组" isClose="1" hasDeploy="1" operate="add">
				<fieldrels>
					<fieldrel id="54588f4d05F0434" stepNo="step03" baseSchema="CDB_SERVICEREQUEST" actionName="ToRenextToAccept" fieldID="5451a4a608C0334" visiable="1" required="1" fieldType="AssignTreeField"/>
					<fieldrel id="546704230170614" stepNo="step03" baseSchema="CDB_SERVICEREQUEST" actionName="ToRenextToAccept" fieldID="5466f66f0171080" visiable="1" required="0" fieldType="CollectField"/>
					<fieldrel id="54588f4d05F0433" stepNo="step03" baseSchema="CDB_SERVICEREQUEST" actionName="ToRenextToAccept" fieldID="544de3b207F0206" visiable="1" required="1" fieldType="CharacterField"/>
				</fieldrels>
			</action>
			<action id="5458962305F0562" stepNo="step03" baseSchema="CDB_SERVICEREQUEST" label="提交处理" actionName="ToDealFromAccept" actionType="NEXT" isFree="0" hasNext="1" description="将填写的服务请求或事件信息提交给相应处理组" isClose="1" hasDeploy="1" operate="add">
				<fieldrels>
					<fieldrel id="5458966905F0564" stepNo="step03" baseSchema="CDB_SERVICEREQUEST" actionName="ToDealFromAccept" fieldID="544de3b207F0206" visiable="1" required="0" fieldType="CharacterField"/>
					<fieldrel id="5467031e0170287" stepNo="step03" baseSchema="CDB_SERVICEREQUEST" actionName="ToDealFromAccept" fieldID="5466f66f0171080" visiable="1" required="0" fieldType="CollectField"/>
					<fieldrel id="546d82f50292141" stepNo="step03" baseSchema="CDB_SERVICEREQUEST" actionName="ToDealFromAccept" fieldID="545f29cb05F0795" visiable="1" required="0" fieldType="SelectField"/>
					<fieldrel id="546d82f50292139" stepNo="step03" baseSchema="CDB_SERVICEREQUEST" actionName="ToDealFromAccept" fieldID="545f11c805F0250" visiable="1" required="0" fieldType="CharacterField"/>
					<fieldrel id="54cf3b700292226" stepNo="step03" baseSchema="CDB_SERVICEREQUEST" actionName="ToDealFromAccept" fieldID="54cf3b330292223" visiable="0" required="0" fieldType="HiddenField"/>
					<fieldrel id="5465b15f0173398" stepNo="step03" baseSchema="CDB_SERVICEREQUEST" actionName="ToDealFromAccept" fieldID="5456458208C0434" visiable="0" required="0" fieldType="SelectField"/>
				</fieldrels>
			</action>
			<action id="545736f308C0202" stepNo="step03" baseSchema="CDB_SERVICEREQUEST" label="提交审批" actionName="ToAudit" actionType="NEXT" isFree="0" hasNext="1" description="服务请求内容需要审批处理的，点击此按钮后可提交到相关审批人" isClose="1" hasDeploy="1" operate="add">
				<fieldrels>
					<fieldrel id="546702e80170285" stepNo="step03" baseSchema="CDB_SERVICEREQUEST" actionName="ToAudit" fieldID="5466f66f0171080" visiable="1" required="0" fieldType="CollectField"/>
					<fieldrel id="545867d705F0651" stepNo="step03" baseSchema="CDB_SERVICEREQUEST" actionName="ToAudit" fieldID="5456458208C0434" visiable="0" required="0" fieldType="SelectField"/>
					<fieldrel id="545f615e05F0490" stepNo="step03" baseSchema="CDB_SERVICEREQUEST" actionName="ToAudit" fieldID="545f29cb05F0795" visiable="1" required="0" fieldType="SelectField"/>
					<fieldrel id="545f615e05F0489" stepNo="step03" baseSchema="CDB_SERVICEREQUEST" actionName="ToAudit" fieldID="545f11c805F0250" visiable="1" required="0" fieldType="CharacterField"/>
					<fieldrel id="5459f40705F0426" stepNo="step03" baseSchema="CDB_SERVICEREQUEST" actionName="ToAudit" fieldID="5451a4a608C0334" visiable="1" required="0" fieldType="AssignTreeField"/>
					<fieldrel id="545895b205F0561" stepNo="step03" baseSchema="CDB_SERVICEREQUEST" actionName="ToAudit" fieldID="5458959005F0560" visiable="1" required="1" fieldType="CharacterField"/>
					<fieldrel id="54d034a703E0426" stepNo="step03" baseSchema="CDB_SERVICEREQUEST" actionName="ToAudit" fieldID="54cf3b330292223" visiable="1" required="1" fieldType="HiddenField"/>
				</fieldrels>
			</action>
			<action id="5458964905F0563" stepNo="step03" baseSchema="CDB_SERVICEREQUEST" label="处理完成" actionName="ToDealFinishFromAccept" actionType="NEXT" isFree="0" hasNext="1" description="对此工单处理完成后，点击此按钮可以将工单转交给关单人" isClose="1" hasDeploy="1" operate="add">
				<fieldrels>
					<fieldrel id="5458967505F0566" stepNo="step03" baseSchema="CDB_SERVICEREQUEST" actionName="ToDealFinishFromAccept" fieldID="544de3b207F0206" visiable="1" required="1" fieldType="CharacterField"/>
					<fieldrel id="5465acae0172872" stepNo="step03" baseSchema="CDB_SERVICEREQUEST" actionName="ToDealFinishFromAccept" fieldID="5456458208C0434" visiable="1" required="1" fieldType="SelectField"/>
					<fieldrel id="546703120170286" stepNo="step03" baseSchema="CDB_SERVICEREQUEST" actionName="ToDealFinishFromAccept" fieldID="5466f66f0171080" visiable="1" required="0" fieldType="CollectField"/>
				</fieldrels>
			</action>
			<action id="5458b65605F0202" stepNo="step03" baseSchema="CDB_SERVICEREQUEST" label="退回" actionName="ToBackToRequestFromAccept" actionType="NEXT" isFree="0" hasNext="1" description="此工单退还给上一环节处理人" isClose="1" hasDeploy="1" operate="add">
				<fieldrels>
					<fieldrel id="54519f8908C0270" stepNo="step03" baseSchema="CDB_SERVICEREQUEST" actionName="ToBackToRequestFromAccept" fieldID="544de3b207F0206" visiable="1" required="1" fieldType="CharacterField"/>
					<fieldrel id="546704370170615" stepNo="step03" baseSchema="CDB_SERVICEREQUEST" actionName="ToBackToRequestFromAccept" fieldID="5466f66f0171080" visiable="1" required="0" fieldType="CollectField"/>
				</fieldrels>
			</action>
		</actions>
	</step>
	<step id="549244530290253" stepNo="step02" baseSchema="CDB_SERVICEREQUEST" description="申请审批" roleName="申请审批人" roleID="request_audit_person" roleProcessRoleType="5" actionType="DEAL" taskPolicy="SHARE" acceptOver="0" dealOver="0" hasDeploy="1" operate="add" hasSubFlow="0">
		<fieldrels>
			<fieldrel id="550a8d3903D0504" stepNo="step02" baseSchema="CDB_SERVICEREQUEST" fieldID="550a8c1c03D0492" visiable="1" required="0" fieldType="CharacterField"/>
			<fieldrel id="54a0b2b50290298" stepNo="step02" baseSchema="CDB_SERVICEREQUEST" fieldID="54a0b28d0290296" visiable="1" required="0" fieldType="HiddenField"/>
			<fieldrel id="550a8d3903D0506" stepNo="step02" baseSchema="CDB_SERVICEREQUEST" fieldID="550a8cba03D0496" visiable="1" required="0" fieldType="CharacterField"/>
			<fieldrel id="550a8d3903D0507" stepNo="step02" baseSchema="CDB_SERVICEREQUEST" fieldID="550a8c5903D0494" visiable="1" required="0" fieldType="CharacterField"/>
			<fieldrel id="549cb4a00290261" stepNo="step02" baseSchema="CDB_SERVICEREQUEST" fieldID="549cb3bd0290251" visiable="1" required="0" fieldType="HiddenField"/>
			<fieldrel id="549274200290734" stepNo="step02" baseSchema="CDB_SERVICEREQUEST" fieldID="5465a3a30171862" visiable="0" required="0" fieldType="HiddenField"/>
			<fieldrel id="550a8d3903D0508" stepNo="step02" baseSchema="CDB_SERVICEREQUEST" fieldID="550a8c7803D0495" visiable="1" required="0" fieldType="CharacterField"/>
			<fieldrel id="550a8d3903D0509" stepNo="step02" baseSchema="CDB_SERVICEREQUEST" fieldID="550a8cdb03D0497" visiable="1" required="0" fieldType="CharacterField"/>
			<fieldrel id="549cb4a00290258" stepNo="step02" baseSchema="CDB_SERVICEREQUEST" fieldID="549cb3ec0290253" visiable="1" required="0" fieldType="HiddenField"/>
			<fieldrel id="549274200290733" stepNo="step02" baseSchema="CDB_SERVICEREQUEST" fieldID="545c283105F0369" visiable="0" required="0" fieldType="HiddenField"/>
			<fieldrel id="549cb4a00290260" stepNo="step02" baseSchema="CDB_SERVICEREQUEST" fieldID="549cb3d40290252" visiable="1" required="0" fieldType="HiddenField"/>
			<fieldrel id="550a8d3903D0505" stepNo="step02" baseSchema="CDB_SERVICEREQUEST" fieldID="550a8c3603D0493" visiable="1" required="0" fieldType="CharacterField"/>
			<fieldrel id="549cb4a00290259" stepNo="step02" baseSchema="CDB_SERVICEREQUEST" fieldID="549cb3990290250" visiable="1" required="0" fieldType="HiddenField"/>
		</fieldrels>
		<actions>
			<action id="549244b80290254" stepNo="step02" baseSchema="CDB_SERVICEREQUEST" label="通过" actionName="ToPassRequestAudit" actionType="NEXT" isFree="0" hasNext="1" description="点击此按钮确认审批通过并填写意见，此工单可以流转到下一环节处理人" isClose="1" hasDeploy="1" operate="add">
				<fieldrels>
					<fieldrel id="54926a120290944" stepNo="step02" baseSchema="CDB_SERVICEREQUEST" actionName="ToPassRequestAudit" fieldID="5456458208C0434" visiable="0" required="0" fieldType="SelectField"/>
					<fieldrel id="54d072d50290277" stepNo="step02" baseSchema="CDB_SERVICEREQUEST" actionName="ToPassRequestAudit" fieldID="545ac8a605F0208" visiable="1" required="0" fieldType="CollectField"/>
					<fieldrel id="54d072d50290278" stepNo="step02" baseSchema="CDB_SERVICEREQUEST" actionName="ToPassRequestAudit" fieldID="5451a4a608C0334" visiable="0" required="0" fieldType="AssignTreeField"/>
					<fieldrel id="549244cc0290256" stepNo="step02" baseSchema="CDB_SERVICEREQUEST" actionName="ToPassRequestAudit" fieldID="544de3b207F0206" visiable="1" required="1" fieldType="CharacterField"/>
					<fieldrel id="54926a120290946" stepNo="step02" baseSchema="CDB_SERVICEREQUEST" actionName="ToPassRequestAudit" fieldID="5466f66f0171080" visiable="1" required="0" fieldType="CollectField"/>
					<fieldrel id="54926a120290945" stepNo="step02" baseSchema="CDB_SERVICEREQUEST" actionName="ToPassRequestAudit" fieldID="545f29cb05F0795" visiable="1" required="0" fieldType="SelectField"/>
					<fieldrel id="54926a120290942" stepNo="step02" baseSchema="CDB_SERVICEREQUEST" actionName="ToPassRequestAudit" fieldID="545f11c805F0250" visiable="1" required="0" fieldType="CharacterField"/>
					<fieldrel id="54cf3b600292225" stepNo="step02" baseSchema="CDB_SERVICEREQUEST" actionName="ToPassRequestAudit" fieldID="54cf3b330292223" visiable="0" required="0" fieldType="HiddenField"/>
				</fieldrels>
			</action>
			<action id="549244fd0290257" stepNo="step02" baseSchema="CDB_SERVICEREQUEST" label="不通过" actionName="ToNoPassRequestAudit" actionType="NEXT" isFree="0" hasNext="1" description="点击此按钮确认审批不通过并填写意见，此工单会流转到下一环节处理人" isClose="1" hasDeploy="1" operate="add">
				<fieldrels>
					<fieldrel id="54926b290291347" stepNo="step02" baseSchema="CDB_SERVICEREQUEST" actionName="ToNoPassRequestAudit" fieldID="5466f66f0171080" visiable="1" required="0" fieldType="CollectField"/>
					<fieldrel id="549245100290258" stepNo="step02" baseSchema="CDB_SERVICEREQUEST" actionName="ToNoPassRequestAudit" fieldID="544de3b207F0206" visiable="1" required="0" fieldType="CharacterField"/>
				</fieldrels>
			</action>
		</actions>
	</step>
</steps>
