<?xml version="1.0" encoding="UTF-8"?>

<workflow> 
  <start to="dp_1" statusId="s_1"/>  
  <steps> 
    <step id="dp_1" stepNo="step01" stepGroup="" statusId="s_1" desc="受理建单" taskPolicy="SHARE" auto="false" acceptOver="0" dealOver="0" type="DEAL"> 
      <prefuncs> 
        <func id="0">defaultDefInFunction</func> 
      </prefuncs>  
      <actor id="actor" roleID="R0" roleName="建单人" actorType="5" conditionsDesc=""/>  
      <actions> 
        <action id="0" name="提交处理" actionNo="ASSIGNStep01" linkpri="1" assignTree="" remap="0"> 
          <to stepId="dp_2"/> 
        </action>  
        <action id="1" name="关单" actionNo="ToFinishStep01" linkpri="1" assignTree="" remap="0"> 
          <to endId="dp_4"/> 
        </action> 
      </actions>  
      <metas> 
        <meta id="0" name="CUSTOMACTIONS"/>  
        <meta id="1" name="FLAGASSIGN">0</meta>  
        <meta id="2" name="FLAGCANCEL">0</meta>  
        <meta id="3" name="FLAGCLOSE">0</meta>  
        <meta id="4" name="FLAGCOPY">0</meta>  
        <meta id="5" name="FLAGRECALL">0</meta>  
        <meta id="6" name="FLAGSAVE">0</meta>  
        <meta id="7" name="FLAGTOASSISTAUDITING">0</meta>  
        <meta id="8" name="FLAGTOAUDITING">0</meta>  
        <meta id="9" name="FLAGTRANSFER">0</meta>  
        <meta id="10" name="FLAGTURNUP">0</meta> 
      </metas>  
      <subflows> 
        <condition/> 
      </subflows>  
      <postfuncs> 
        <func id="0">defaultDefOutFunction</func> 
      </postfuncs> 
    </step>  
    <step id="dp_2" stepNo="step02" stepGroup="" statusId="s_2" desc="处理中" taskPolicy="SHARE" auto="false" acceptOver="0" dealOver="0" type="DEAL"> 
      <prefuncs> 
        <func id="0">defaultDefInFunction</func> 
      </prefuncs>  
      <actor id="actor" roleID="R4" roleName="处理人" actorType="5" conditionsDesc=""/>  
      <actions> 
        <action id="0" name="处理完成" actionNo="ToFinishProcessing" linkpri="1" assignTree="" remap="0"> 
          <to stepId="dp_3"/> 
        </action>  
        <action id="1" name="退回" actionNo="SendBackProcessing" linkpri="1" assignTree="" remap="0"> 
          <to stepId="dp_1"/> 
        </action> 
      </actions>  
      <metas> 
        <meta id="0" name="CUSTOMACTIONS"/>  
        <meta id="1" name="FLAGASSIGN">0</meta>  
        <meta id="2" name="FLAGCANCEL">0</meta>  
        <meta id="3" name="FLAGCLOSE">0</meta>  
        <meta id="4" name="FLAGCOPY">0</meta>  
        <meta id="5" name="FLAGRECALL">0</meta>  
        <meta id="6" name="FLAGSAVE">0</meta>  
        <meta id="7" name="FLAGTOASSISTAUDITING">0</meta>  
        <meta id="8" name="FLAGTOAUDITING">0</meta>  
        <meta id="9" name="FLAGTRANSFER">0</meta>  
        <meta id="10" name="FLAGTURNUP">0</meta> 
      </metas>  
      <subflows> 
        <condition/> 
      </subflows>  
      <postfuncs> 
        <func id="0">defaultDefOutFunction</func> 
      </postfuncs> 
    </step>  
    <step id="dp_3" stepNo="step03" stepGroup="" statusId="s_3" desc="回顾" taskPolicy="SHARE" auto="false" acceptOver="0" dealOver="0" type="DEAL"> 
      <prefuncs> 
        <func id="0">defaultDefInFunction</func> 
      </prefuncs>  
      <actor id="actor" roleID="R5" roleName="建单人" actorType="1" conditionsDesc="">roleKey:$CreateUser$</actor>  
      <actions> 
        <action id="0" name="关单" actionNo="ToClose" linkpri="1" assignTree="" remap="0"> 
          <to endId="dp_4"/> 
        </action>  
        <action id="1" name="退回" actionNo="SendBackReview" linkpri="1" assignTree="" remap="0"> 
          <to stepId="dp_2"/> 
        </action> 
      </actions>  
      <metas> 
        <meta id="0" name="CUSTOMACTIONS"/>  
        <meta id="1" name="FLAGASSIGN">0</meta>  
        <meta id="2" name="FLAGCANCEL">0</meta>  
        <meta id="3" name="FLAGCLOSE">0</meta>  
        <meta id="4" name="FLAGCOPY">0</meta>  
        <meta id="5" name="FLAGRECALL">0</meta>  
        <meta id="6" name="FLAGSAVE">0</meta>  
        <meta id="7" name="FLAGTOASSISTAUDITING">0</meta>  
        <meta id="8" name="FLAGTOAUDITING">0</meta>  
        <meta id="9" name="FLAGTRANSFER">0</meta>  
        <meta id="10" name="FLAGTURNUP">0</meta> 
      </metas>  
      <subflows> 
        <condition/> 
      </subflows>  
      <postfuncs> 
        <func id="0">defaultDefOutFunction</func> 
      </postfuncs> 
    </step> 
  </steps>  
  <splits/>  
  <joins/>  
  <ends> 
    <end id="dp_4" statusId="s_5"/> 
  </ends>  
  <statuses> 
    <status id="s_1" name="受理建单"/>  
    <status id="s_2" name="处理中"/>  
    <status id="s_3" name="待关闭"/>  
    <status id="s_5" name="已关闭"/> 
  </statuses> 
</workflow>
